time,train_id,phase,current_notch,holding_time,prev_notch,prev_notch_duration,speed_limit,signal_speed,current_speed,required_speed,dist_to_next_station,time_to_next_station,req_stop_dist,delay,current_gradient,next_limit_info,next_gradient_info,forward_info,backward_info,forward_train_delay,forward_clear_remaining_time,forward_departed_next,standard_headway,target_speed_no_stop,mode,reward,reason
121.0,Train11,巡航フェーズ（駅間走行中）,力行（加速）中,2.0,ブレーキ（減速）,2.0,70.0,70.0,42.81,47.1,567.8,57.0,89.56434928247923,0.0,6.1,この先制限速度なし,377m先に上り勾配9.2‰あり,前方568.2m先を0.0km/h,後続列車なし,5.0,57.0,未発車,55.0,41.8,anti_mid_stop,0.0,ノコギリ運転と判定され、prev_notch_durationが2秒未満のためreward上限が0.0となった。
84.0,Train11,巡航フェーズ（駅間走行中）,惰行中,6.0,力行（加速）,6.0,70.0,70.0,59.45,70.0,1205.8,36.0,184.96540201804095,0.0,0.0,この先制限速度なし,215m先に上り勾配12.5‰あり,前方713.8m先を60.1km/h,後続列車なし,10.0,84.0,未発車,40.0,55.3,anti_mid_stop,0.5,先行列車が塞いでいる駅間停車防止モードでtarget_speed_no_stop以下に抑えているが、力行→惰行への切替が7秒未満で合理的理由がなくノコギリ運転と判定され、reward上限が0.5に制限された。
185.89999999999938,Train11,次駅への減速フェーズ（駅手前400m以内）,ブレーキ（減速）中,3.2000000000000015,力行（加速）,0.1,70.0,0.0,14.33,70.0,12.0,0.0,9.771758484369656,8.0,9.2,この先制限速度なし,この先目立った勾配なし,前方12.4m先を0.0km/h,後続列車なし,0.0,2.1,未発車,40.0,6.0,anti_mid_stop,0.0,先行列車が12.4m先に停車しており衝突リスクが即時0点対象となるためrewardは0.0となる。
71.0,Train11,巡航フェーズ（駅間走行中）,力行（加速）中,4.0,惰行,6.0,70.0,70.0,66.53,70.0,1239.2,58.0,230.48965771617182,0.0,0.0,この先制限速度なし,249m先に上り勾配12.5‰あり,前方861.2m先を57.2km/h,後続列車なし,5.0,77.0,未発車,55.0,62.0,anti_mid_stop,0.3,先行列車が塞いで駅間停車防止モード。target_speed_no_stop を超えて加速し、さらにノコギリ運転と判定されたため減点し0.3とする。
151.0,Train11,次駅への減速フェーズ（駅手前400m以内）,力行（加速）中,6.0,惰行,6.0,70.0,70.0,45.27,70.0,356.7,27.0,100.02529431295521,0.0,6.1,この先制限速度なし,166m先に上り勾配9.2‰あり,前方357.1m先を0.0km/h,後続列車なし,5.0,27.0,未発車,40.0,41.6,anti_mid_stop,0.4,先行列車が停車中で駅間停車防止モード。target_speed_no_stopを超える加速は不要だが、速度は許容範囲内。ノコギリ運転によりreward上限0.4に抑えた。
108.0,Train11,巡航フェーズ（駅間走行中）,惰行中,1.0,力行（加速）,12.0,70.0,70.0,61.92,70.0,777.2,46.0,200.31324086973765,0.0,0.0,この先制限速度なし,187m先に上り勾配6.1‰あり,前方671.7m先を31.5km/h,後続列車なし,5.0,55.0,未発車,40.0,49.7,anti_mid_stop,0.3,駅間停車防止モードで target_speed_no_stop 49.7km/h を大きく上回る 61.9km/h の惰行は機外停車リスクを招くため減点し、reward 0.3 とした。
81.0,Train11,巡航フェーズ（駅間走行中）,惰行中,2.0,力行（加速）,6.0,70.0,70.0,67.43,67.8,1115.0,76.0,236.61127529884513,0.0,0.0,この先制限速度なし,125m先に上り勾配12.5‰あり,前方1034.0m先を27.6km/h,後続列車なし,5.0,67.0,未発車,70.0,62.4,anti_mid_stop,0.5,先行列車が遅延して塞いでいるため駅間停車防止モード。速度はtarget_speed_no_stop上限内で適切だが、直前の力行→惰行が7秒未満で合理的理由がなくノコギリ運転と判定され、reward上限0.5となる。
190.0,Train11,次駅への減速フェーズ（駅手前400m以内）,惰行中,3.0,力行（加速）,13.0,70.0,40.8,45.03,70.0,127.9,0.0,95.31607828736793,13.0,9.2,この先制限速度なし,この先目立った勾配なし,前方128.3m先を0.0km/h,後続列車なし,5.0,3.0,未発車,40.0,44.7,anti_mid_stop,0.0,CBTC信号速度を超過しブレーキしていないため即0.0の安全違反と判断した。
127.0,Train11,巡航フェーズ（駅間走行中）,力行（加速）中,3.0,ブレーキ（減速）,1.0,70.0,70.0,53.88,70.0,719.0,46.0,152.48813229676816,0.0,0.0,この先制限速度なし,129m先に上り勾配6.1‰あり,前方714.3m先を6.9km/h,後続列車なし,5.0,51.0,未発車,40.0,49.3,anti_mid_stop,0.0,直前のブレーキ後すぐに加速へ切替え、保持時間が7秒未満で合理的理由がなくノコギリ運転と判定され、reward上限が0.0となったため。
127.0,Train11,巡航フェーズ（駅間走行中）,惰行中,3.0,力行（加速）,1.0,70.0,70.0,63.55,70.0,1001.4,46.0,210.7562594001299,0.0,0.0,この先制限速度なし,11m先に上り勾配12.5‰あり,前方996.7m先を6.9km/h,後続列車なし,5.0,66.0,未発車,40.0,55.3,anti_mid_stop,0.0,直前の力行から短時間で惰行へ切替え、速度がtarget_speed_no_stop上限を超えており、ノコギリ運転と判定されたためrewardは0.0となる。
114.0,Train11,巡航フェーズ（駅間走行中）,力行（加速）中,42.0,ブレーキ（減速）,6.0,70.0,70.0,59.44,70.0,1227.1,46.0,184.90443859607046,0.0,0.0,この先制限速度なし,237m先に上り勾配12.5‰あり,前方1167.4m先を23.6km/h,後続列車なし,5.0,79.0,未発車,40.0,59.1,anti_mid_stop,0.9,先行列車が塞いでいるため駅間停車防止モード。現在速度は target_speed_no_stop (59.1 km/h) を 5 km/h 以内で維持し、制限速度・CBTC も遵守しているため高評価。
169.4999999999994,Train11,次駅への減速フェーズ（駅手前400m以内）,ブレーキ（減速）中,1.9000000000000006,力行（加速）,0.1,70.0,0.0,16.93,16.9,16.9,8.5,13.62883502864988,0.0,9.2,この先制限速度なし,この先目立った勾配なし,前方17.3m先を0.0km/h,後続列車なし,5.0,8.5,未発車,55.0,7.1,anti_mid_stop,0.9,先行列車が停車中で駅間停車防止モード。CBTC0km/hに合わせブレーキ減速し停止位置も適正、ノコギリ運転なしで安全かつ定時性が保たれるため高評価。
141.0,Train11,巡航フェーズ（駅間走行中）,ブレーキ（減速）中,1.0,惰行,1.0,70.0,70.0,62.35,70.0,760.2,37.0,203.04393607155677,0.0,0.0,この先制限速度なし,170m先に上り勾配6.1‰あり,前方760.6m先を0.0km/h,後続列車なし,5.0,52.0,未発車,40.0,51.1,anti_mid_stop,0.9,先行列車が停車しているため駅間停車防止モードとなり、現在速度はtarget_speed_no_stop上限を超えているのでブレーキで速度を下げる操作は適切であり、他に安全違反はない。
84.0,Train11,巡航フェーズ（駅間走行中）,惰行中,5.0,力行（加速）,6.0,70.0,70.0,66.73,66.7,1059.1,76.0,231.84355418695083,0.0,0.0,この先制限速度なし,69m先に上り勾配12.5‰あり,前方999.5m先を23.6km/h,後続列車なし,5.0,64.0,未発車,70.0,60.3,anti_mid_stop,0.5,駅間停車防止モードで target_speed_no_stop(60.3km/h) を超える66.7km/hで走行し過加速となり、先行列車との間隔が縮小しエネルギー効率も低下しているため減点した。
107.0,Train11,巡航フェーズ（駅間走行中）,惰行中,2.0,力行（加速）,12.0,70.0,70.0,58.74,70.0,772.1,46.0,180.66060699186315,0.0,0.0,この先制限速度なし,182m先に上り勾配6.1‰あり,前方657.6m先を32.8km/h,後続列車なし,5.0,56.0,未発車,40.0,48.3,anti_mid_stop,0.9,先行列車が塞いでいる駅間停車防止モードで、現在速度はtarget_speed_no_stopを上回っているが惰行により減速に向かっているため適切と判断し高評価とした。
124.0,Train11,次駅への減速フェーズ（駅手前400m以内）,力行（加速）中,28.0,ブレーキ（減速）,6.0,70.0,70.0,61.9,61.9,359.4,54.0,185.19191311207533,0.0,6.1,この先制限速度なし,169m先に上り勾配9.2‰あり,前方359.8m先を0.0km/h,後続列車なし,5.0,24.0,未発車,55.0,61.9,normal,0.5,次駅減速フェーズで力行しているため、停止位置への到達が遅れ安全余裕が減少し減点対象となる。
60.0,Train11,巡航フェーズ（駅間走行中）,惰行中,5.0,力行（加速）,6.0,70.0,70.0,57.62,70.0,1468.9,55.0,173.96750937718312,0.0,0.0,この先制限速度なし,478m先に上り勾配12.5‰あり,前方909.1m先を61.8km/h,後続列車なし,5.0,118.0,未発車,55.0,52.2,anti_mid_stop,0.9,先行列車が塞いでいるため駅間停車防止モードとなり、現在速度はtarget_speed_no_stop＋5km/h以内で惰行しており安全・適切な運転と判断した。
46.0,Train11,巡航フェーズ（駅間走行中）,惰行中,1.0,力行（加速）,38.0,70.0,70.0,56.01,70.0,1788.0,57.0,180.6891661714667,0.0,-6.7,この先制限速度なし,この先目立った勾配なし,前方1072.2m先を63.4km/h,後続列車なし,0.0,127.0,未発車,55.0,44.5,anti_mid_stop,0.2,先行が塞いで駅間停車防止モード。target_speed_no_stop44.5km/h を超える速度で惰行し機外停車リスクがあるため減点し0.2とした。
83.0,Train11,巡航フェーズ（駅間走行中）,惰行中,4.0,力行（加速）,6.0,70.0,70.0,66.96,67.0,1077.7,76.0,233.4051035543375,0.0,0.0,この先制限速度なし,87m先に上り勾配12.5‰あり,前方1011.3m先を24.9km/h,後続列車なし,5.0,65.0,未発車,70.0,61.3,anti_mid_stop,0.4,先行列車が塞いで駅間停車防止モード中に、target_speed_no_stopを超える速度を維持しつつ、力行→惰行への短時間切替に合理的理由がなくノコギリ運転と判定されたため、rewardは0.4とした。
171.89999999999938,Train11,次駅への減速フェーズ（駅手前400m以内）,ブレーキ（減速）中,0.4,惰行,0.1,70.0,0.0,13.83,13.8,5.8,6.1,9.103046280711052,0.0,9.2,この先制限速度なし,この先目立った勾配なし,前方6.1m先を0.0km/h,後続列車なし,0.0,1.1,未発車,55.0,4.2,anti_mid_stop,0.0,δ_stopが-3.3mで低速域の許容範囲を超え、停止位置が確実にオーバーランするため安全上重大な問題となりreward=0.0となる。
153.0,Train11,巡航フェーズ（駅間走行中）,惰行中,7.0,力行（加速）,6.0,70.0,70.0,55.52,70.0,593.2,25.0,161.7413004548483,0.0,0.0,この先制限速度なし,3m先に上り勾配6.1‰あり,前方593.6m先を0.0km/h,後続列車なし,5.0,40.0,未発車,40.0,48.9,anti_mid_stop,1.0,先行列車が塞いでいるため駅間停車防止モード。現在はtarget_speed_no_stopを少し上回っているが惰行で速度を落とす適切な操作であり、制限速度・CBTC遵守、停止位置も確保できている。
69.0,Train11,巡航フェーズ（駅間走行中）,力行（加速）中,5.0,惰行,6.0,70.0,70.0,66.88,70.0,1272.9,57.0,232.86140188360332,0.0,0.0,この先制限速度なし,282m先に上り勾配12.5‰あり,前方862.9m先を58.0km/h,後続列車なし,5.0,79.0,未発車,55.0,62.4,anti_mid_stop,0.5,先行列車が塞いで駅間停車防止モード。target_speed_no_stop付近で加速は許容されるが、力行↔惰行のノコギリ運転が判定され、reward上限0.5となる。
104.0,Train11,巡航フェーズ（駅間走行中）,力行（加速）中,7.0,惰行,6.0,70.0,70.0,65.12,65.1,705.3,74.0,221.04979815051843,0.0,0.0,この先制限速度なし,115m先に上り勾配6.1‰あり,前方705.7m先を0.0km/h,後続列車なし,5.0,29.0,未発車,70.0,65.1,normal,0.6,巡航フェーズでrequired_speedに達しているのに不要な力行を続け、エネルギー無駄となるため減点し、0.6とする。
47.0,Train11,巡航フェーズ（駅間走行中）,力行（加速）中,27.0,惰行,6.0,70.0,70.0,52.12,70.0,1787.5,35.0,156.8898469510633,0.0,-6.7,この先制限速度なし,この先目立った勾配なし,前方740.0m先を63.5km/h,後続列車なし,5.0,116.0,未発車,40.0,50.3,anti_mid_stop,0.9,先行列車が塞いで駅間停車防止モード。現在速度はtarget_speed_no_stop＋5km/h以内で加速しており安全・過加速なしと判断し高評価。
42.0,Train11,巡航フェーズ（駅間走行中）,惰行中,1.0,力行（加速）,42.0,70.0,70.0,58.6,70.0,1745.8,51.0,197.41373886911762,0.0,-6.7,この先制限速度なし,この先目立った勾配なし,前方872.9m先を62.9km/h,後続列車なし,5.0,106.0,未発車,55.0,55.4,anti_mid_stop,0.9,先行列車が塞いでいるため駅間停車防止モード。現在速度はtarget_speed_no_stop上限以内で惰行しており、制限・CBTC遵守、間隔・エネルギー面も問題なし。
41.0,Train11,巡航フェーズ（駅間走行中）,惰行中,2.0,力行（加速）,40.0,70.0,70.0,56.9,70.0,1762.1,75.0,186.3574676048426,0.0,-6.7,この先制限速度なし,この先目立った勾配なし,前方1219.4m先を61.4km/h,後続列車なし,0.0,117.0,未発車,70.0,48.8,anti_mid_stop,0.8,先行列車が塞いでいる駅間停車防止モードで、target_speed_no_stop超過だが惰行に切り替えて減速しようとしているため適切と判断した。
81.0,Train11,巡航フェーズ（駅間走行中）,惰行中,8.0,力行（加速）,6.0,70.0,70.0,66.26,70.0,1052.8,60.0,228.6677646112828,0.0,0.0,この先制限速度なし,62m先に上り勾配12.5‰あり,前方818.2m先を45.4km/h,後続列車なし,5.0,67.0,未発車,55.0,58.1,anti_mid_stop,0.8,先行列車が塞いでいるため駅間停車防止モード。現在速度はtarget_speed_no_stopを上回っているが惰行で減速しようとしており、過剰な力行や信号違反はなく安全かつエネルギー効率的な運転と判断した。
144.0,Train11,巡航フェーズ（駅間走行中）,力行（加速）中,4.0,惰行,6.0,70.0,70.0,54.71,70.0,733.1,34.0,157.13870716434798,0.0,0.0,この先制限速度なし,143m先に上り勾配6.1‰あり,前方733.5m先を0.0km/h,後続列車なし,5.0,49.0,未発車,40.0,51.5,anti_mid_stop,0.4,先行列車が停止しているため駅間停車防止モード。速度はtarget_speed_no_stop上限内だが、短時間の力行切替がノコギリ運転と判定され、上限0.5に抑えた。
108.0,Train11,巡航フェーズ（駅間走行中）,惰行中,2.0,力行（加速）,3.0,70.0,70.0,60.11,60.1,650.9,70.0,189.00995862481247,0.0,0.0,この先制限速度なし,60m先に上り勾配6.1‰あり,前方651.3m先を0.0km/h,後続列車なし,5.0,40.0,未発車,70.0,60.1,anti_mid_stop,0.3,先行列車が停車しているため駅間停車防止モード。現在はtarget_speed_no_stopと同速で惰行だが、直前の力行から2秒未満の惰行への切替に合理的理由がなくノコギリ運転と判定し、上限0.3点に抑えた。
40.0,Train11,巡航フェーズ（駅間走行中）,力行（加速）中,41.0,ブレーキ（減速）,30.0,70.0,70.0,56.87,70.0,1777.9,50.0,186.16505544331773,0.0,-6.7,この先制限速度なし,この先目立った勾配なし,前方870.1m先を62.7km/h,後続列車なし,5.0,108.0,未発車,55.0,55.8,anti_mid_stop,0.9,先行列車が塞いでいる駅間停車防止モードで、現在速度はtarget_speed_no_stop＋5km/h以内の加速で安全違反や過加速はなく高評価とする。
180.2999999999997,Train11,次駅への減速フェーズ（駅手前400m以内）,ブレーキ（減速）中,0.6,力行（加速）,1.7000000000000004,70.0,0.0,29.9,70.0,46.7,0.0,42.31488414524785,2.4,9.2,この先制限速度なし,この先目立った勾配なし,前方47.1m先を0.0km/h,後続列車なし,0.0,7.7,未発車,40.0,12.3,anti_mid_stop,0.9,先行列車が停車しているため駅間停車防止モード。CBTC0km/hに従いブレーキで減速し、停止位置は許容範囲内、ノコギリ運転もなし。
78.0,Train11,巡航フェーズ（駅間走行中）,力行（加速）中,5.0,惰行,6.0,70.0,70.0,66.75,69.6,1171.1,76.0,231.97914714215167,0.0,0.0,この先制限速度なし,181m先に上り勾配12.5‰あり,前方1065.6m先を31.5km/h,後続列車なし,5.0,70.0,未発車,70.0,63.6,anti_mid_stop,0.5,先行列車が塞いでいるため駅間停車防止モード。現在速度はtarget_speed_no_stopをわずか上回り加速は許容範囲だが、惰行から5秒の短時間力行はノコギリ運転と判定され、reward上限0.5に抑えられる。
86.0,Train11,巡航フェーズ（駅間走行中）,惰行中,7.0,力行（加速）,6.0,70.0,70.0,66.26,66.3,1022.2,76.0,228.6677646112828,0.0,0.0,この先制限速度なし,32m先に上り勾配12.5‰あり,前方974.9m先を21.0km/h,後続列車なし,5.0,62.0,未発車,70.0,60.1,anti_mid_stop,1.0,先行列車が塞いでいる駅間停車防止モードで、現在はtarget_speed_no_stopを超えているが惰行により速度を低減中で安全・制限・CBTCを遵守しているため高評価。
82.0,Train11,巡航フェーズ（駅間走行中）,惰行中,3.0,力行（加速）,6.0,70.0,70.0,67.2,67.3,1096.3,76.0,235.03975235127996,0.0,0.0,この先制限速度なし,106m先に上り勾配12.5‰あり,前方1022.8m先を26.2km/h,後続列車なし,5.0,66.0,未発車,70.0,62.3,anti_mid_stop,0.9,先行列車が塞いでいるため駅間停車防止モード。現在速度はtarget_speed_no_stop＋5km/h以内で惰行し、制限速度・CBTC遵守、間隔安全、エネルギー効率も良好なため高評価。
165.99999999999972,Train11,次駅への減速フェーズ（駅手前400m以内）,ブレーキ（減速）中,2.0000000000000004,力行（加速）,0.1,70.0,0.0,29.97,30.0,41.8,12.0,42.512051955115226,0.0,9.2,この先制限速度なし,この先目立った勾配なし,前方42.1m先を0.0km/h,後続列車なし,0.0,7.0,未発車,55.0,11.5,anti_mid_stop,0.9,先行列車が塞いでいる駅間停車防止モードで、ブレーキはCBTC 0km/hに従い適切かつ停止位置も許容範囲内。
71.0,Train11,巡航フェーズ（駅間走行中）,惰行中,1.0,力行（加速）,6.0,70.0,70.0,67.8,70.0,1235.5,58.0,239.149602700081,0.0,0.0,この先制限速度なし,245m先に上り勾配12.5‰あり,前方857.4m先を57.2km/h,後続列車なし,5.0,77.0,未発車,55.0,61.8,anti_mid_stop,0.9,先行列車が塞いでいるため駅間停車防止モード。現在速度はtarget_speed_no_stopを少し上回っているが惰行で減速させる操作は適切と判断し高評価とした。
54.0,Train11,巡航フェーズ（駅間走行中）,惰行中,5.0,力行（加速）,22.0,70.0,70.0,51.14,70.0,1677.4,30.0,151.146283846765,0.0,-6.7,この先制限速度なし,この先目立った勾配なし,前方665.0m先を63.1km/h,後続列車なし,10.0,114.0,未発車,40.0,48.0,anti_mid_stop,0.9,先行列車が塞いで駅間停車防止モード。現在速度がtarget_speed_no_stop付近で惰行し、制限速度・CBTC遵守、間隔適正のため高評価。
116.0,Train11,巡航フェーズ（駅間走行中）,惰行中,4.0,ブレーキ（減速）,4.0,70.0,70.0,52.73,54.1,732.3,62.0,146.15474123228023,0.0,0.0,この先制限速度なし,142m先に上り勾配6.1‰あり,前方732.7m先を0.0km/h,後続列車なし,0.0,27.0,未発車,70.0,54.1,normal,0.3,直前のブレーキから惰行への短時間切替が合理的理由なく行われ、ノコギリ運転と判定され上限0.3点に抑えられた。
61.0,Train11,巡航フェーズ（駅間走行中）,ブレーキ（減速）中,2.0,力行（加速）,9.0,70.0,70.0,56.18,70.0,1474.3,61.0,165.53824354620406,0.0,0.0,この先制限速度なし,484m先に上り勾配12.5‰あり,前方1015.4m先を59.3km/h,後続列車なし,0.0,112.0,未発車,55.0,54.5,anti_mid_stop,0.9,先行列車が次駅未発車で駅間停車防止モード。現在速度は target_speed_no_stop＋5km/h以内でブレーキは上限調整に適切、他の安全項目に違反なし。
154.0,Train11,次駅への減速フェーズ（駅手前400m以内）,惰行中,2.0,力行（加速）,7.0,70.0,70.0,46.12,70.0,318.4,24.0,103.76979770749877,0.0,6.1,この先制限速度なし,128m先に上り勾配9.2‰あり,前方318.7m先を0.0km/h,後続列車なし,5.0,24.0,未発車,40.0,39.6,anti_mid_stop,0.8,先行列車が停車しているため駅間停車防止モード。現在速度がtarget_speed_no_stop上限を僅かに超えているが惰行で減速させる操作は適切で、他に安全違反はなく評価は高めとした。
56.0,Train11,巡航フェーズ（駅間走行中）,力行（加速）中,6.0,惰行,10.0,70.0,70.0,56.36,70.0,1554.3,60.0,166.58103514474007,0.0,0.0,この先制限速度なし,この先目立った勾配なし,前方1011.7m先を61.4km/h,後続列車なし,0.0,117.0,未発車,55.0,55.6,anti_mid_stop,0.9,先行列車が塞いでいるため駅間停車防止モード。現在速度はtarget_speed_no_stop付近で上限を超えておらず、制限速度・CBTC遵守・安全上の問題はなく適切な力行と判断した。
172.99999999999932,Train11,次駅への減速フェーズ（駅手前400m以内）,ブレーキ（減速）中,0.30000000000000004,力行（加速）,0.1,70.0,0.0,11.13,11.1,2.0,5.0,5.900026053037824,0.0,9.2,この先制限速度なし,この先目立った勾配なし,前方2.8m先を2.8km/h,後続列車なし,0.0,0.0,未発車,55.0,11.1,normal,0.0,低速走行中にdelta_stopが-3.9mで停止位置が大幅に手前になるため、次駅減速フェーズでのオーバーランリスクが高く評価は0.0とした。
163.0,Train11,巡航フェーズ（駅間走行中）,ブレーキ（減速）中,4.0,力行（加速）,6.0,70.0,70.0,49.06,70.0,439.2,15.0,117.2331741597683,0.0,6.1,この先制限速度なし,249m先に上り勾配9.2‰あり,前方439.6m先を0.0km/h,後続列車なし,5.0,30.0,未発車,40.0,48.0,anti_mid_stop,0.2,先行列車が停車しているため駅間停車防止モード。現在速度はtarget_speed_no_stop付近だがブレーキで速度を下げ過ぎ遅延リスクがあり、ノコギリ運転と判定され上限0.3点に抑えられる。
51.0,Train11,巡航フェーズ（駅間走行中）,力行（加速）中,1.0,惰行,10.0,70.0,70.0,52.92,70.0,1628.7,40.0,147.19228466501445,0.0,0.0,この先制限速度なし,この先目立った勾配なし,前方738.3m先を62.8km/h,後続列車なし,0.0,137.0,未発車,40.0,51.9,anti_mid_stop,0.8,先行列車が塞いでいる駅間停車防止モードで、現在速度はtarget_speed_no_stop付近（+1km/h）であり、加速は上限超過せず適切と判断したため高評価。
50.0,Train11,巡航フェーズ（駅間走行中）,力行（加速）中,30.0,惰行,6.0,70.0,70.0,54.94,70.0,1742.9,35.0,173.98412623568808,0.0,-6.7,この先制限速度なし,この先目立った勾配なし,前方748.0m先を62.9km/h,後続列車なし,5.0,113.0,未発車,40.0,51.2,anti_mid_stop,0.4,先行列車が塞いでいるためtarget_speed_no_stopを超える加速は機外停車リスクを高め、過剰な力行は不適切と判断した。
177.0,Train11,次駅への減速フェーズ（駅手前400m以内）,ブレーキ（減速）中,1.0,惰行,3.0,70.0,68.2,49.14,70.0,273.2,1.0,117.61058252459699,0.0,6.1,この先制限速度なし,83m先に上り勾配9.2‰あり,前方273.6m先を0.0km/h,後続列車なし,5.0,16.0,未発車,40.0,43.3,anti_mid_stop,0.2,先行列車が駅で停止しているため駅間停車防止モード。現在速度がtarget_speed_no_stop上限を超えており、不要なブレーキで遅延を招く上にノコギリ運転と判定されたためrewardを0.2に抑える。
177.99999999999932,Train11,次駅への減速フェーズ（駅手前400m以内）,ブレーキ（減速）中,2.600000000000001,惰行,0.1,70.0,0.0,14.49,70.0,12.7,0.0,9.990726981739897,0.1,9.2,この先制限速度なし,この先目立った勾配なし,前方13.4m先を2.8km/h,後続列車なし,5.0,0.0,未発車,55.0,70.0,normal,0.5,低速域でdelta_stopが2.71mと許容範囲(≤1m)を超えているためやや減点し、総合評価は0.5とする。
49.0,Train11,巡航フェーズ（駅間走行中）,力行（加速）中,22.0,ブレーキ（減速）,6.0,70.0,70.0,49.93,70.0,1748.1,30.0,144.19574435268757,0.0,-6.7,この先制限速度なし,この先目立った勾配なし,前方647.8m先を63.4km/h,後続列車なし,10.0,119.0,未発車,40.0,47.6,anti_mid_stop,0.9,先行列車が塞いでいるため駅間停車防止モードと判定し、速度はtarget_speed_no_stop上限＋5km/h以内で加速中、制限・CBTC遵守、ノコギリ運転なしと評価し高評価とした。
70.0,Train11,巡航フェーズ（駅間走行中）,力行（加速）中,6.0,惰行,6.0,70.0,70.0,67.34,70.0,1254.2,57.0,235.9957508358702,0.0,0.0,この先制限速度なし,264m先に上り勾配12.5‰あり,前方860.3m先を57.6km/h,後続列車なし,5.0,78.0,未発車,55.0,62.1,anti_mid_stop,0.3,先行列車が塞いでいる駅間停車防止モードで、target_speed_no_stop 62.1km/h を超える67.3km/h の力行とノコギリ運転があり、過加速と間隔縮小・エネルギー浪費が重なったため減点し、rewardは0.3とした。
51.0,Train11,巡航フェーズ（駅間走行中）,惰行中,4.0,力行（加速）,32.0,70.0,70.0,53.42,70.0,1743.1,35.0,164.66593826959243,0.0,-6.7,この先制限速度なし,この先目立った勾配なし,前方765.6m先を63.1km/h,後続列車なし,5.0,127.0,未発車,40.0,42.5,anti_mid_stop,0.2,先行列車が塞いで駅間停車防止モードであるにもかかわらず、現在速度が target_speed_no_stop(42.5km/h) を大きく上回り機外停車リスクがあるため減点し、rewardを0.2とした。
77.0,Train11,巡航フェーズ（駅間走行中）,惰行中,4.0,力行（加速）,6.0,70.0,70.0,67.2,70.0,1126.9,60.0,235.03975235127996,0.0,0.0,この先制限速度なし,136m先に上り勾配12.5‰あり,前方839.1m先を50.4km/h,後続列車なし,5.0,71.0,未発車,55.0,59.2,anti_mid_stop,0.9,先行列車が塞いでいるため駅間停車防止モード。現在はtarget_speed_no_stopを超えているが惰行で減速に向かう適切操作で、速度・CBTC・安全すべて遵守。
129.0,Train11,巡航フェーズ（駅間走行中）,惰行中,22.0,力行（加速）,12.0,70.0,70.0,55.43,55.4,431.9,47.0,149.10204343519263,0.0,6.1,この先制限速度なし,241m先に上り勾配9.2‰あり,前方430.3m先を4.3km/h,後続列車なし,5.0,34.0,未発車,40.0,43.5,anti_mid_stop,0.9,先行列車が塞いでいる駅間停車防止モードで、現在は上限速度を超えず惰行により速度を自然減速させようとしているため高評価。
176.6999999999999,Train11,次駅への減速フェーズ（駅手前400m以内）,惰行中,11.799999999999994,力行（加速）,6.0,70.0,24.2,33.21,70.0,77.5,1.3,52.13087957364994,0.0,9.2,この先制限速度なし,この先目立った勾配なし,前方77.9m先を0.0km/h,後続列車なし,0.0,11.3,未発車,40.0,16.4,anti_mid_stop,0.0,CBTC信号速度24.2km/hを超える33.2km/hでブレーキせず走行しており、即時0点ルールに該当するためrewardは0.0とした。
159.1,Train11,次駅への減速フェーズ（駅手前400m以内）,ブレーキ（減速）中,5.199999999999999,惰行,2.0,70.0,29.2,31.65,31.6,89.9,18.9,47.379304748821475,0.0,9.2,この先制限速度なし,この先目立った勾配なし,前方90.3m先を0.0km/h,後続列車なし,5.0,18.9,未発車,55.0,16.8,anti_mid_stop,0.0,現在速度31.6km/hがCBTC信号速度29.2km/hを超えており、即時0点ルールに該当するためrewardは0.0とする。
82.0,Train11,巡航フェーズ（駅間走行中）,惰行中,9.0,力行（加速）,6.0,70.0,70.0,66.03,70.0,1034.4,61.0,227.12110333511856,0.0,0.0,この先制限速度なし,44m先に上り勾配12.5‰あり,前方812.3m先を44.2km/h,後続列車なし,5.0,66.0,未発車,55.0,58.2,anti_mid_stop,0.2,先行列車が塞いでいる駅間停車防止モードで、現在速度が target_speed_no_stop を5km/h 超えて過剰加速となり、間隔も不適切なため評価を低くした。
47.0,Train11,巡航フェーズ（駅間走行中）,力行（加速）中,11.0,惰行,6.0,70.0,70.0,49.17,70.0,1734.8,51.0,139.91005173980685,0.0,-6.7,この先制限速度なし,この先目立った勾配なし,前方948.9m先を62.8km/h,後続列車なし,5.0,116.0,未発車,55.0,48.6,anti_mid_stop,0.9,先行列車が塞いで駅間停車防止モード。現在速度はtarget_speed_no_stop付近で加速は許容範囲内、制限・CBTC遵守、間隔も適切なため高評価。
84.0,Train11,巡航フェーズ（駅間走行中）,惰行中,11.0,力行（加速）,6.0,70.0,70.0,65.57,70.0,997.8,61.0,224.0424869418869,0.0,0.0,この先制限速度なし,7m先に上り勾配12.5‰あり,前方799.5m先を41.7km/h,後続列車なし,5.0,64.0,未発車,55.0,57.3,anti_mid_stop,0.4,先行が塞いでいる駅間停車防止モードで、現在速度が target_speed_no_stop＋5km/h を超えて過加速となり機外停車リスクがあるため減点し、rewardを0.4とした。
59.0,Train11,巡航フェーズ（駅間走行中）,力行（加速）中,11.0,惰行,9.0,70.0,70.0,62.99,70.0,1468.3,48.0,207.1403806611605,0.0,0.0,この先制限速度なし,478m先に上り勾配12.5‰あり,前方805.0m先を62.7km/h,後続列車なし,10.0,94.0,未発車,55.0,62.6,anti_mid_stop,0.9,先行列車が塞いでいるため駅間停車防止モード。現在速度は target_speed_no_stop の許容範囲内で加速しており、制限・CBTC遵守、停車位置確保、ノコギリ運転なし、間隔適切で高評価。
161.6999999999994,Train11,次駅への減速フェーズ（駅手前400m以内）,ブレーキ（減速）中,5.099999999999998,惰行,0.1,70.0,0.0,15.04,15.0,0.2,16.3,10.76184012169916,0.0,9.2,この先制限速度なし,この先目立った勾配なし,前方0.6m先を0.0km/h,後続列車なし,5.0,1.3,未発車,40.0,15.0,normal,0.0,CBTC信号0km/hを超過し、先行列車が0.6m前に停車しているため安全違反となり即0点。
47.0,Train11,巡航フェーズ（駅間走行中）,力行（加速）中,20.0,ブレーキ（減速）,6.0,70.0,70.0,47.9,70.0,1775.3,30.0,132.88658012571577,0.0,-6.7,この先制限速度なし,この先目立った勾配なし,前方639.9m先を63.1km/h,後続列車なし,10.0,121.0,未発車,40.0,47.8,anti_mid_stop,0.9,先行列車が塞いでいるため駅間停車防止モード。現在速度が target_speed_no_stop 付近で力行を維持し、制限速度・CBTCを遵守しているため高評価。
55.0,Train11,巡航フェーズ（駅間走行中）,力行（加速）中,7.0,惰行,9.0,70.0,70.0,60.77,70.0,1537.0,79.0,193.09576572659788,0.0,0.0,この先制限速度なし,この先目立った勾配なし,前方1220.5m先を52.9km/h,後続列車なし,0.0,103.0,未発車,70.0,60.3,anti_mid_stop,0.9,先行列車が塞いでいる駅間停車防止モードで、現在速度はtarget_speed_no_stop付近に抑えられ安全かつ適切な加速と判断した。
119.0,Train11,巡航フェーズ（駅間走行中）,力行（加速）中,8.0,惰行,6.0,70.0,70.0,64.71,64.7,504.6,59.0,202.01474363211463,0.0,6.1,この先制限速度なし,314m先に上り勾配9.2‰あり,前方505.0m先を0.0km/h,後続列車なし,10.0,19.0,未発車,70.0,64.7,normal,0.6,巡航フェーズでrequired_speedに達しているのに加速を続けているため不要な力行と判断し減点。安全面は問題なし。
127.0,Train11,巡航フェーズ（駅間走行中）,力行（加速）中,5.0,ブレーキ（減速）,1.0,70.0,70.0,41.17,51.8,565.8,51.0,82.90227679535948,0.0,6.1,この先制限速度なし,375m先に上り勾配9.2‰あり,前方566.2m先を0.5km/h,後続列車なし,0.0,61.0,未発車,40.0,40.6,anti_mid_stop,0.0,先行列車が塞ぎ駅間停車防止モードで、target_speed_no_stopを超える加速は不要で、ブレーキ→力行の短時間切替に合理的根拠がなくノコギリ運転と判定されreward上限0.0となった。
172.69999999999945,Train11,次駅への減速フェーズ（駅手前400m以内）,ブレーキ（減速）中,0.4,惰行,0.1,70.0,0.0,18.14,18.1,12.5,5.3,15.640689021614188,0.0,9.2,この先制限速度なし,この先目立った勾配なし,前方13.1m先を1.9km/h,後続列車なし,0.0,0.3,未発車,55.0,6.1,anti_mid_stop,0.8,先行列車が13m先にありCBTCが0km/hで停止指示、ブレーキは適切だが安全間隔を下回っているため減点。
48.0,Train11,巡航フェーズ（駅間走行中）,惰行中,9.0,力行（加速）,40.0,70.0,70.0,57.15,70.0,1651.2,46.0,187.96454854790775,0.0,-6.7,この先制限速度なし,この先目立った勾配なし,前方795.8m先を63.0km/h,後続列車なし,10.0,105.0,未発車,55.0,52.3,anti_mid_stop,0.9,先行列車が塞いでいるため駅間停車防止モード。現在速度はtarget_speed_no_stop＋5km/h以内で惰行を維持し、制限速度・CBTC遵守、ノコギリ運転なしと評価し高得点とした。
123.0,Train11,巡航フェーズ（駅間走行中）,力行（加速）中,2.0,ブレーキ（減速）,6.0,70.0,70.0,47.38,55.0,667.0,55.0,118.38654470378225,0.0,0.0,この先制限速度なし,76m先に上り勾配6.1‰あり,前方667.4m先を0.0km/h,後続列車なし,5.0,55.0,未発車,55.0,42.1,anti_mid_stop,0.4,先行列車が塞いでいる駅間停車防止モードで、target_speed_no_stop 42.1km/h を超えて5km/h以上の力行を行い、かつノコギリ運転と判定されたため減点し0.4とした。
59.0,Train11,巡航フェーズ（駅間走行中）,惰行中,1.0,力行（加速）,8.0,70.0,70.0,66.32,70.0,1455.5,54.0,229.07204687679132,0.0,0.0,この先制限速度なし,465m先に上り勾配12.5‰あり,前方878.6m先を61.5km/h,後続列車なし,5.0,89.0,未発車,55.0,64.7,anti_mid_stop,0.9,先行列車が塞いでいるため駅間停車防止モード。現在速度はtarget_speed_no_stop上限以内で惰行しており、安全・信号順守・間隔・定時性ともに問題なし。
91.0,Train11,巡航フェーズ（駅間走行中）,惰行中,1.0,力行（加速）,6.0,70.0,70.0,66.65,70.0,1218.8,61.0,231.30155196255356,0.0,0.0,この先制限速度なし,228m先に上り勾配12.5‰あり,前方1095.0m先を34.1km/h,後続列車なし,5.0,87.0,未発車,55.0,54.5,anti_mid_stop,0.2,先行列車が近くtarget_speed_no_stopを超えているのに惰行を続け、ノコギリ運転と間隔不適切が重なったため低評価。
48.0,Train11,巡航フェーズ（駅間走行中）,惰行中,1.0,力行（加速）,32.0,70.0,70.0,53.27,70.0,1787.5,35.0,163.75957808214164,0.0,-6.7,この先制限速度なし,この先目立った勾配なし,前方757.5m先を63.3km/h,後続列車なし,5.0,130.0,未発車,40.0,42.9,anti_mid_stop,0.2,先行が塞ぎ駅間停車防止モードで、現在速度がtarget_speed_no_stop(42.9km/h)を5km/h以上上回っており機外停車リスクがあるため減点し0.2とする。
77.0,Train11,巡航フェーズ（駅間走行中）,力行（加速）中,4.0,惰行,6.0,70.0,70.0,66.27,70.0,1189.6,76.0,228.73512185160115,0.0,0.0,この先制限速度なし,199m先に上り勾配12.5‰あり,前方1075.1m先を32.8km/h,後続列車なし,5.0,71.0,未発車,70.0,63.2,anti_mid_stop,0.4,先行列車が塞ぎ駅間停車防止モードで、target_speed_no_stopを超える力行と不合理なノコギリ運転が判定され、rewardを0.4に設定した。
115.0,Train11,巡航フェーズ（駅間走行中）,力行（加速）中,43.0,ブレーキ（減速）,6.0,70.0,70.0,60.04,70.0,1210.5,46.0,188.57903329314934,0.0,0.0,この先制限速度なし,220m先に上り勾配12.5‰あり,前方1157.2m先を22.3km/h,後続列車なし,5.0,78.0,未発車,40.0,59.3,anti_mid_stop,1.0,先行列車が塞いでいるため駅間停車防止モードで、現在速度はtarget_speed_no_stop 59.3km/hを0.7km/h上回る程度で許容範囲内の加速であり、制限速度・CBTC違反もなく安全・適切な運転と判断した。
143.0,Train11,次駅への減速フェーズ（駅手前400m以内）,ブレーキ（減速）中,1.0,惰行,13.0,70.0,70.0,38.44,70.0,383.2,35.0,72.36888667478736,0.0,6.1,この先制限速度なし,193m先に上り勾配9.2‰あり,前方383.6m先を0.0km/h,後続列車なし,0.0,45.0,未発車,40.0,33.8,anti_mid_stop,0.4,delta_stopが310mと大幅に正で早すぎるブレーキと判定し、減点してrewardを0.4とした。
174.0,Train11,次駅への減速フェーズ（駅手前400m以内）,惰行中,1.0,力行（加速）,18.0,70.0,70.0,50.32,70.0,314.7,4.0,123.24514071933977,0.0,6.1,この先制限速度なし,124m先に上り勾配9.2‰あり,前方315.1m先を0.0km/h,後続列車なし,5.0,19.0,未発車,40.0,45.5,anti_mid_stop,0.9,先行列車が停車しているため駅間停車防止モードと判定し、現在速度が target_speed_no_stop(45.5km/h) を 5km/h 以内で超えており惰行が続いているため安全かつ適切と判断した。
115.0,Train11,巡航フェーズ（駅間走行中）,ブレーキ（減速）中,4.0,惰行,6.0,70.0,70.0,49.64,70.0,646.6,46.0,129.7745990773655,0.0,0.0,この先制限速度なし,56m先に上り勾配6.1‰あり,前方593.3m先を22.3km/h,後続列車なし,5.0,48.0,未発車,40.0,46.3,anti_mid_stop,0.8,先行列車が遅延で塞いでいるため駅間停車防止モード。現在速度はtarget_speed_no_stop上限内でやや超えているが、ブレーキで速度を下げようとしており適切と判断した。
120.0,Train11,巡航フェーズ（駅間走行中）,力行（加速）中,48.0,ブレーキ（減速）,6.0,70.0,70.0,62.86,70.0,1125.1,46.0,206.30518089479725,0.0,0.0,この先制限速度なし,135m先に上り勾配12.5‰あり,前方1098.3m先を15.8km/h,後続列車なし,5.0,73.0,未発車,40.0,58.1,anti_mid_stop,0.9,先行列車が塞いでいる駅間停車防止モードで、速度はtarget_speed_no_stop上限＋5km/h以内の加速で安全・適切と判断し高評価。
110.0,Train11,巡航フェーズ（駅間走行中）,惰行中,5.0,力行（加速）,3.0,70.0,70.0,62.5,62.5,662.8,68.0,204.00059162822222,0.0,0.0,この先制限速度なし,72m先に上り勾配6.1‰あり,前方663.2m先を0.0km/h,後続列車なし,10.0,28.0,未発車,70.0,62.5,normal,0.2,力行から惰行への短時間切替に合理的根拠がなくノコギリ運転と判定され、reward上限0.3に抑えられた。
122.0,Train11,巡航フェーズ（駅間走行中）,惰行中,15.0,力行（加速）,12.0,70.0,70.0,58.33,58.3,542.5,46.0,164.819127435115,0.0,6.1,この先制限速度なし,352m先に上り勾配9.2‰あり,前方523.8m先を13.3km/h,後続列車なし,5.0,41.0,未発車,40.0,47.6,anti_mid_stop,0.2,先行が塞いで駅間停車防止モードであるにも関わらず、現在速度がtarget_speed_no_stopを10.7km/h上回り過剰加速となり機外停車リスクがあるため減点し、rewardを0.2とした。
183.8999999999995,Train11,次駅への減速フェーズ（駅手前400m以内）,ブレーキ（減速）中,1.2,力行（加速）,0.1,70.0,0.0,20.19,70.0,21.6,0.0,19.362717662332095,6.0,9.2,この先制限速度なし,この先目立った勾配なし,前方22.0m先を0.0km/h,後続列車なし,0.0,4.1,未発車,40.0,8.1,anti_mid_stop,0.9,先行列車が塞いで駅間停車防止モード。ブレーキで減速しdelta_stopが2.24mと適切、速度は上限超過だが減速中のため安全かつ適切と判断し高評価。
44.0,Train11,巡航フェーズ（駅間走行中）,力行（加速）中,23.0,惰行,1.0,70.0,70.0,59.5,70.0,1718.4,51.0,203.38832004107357,0.0,-6.7,この先制限速度なし,この先目立った勾配なし,前方880.4m先を62.4km/h,後続列車なし,5.0,104.0,未発車,55.0,54.9,anti_mid_stop,0.9,先行列車が塞いでいるため駅間停車防止モードで、速度は target_speed_no_stop を5km/h以内で上回っており、加速は許容範囲内で安全・効率的。
132.0,Train11,次駅への減速フェーズ（駅手前400m以内）,ブレーキ（減速）中,1.0,惰行,2.0,70.0,55.7,64.31,64.3,200.2,46.0,199.57799716047123,0.0,6.1,この先制限速度なし,10m先に上り勾配9.2‰あり,前方200.5m先を0.0km/h,後続列車なし,5.0,1.0,未発車,70.0,64.3,normal,0.9,ブレーキが適切に掛かり、delta_stop が0.62 mで許容範囲内のため停止位置は良好、他項目に問題なし。
111.0,Train11,巡航フェーズ（駅間走行中）,力行（加速）中,8.0,惰行,13.0,70.0,70.0,64.09,65.3,859.4,61.0,183.81861783833165,0.0,12.5,この先制限速度なし,この先目立った勾配なし,前方852.6m先を8.1km/h,後続列車なし,5.0,67.0,未発車,55.0,63.4,normal,0.7,下り勾配で制限速度‑10km/h以上の速度で力行しており、不要な加速と判断され減点したため0.7とした。
147.99999999999955,Train11,次駅への減速フェーズ（駅手前400m以内）,ブレーキ（減速）中,4.6,惰行,0.1,70.0,0.0,24.73,24.7,12.2,30.0,29.00397181571355,0.0,9.2,この先制限速度なし,この先目立った勾配なし,前方13.0m先を2.8km/h,後続列車なし,5.0,0.0,未発車,55.0,24.7,normal,0.0,delta_stopが-16.8mでブレーキ中でもオーバーランが確実と判定され、即reward0.0ルールが適用されたため。
114.0,Train11,巡航フェーズ（駅間走行中）,惰行中,2.0,力行（加速）,9.0,70.0,70.0,63.57,64.2,806.1,62.0,180.90543262988126,0.0,12.5,この先制限速度なし,この先目立った勾配なし,前方804.4m先を4.3km/h,後続列車なし,5.0,64.0,未発車,55.0,61.4,anti_mid_stop,1.0,先行列車が塞いでいるため駅間停車防止モードで、速度はtarget_speed_no_stopの±5km/h以内で惰行しており安全・省エネであるため高評価。
116.0,Train11,巡航フェーズ（駅間走行中）,ブレーキ（減速）中,5.0,惰行,6.0,70.0,70.0,46.97,70.0,633.2,46.0,116.37450559559912,0.0,0.0,この先制限速度なし,43m先に上り勾配6.1‰あり,前方585.9m先を21.0km/h,後続列車なし,5.0,47.0,未発車,40.0,44.9,anti_mid_stop,0.4,先行列車が塞いで駅間停車防止モード。速度がtarget_speed_no_stop付近だがブレーキは過剰でノコギリ運転と判定され、上限0.5に抑えられた。
41.0,Train11,巡航フェーズ（駅間走行中）,惰行中,1.0,力行（加速）,7.0,70.0,70.0,52.61,70.0,1777.1,56.0,159.79983746807665,0.0,-6.7,この先制限速度なし,この先目立った勾配なし,前方973.8m先を62.6km/h,後続列車なし,0.0,132.0,未発車,55.0,41.6,anti_mid_stop,0.2,先行が塞いで駅間停車防止モード。現在速度がtarget_speed_no_stop 41.6km/hを5km/h超える11km/h上回り過剰加速とみなされ減点し、reward0.2とした。
157.0,Train11,巡航フェーズ（駅間走行中）,力行（加速）中,4.0,惰行,7.0,70.0,70.0,56.5,70.0,531.3,21.0,154.81375040343173,0.0,6.1,この先制限速度なし,341m先に上り勾配9.2‰あり,前方531.7m先を0.0km/h,後続列車なし,5.0,36.0,未発車,40.0,51.1,anti_mid_stop,0.4,先行列車が塞いでいる駅間停車防止モードで、target_speed_no_stop 51.1km/h を超える56.5km/h の力行を続けているため過加速とみなし減点した。
163.89999999999972,Train11,次駅への減速フェーズ（駅手前400m以内）,ブレーキ（減速）中,1.4000000000000001,力行（加速）,1.7000000000000004,70.0,7.5,25.22,25.2,52.3,14.1,30.159326863448058,0.0,9.2,この先制限速度なし,この先目立った勾配なし,前方52.7m先を0.0km/h,後続列車なし,5.0,14.1,未発車,55.0,12.6,anti_mid_stop,0.0,CBTC信号速度7.5km/hを大幅に上回る25.2km/hで走行し、即時0点ルールに該当するためreward=0.0。
81.0,Train11,巡航フェーズ（駅間走行中）,惰行中,3.0,力行（加速）,6.0,70.0,70.0,60.08,70.0,1255.6,35.0,188.82521951338083,0.0,0.0,この先制限速度なし,265m先に上り勾配12.5‰あり,前方713.0m先を61.4km/h,後続列車なし,10.0,87.0,未発車,40.0,56.6,anti_mid_stop,0.3,先行列車が塞いでいるため駅間停車防止モードでtarget_speed_no_stop以下で走行すべきだが、力行→惰行への短時間切替に合理的理由がなくノコギリ運転と判定され、reward上限が0.5以下に抑えられた。
83.0,Train11,巡航フェーズ（駅間走行中）,惰行中,1.0,力行（加速）,22.0,70.0,70.0,59.15,70.0,1158.5,42.0,183.14062996077752,0.0,0.0,この先制限速度なし,168m先に上り勾配12.5‰あり,前方732.3m先を58.4km/h,後続列車なし,5.0,80.0,未発車,40.0,54.9,anti_mid_stop,0.9,先行列車が塞いで駅間停車防止モード。現在速度がtarget_speed_no_stop上限＋5km/h以内で惰行し、制限速度・CBTC遵守、間隔適正で安全かつ省エネと判断し高評価。
75.0,Train11,巡航フェーズ（駅間走行中）,ブレーキ（減速）中,1.0,惰行,14.0,70.0,70.0,56.73,70.0,1253.8,40.0,168.734311345831,0.0,0.0,この先制限速度なし,263m先に上り勾配12.5‰あり,前方694.1m先を61.8km/h,後続列車なし,5.0,103.0,未発車,40.0,49.0,anti_mid_stop,1.0,先行列車が塞いで駅間停車防止モード。現在速度が上限 target_speed_no_stop を超えているが減速は適切で、他に安全違反なし。
76.0,Train11,巡航フェーズ（駅間走行中）,惰行中,3.0,力行（加速）,6.0,70.0,70.0,67.44,70.0,1145.6,59.0,236.67971298008484,0.0,0.0,この先制限速度なし,155m先に上り勾配12.5‰あり,前方843.6m先を51.7km/h,後続列車なし,5.0,72.0,未発車,55.0,60.5,anti_mid_stop,0.4,先行列車が塞いでいるため駅間停車防止モード。target_speed_no_stopを超える加速はなく惰行で速度低減を試みているが、7秒未満の力行→惰行切替に合理的根拠がなくノコギリ運転と判定し、上限0.4点とした。
75.0,Train11,巡航フェーズ（駅間走行中）,惰行中,2.0,力行（加速）,6.0,70.0,70.0,67.68,70.0,1164.4,59.0,238.32498045220714,0.0,0.0,この先制限速度なし,174m先に上り勾配12.5‰あり,前方847.9m先を52.9km/h,後続列車なし,5.0,73.0,未発車,55.0,60.2,anti_mid_stop,0.3,先行列車が塞いで駅間停車防止モード。現在速度が target_speed_no_stop を5km/h超えており、短時間の力行→惰行切替に合理的理由がないためノコギリ運転と判定し、上限0.4に抑えた。
147.0,Train11,次駅への減速フェーズ（駅手前400m以内）,力行（加速）中,2.0,惰行,12.0,70.0,70.0,47.36,51.7,307.9,31.0,109.3515876026374,0.0,6.1,この先制限速度なし,117m先に上り勾配9.2‰あり,前方308.3m先を0.0km/h,後続列車なし,0.0,26.0,未発車,55.0,36.7,anti_mid_stop,0.2,先行列車が停車している駅間停車防止モードで、現在速度が target_speed_no_stop(36.7km/h) を5km/h以上上回り加速しているため減点し、rewardを0.2とした。
47.0,Train11,巡航フェーズ（駅間走行中）,惰行中,8.0,力行（加速）,40.0,70.0,70.0,57.12,70.0,1667.1,35.0,187.77135515330258,0.0,-6.7,この先制限速度なし,この先目立った勾配なし,前方619.5m先を63.5km/h,後続列車なし,5.0,116.0,未発車,40.0,46.4,anti_mid_stop,0.6,先行列車が塞いでいるため駅間停車防止モードと判定し、速度はtarget_speed_no_stopを超えているが惰行で減速方向にあり安全かつエネルギー無駄が少ないため中程度の評価とした。
134.0,Train11,巡航フェーズ（駅間走行中）,力行（加速）中,3.0,惰行,3.0,70.0,70.0,56.01,70.0,612.2,44.0,164.55624084923912,0.0,0.0,この先制限速度なし,22m先に上り勾配6.1‰あり,前方612.5m先を0.0km/h,後続列車なし,5.0,44.0,未発車,40.0,46.1,anti_mid_stop,0.2,先行列車が塞いで駅間停車防止モードで、target_speed_no_stop 46.1km/h を超えて力行し、ノコギリ運転も発生したため減点し、reward 0.2とする。
148.0,Train11,巡航フェーズ（駅間走行中）,惰行中,14.0,力行（加速）,3.0,70.0,70.0,51.47,70.0,401.2,30.0,128.85832879730134,0.0,6.1,この先制限速度なし,211m先に上り勾配9.2‰あり,前方401.6m先を0.0km/h,後続列車なし,5.0,30.0,未発車,40.0,43.4,anti_mid_stop,0.9,先行列車が停止しているため駅間停車防止モードと判定し、target_speed_no_stop以下に抑えるべきだが、現在は51.5km/hで上回っているものの惰行で減速しているため評価は高く、間隔がやや不足する点を除き安全かつ適切と判断した。
170.39999999999935,Train11,次駅への減速フェーズ（駅手前400m以内）,ブレーキ（減速）中,2.800000000000001,力行（加速）,0.1,70.0,0.0,14.29,14.3,13.0,7.6,9.717393615017366,0.0,9.2,この先制限速度なし,この先目立った勾配なし,前方13.4m先を0.0km/h,後続列車なし,5.0,7.6,未発車,55.0,6.3,anti_mid_stop,0.0,先行列車が13.4m先で停止しており、40m未満の接近は即時安全違反とみなされるためrewardは0.0とする。
156.0,Train11,次駅への減速フェーズ（駅手前400m以内）,力行（加速）中,4.0,惰行,18.0,70.0,70.0,51.12,70.0,289.2,22.0,127.13725512886627,0.0,6.1,この先制限速度なし,99m先に上り勾配9.2‰あり,前方289.5m先を0.0km/h,後続列車なし,5.0,22.0,未発車,40.0,37.6,anti_mid_stop,0.1,先行列車が塞いでいるため機外停車防止モードで、target_speed_no_stop 37.6km/h を超える51.1km/h の力行を続け、減速開始が遅れたことが主な減点要因。
91.0,Train11,巡航フェーズ（駅間走行中）,惰行中,5.0,力行（加速）,7.0,70.0,70.0,55.19,70.0,1109.1,66.0,159.85853988963964,0.0,0.0,この先制限速度なし,119m先に上り勾配12.5‰あり,前方1028.1m先を27.6km/h,後続列車なし,0.0,82.0,未発車,55.0,52.1,anti_mid_stop,1.0,先行列車が塞いでいるため駅間停車防止モード。現在速度はtarget_speed_no_stop上限以内で惰行し、制限速度・CBTC遵守、間隔・エネルギー面も適切なので高評価。
168.99999999999966,Train11,次駅への減速フェーズ（駅手前400m以内）,ブレーキ（減速）中,0.9999999999999999,力行（加速）,0.2,70.0,0.0,27.59,70.0,35.7,9.0,36.06185878001531,0.0,9.2,この先制限速度なし,この先目立った勾配なし,前方36.1m先を0.0km/h,後続列車なし,0.0,4.0,未発車,55.0,10.8,anti_mid_stop,0.0,先行列車が36.1m先で停止しており、接近距離が40m未満の衝突リスクと判定されたため、即時0点ルールが適用されreward=0.0となった。
160.0,Train11,巡航フェーズ（駅間走行中）,ブレーキ（減速）中,1.0,力行（加速）,6.0,70.0,70.0,57.77,70.0,483.7,18.0,161.72572285990444,0.0,6.1,この先制限速度なし,293m先に上り勾配9.2‰あり,前方484.0m先を0.0km/h,後続列車なし,5.0,33.0,未発車,40.0,48.9,anti_mid_stop,0.3,先行列車が塞いでいる駅間停車防止モードで、現在速度がtarget_speed_no_stop上限を超えており不必要にブレーキし、かつノコギリ運転と判定されたため低評価となった。
90.0,Train11,巡航フェーズ（駅間走行中）,惰行中,5.0,力行（加速）,6.0,70.0,70.0,66.72,66.7,1018.9,71.0,231.77577156801837,0.0,0.0,この先制限速度なし,28m先に上り勾配12.5‰あり,前方965.6m先を22.3km/h,後続列車なし,10.0,48.0,未発車,70.0,66.7,normal,1.0,巡航フェーズでrequired_speedと一致し、惰行で速度維持は適切であり、制限速度・CBTCを遵守、ノコギリ運転なし、間隔問題もなし。
86.0,Train11,巡航フェーズ（駅間走行中）,惰行中,4.0,力行（加速）,22.0,70.0,70.0,58.53,70.0,1109.5,43.0,179.39654468952952,0.0,0.0,この先制限速度なし,119m先に上り勾配12.5‰あり,前方731.4m先を57.2km/h,後続列車なし,5.0,77.0,未発車,40.0,54.6,anti_mid_stop,0.9,先行列車が塞いでいるため駅間停車防止モード。現在速度はtarget_speed_no_stop上限内で惰行しており、制限・CBTC遵守、間隔も適切で安全上問題なし。
64.0,Train11,巡航フェーズ（駅間走行中）,惰行中,6.0,力行（加速）,8.0,70.0,70.0,65.16,70.0,1364.2,56.0,221.31505311186766,0.0,0.0,この先制限速度なし,374m先に上り勾配12.5‰あり,前方872.2m先を60.1km/h,後続列車なし,5.0,84.0,未発車,55.0,63.3,anti_mid_stop,0.9,先行列車が塞いでいるため駅間停車防止モード。現在速度はtarget_speed_no_stop 63.3km/hを5km/h以内で超えておらず、惰行は適切である。
152.6999999999999,Train11,次駅への減速フェーズ（駅手前400m以内）,ブレーキ（減速）中,0.4,惰行,0.1,70.0,20.6,40.41,40.4,69.7,25.3,76.93553914162435,0.0,9.2,この先制限速度なし,この先目立った勾配なし,前方70.1m先を0.0km/h,後続列車なし,5.0,10.3,未発車,40.0,40.4,normal,0.0,delta_stop が -7.24 m と過小で、ブレーキ中でもオーバーランが確実なため即時0点ルールに該当し、reward は 0.0 とする。
69.0,Train11,巡航フェーズ（駅間走行中）,惰行中,7.0,力行（加速）,14.0,70.0,70.0,63.71,70.0,1289.8,81.0,211.79475676017006,0.0,0.0,この先制限速度なし,299m先に上り勾配12.5‰あり,前方1146.3m先を36.8km/h,後続列車なし,0.0,89.0,未発車,70.0,57.1,anti_mid_stop,0.5,先行列車が塞いでいる駅間停車防止モードで、現在速度63.7km/hがtarget_speed_no_stop57.1km/hを約6.6km/h上回り過加速とみなされ減点対象となった。
97.0,Train11,巡航フェーズ（駅間走行中）,惰行中,11.0,力行（加速）,7.0,70.0,70.0,54.03,70.0,1018.1,66.0,153.32366919943902,0.0,0.0,この先制限速度なし,28m先に上り勾配12.5‰あり,前方976.5m先を19.7km/h,後続列車なし,0.0,76.0,未発車,55.0,50.4,anti_mid_stop,0.9,先行列車が塞いでいるため駅間停車防止モード。現在速度はtarget_speed_no_stop＋5km/h以内で惰行しており、制限・CBTC遵守、ノコギリ運転なしで安全かつ適切。
92.0,Train11,巡航フェーズ（駅間走行中）,力行（加速）中,11.0,ブレーキ（減速）,4.0,70.0,70.0,60.3,70.0,1047.3,45.0,190.18195183764072,0.0,0.0,この先制限速度なし,57m先に上り勾配12.5‰あり,前方759.5m先を50.4km/h,後続列車なし,5.0,71.0,未発車,40.0,55.0,anti_mid_stop,0.5,先行列車が塞いでいるため駅間停車防止モード。target_speed_no_stop(55km/h) を超えて力行しており、機外停車リスクがあるため減点。
91.0,Train11,巡航フェーズ（駅間走行中）,ブレーキ（減速）中,1.0,惰行,12.0,70.0,70.0,58.0,70.0,1091.7,38.0,176.22497350586522,0.0,0.0,この先制限速度なし,101m先に上り勾配12.5‰あり,前方713.7m先を57.2km/h,後続列車なし,10.0,77.0,未発車,40.0,53.3,anti_mid_stop,0.9,先行列車が塞いでいる駅間停車防止モードで、現在速度はtarget_speed_no_stop上限内でありブレーキは適切。制限速度・CBTC遵守、ノコギリ運転なし。
115.0,Train11,巡航フェーズ（駅間走行中）,惰行中,3.0,力行（加速）,26.0,70.0,70.0,52.91,54.1,750.0,63.0,147.13758975796603,0.0,0.0,この先制限速度なし,159m先に上り勾配6.1‰あり,前方750.4m先を0.0km/h,後続列車なし,0.0,58.0,未発車,55.0,45.7,anti_mid_stop,0.2,先行が塞ぎ駅間停車防止モードで、現在速度が target_speed_no_stop を5km/h超えており過剰加速と判断され減点した。
170.29999999999947,Train11,次駅への減速フェーズ（駅手前400m以内）,ブレーキ（減速）中,2.1000000000000005,惰行,0.1,70.0,0.0,18.26,18.3,12.9,7.7,15.847705540747064,0.0,9.2,この先制限速度なし,この先目立った勾配なし,前方13.2m先を0.0km/h,後続列車なし,0.0,2.7,未発車,55.0,6.2,anti_mid_stop,0.0,先行列車が40m以内に接近しており即時安全違反と判定されたため、rewardは0.0とする。
155.0,Train11,次駅への減速フェーズ（駅手前400m以内）,力行（加速）中,3.0,惰行,18.0,70.0,70.0,50.59,70.0,303.3,23.0,124.55222703751379,0.0,6.1,この先制限速度なし,113m先に上り勾配9.2‰あり,前方303.7m先を0.0km/h,後続列車なし,5.0,23.0,未発車,40.0,39.0,anti_mid_stop,0.2,先行が塞ぎ駅間停車防止モードで、target_speed_no_stop 39km/hを超える力行は機外停車リスクを招くため減点し0.2とした。
48.0,Train11,巡航フェーズ（駅間走行中）,力行（加速）中,12.0,惰行,6.0,70.0,70.0,50.18,70.0,1721.0,52.0,145.61900729008443,0.0,-6.7,この先制限速度なし,この先目立った勾配なし,前方952.6m先を63.3km/h,後続列車なし,5.0,115.0,未発車,55.0,49.1,anti_mid_stop,0.9,先行列車が塞いでいるため駅間停車防止モード。現在速度はtarget_speed_no_stopをわずか上回り、加速は上限以内で安全かつ適切と判断した。
109.0,Train11,巡航フェーズ（駅間走行中）,惰行中,1.0,力行（加速）,27.0,70.0,70.0,56.8,70.0,990.5,46.0,169.14316409105018,0.0,0.0,この先制限速度なし,0m先に上り勾配12.5‰あり,前方893.5m先を30.2km/h,後続列車なし,5.0,69.0,未発車,40.0,52.9,anti_mid_stop,0.9,先行列車が塞いでいるため駅間停車防止モード。現在速度は target_speed_no_stop＋5km/h以内で惰行し、制限速度・CBTCを遵守して安全上問題なし。
87.0,Train11,巡航フェーズ（駅間走行中）,惰行中,9.0,力行（加速）,6.0,70.0,70.0,58.82,70.0,1156.6,37.0,181.14325853438365,0.0,0.0,この先制限速度なし,166m先に上り勾配12.5‰あり,前方714.1m先を58.9km/h,後続列車なし,10.0,81.0,未発車,40.0,54.4,anti_mid_stop,0.9,先行列車が塞いでいる駅間停車防止モードで、現在速度はtarget_speed_no_stop(54.4km/h)の許容範囲内(58.8km/h)で惰行しており、制限速度・CBTC遵守、ノコギリ運転なしの安全かつ省エネ運転。
131.0,Train11,巡航フェーズ（駅間走行中）,力行（加速）中,3.0,惰行,3.0,70.0,70.0,46.12,46.1,442.9,47.0,103.76979770749877,0.0,6.1,この先制限速度なし,252m先に上り勾配9.2‰あり,前方443.3m先を0.0km/h,後続列車なし,5.0,47.0,未発車,55.0,37.0,anti_mid_stop,0.2,先行列車が塞いでいる駅間停車防止モードで、target_speed_no_stop 37km/h を超える46.1km/h の力行を続け、かつ3秒未満の切替でノコギリ運転となったため減点し0.2とした。
171.79999999999967,Train11,次駅への減速フェーズ（駅手前400m以内）,力行（加速）中,1.5000000000000002,ブレーキ（減速）,1.6000000000000003,70.0,7.3,27.94,70.0,52.2,6.2,36.97761518230718,0.0,9.2,この先制限速度なし,この先目立った勾配なし,前方52.5m先を0.0km/h,後続列車なし,5.0,6.2,未発車,55.0,13.6,anti_mid_stop,0.0,CBTC信号速度7.3km/hを超えてブレーキせずに加速しており即時安全違反のためrewardは0.0とする。
161.69999999999996,Train11,次駅への減速フェーズ（駅手前400m以内）,ブレーキ（減速）中,0.4,力行（加速）,0.1,70.0,27.2,41.72,41.7,84.8,16.3,81.9529556433449,0.0,9.2,この先制限速度なし,この先目立った勾配なし,前方85.1m先を0.0km/h,後続列車なし,0.0,11.3,未発車,55.0,17.6,anti_mid_stop,0.9,先行列車が停車しているため駅間停車防止モードで、CBTC信号に従い減速ブレーキを適切に行い停止位置も許容範囲内である。
129.0,Train11,巡航フェーズ（駅間走行中）,ブレーキ（減速）中,1.0,惰行,1.0,70.0,70.0,50.28,70.0,620.4,47.0,133.0906750247924,0.0,0.0,この先制限速度なし,30m先に上り勾配6.1‰あり,前方618.8m先を4.3km/h,後続列車なし,5.0,49.0,未発車,40.0,43.5,anti_mid_stop,0.9,先行列車が遅く塞いでいるため駅間停車防止モードで、現在速度はtarget_speed_no_stopを僅かに上回っており減速は適切で安全基準を満たす。
45.0,Train11,巡航フェーズ（駅間走行中）,力行（加速）中,38.0,惰行,7.0,70.0,70.0,55.26,70.0,1803.4,57.0,164.87320217084647,0.0,-2.1,この先制限速度なし,13m先に下り勾配6.7‰あり,前方1070.1m先を62.9km/h,後続列車なし,0.0,128.0,未発車,55.0,54.9,anti_mid_stop,0.9,先行列車が塞いでいるため駅間停車防止モードで、速度はtarget_speed_no_stop付近に保たれ加速は許容範囲内で安全かつ省エネと判断した。
101.0,Train11,巡航フェーズ（駅間走行中）,ブレーキ（減速）中,1.0,力行（加速）,22.0,70.0,70.0,62.74,70.0,1144.6,51.0,205.53563360172123,0.0,0.0,この先制限速度なし,154m先に上り勾配12.5‰あり,前方1020.8m先を34.1km/h,後続列車なし,0.0,72.0,未発車,40.0,60.5,anti_mid_stop,0.9,先行列車が塞いでいる駅間停車防止モードで、現在速度がtarget_speed_no_stop(60.5km/h)を僅か上回るだけでブレーキにより適切に調整しているため安全かつ効率的。
40.0,Train11,巡航フェーズ（駅間走行中）,惰行中,1.0,力行（加速）,40.0,70.0,70.0,56.87,70.0,1777.9,45.0,186.16505544331773,0.0,-6.7,この先制限速度なし,この先目立った勾配なし,前方783.0m先を62.9km/h,後続列車なし,10.0,113.0,未発車,55.0,52.7,anti_mid_stop,0.9,先行列車が塞いでいるため駅間停車防止モード。現在速度はtarget_speed_no_stop上限以内で惰行しており、過加速や安全違反はなく評価が高い。
73.0,Train11,巡航フェーズ（駅間走行中）,惰行中,17.0,力行（加速）,6.0,70.0,70.0,53.86,70.0,1290.8,45.0,152.3768918134933,0.0,0.0,この先制限速度なし,300m先に上り勾配12.5‰あり,前方782.1m先を60.5km/h,後続列車なし,0.0,115.0,未発車,40.0,46.6,anti_mid_stop,0.8,先行列車が塞いでいるため駅間停車防止モード。現在速度はtarget_speed_no_stop(46.6km/h)を僅か上回っており、惰行で上限へ収束させているため適切な操作と判断し高評価とした。
143.0,Train11,次駅への減速フェーズ（駅手前400m以内）,惰行中,10.0,力行（加速）,9.0,70.0,70.0,47.92,51.5,360.4,35.0,111.91865581648753,0.0,6.1,この先制限速度なし,170m先に上り勾配9.2‰あり,前方360.8m先を0.0km/h,後続列車なし,0.0,30.0,未発車,55.0,38.6,anti_mid_stop,0.2,先行が塞ぎ駅間停車防止モードで、速度がtarget_speed_no_stop上限を超え、減速フェーズでブレーキ未実施のため低評価とした。
135.0,Train11,巡航フェーズ（駅間走行中）,惰行中,2.0,力行（加速）,9.0,70.0,70.0,51.05,53.2,470.4,43.0,126.79437422915173,0.0,6.1,この先制限速度なし,280m先に上り勾配9.2‰あり,前方470.7m先を0.0km/h,後続列車なし,0.0,38.0,未発車,55.0,43.7,anti_mid_stop,0.9,先行列車が停止している駅間停車防止モードで、target_speed_no_stop以下に自然減速しており過剰加速やノコギリ運転がなく安全・省エネと判断した。
126.0,Train11,巡航フェーズ（駅間走行中）,惰行中,5.0,力行（加速）,7.0,70.0,70.0,65.15,65.2,642.9,52.0,221.24872542800864,0.0,0.0,この先制限速度なし,52m先に上り勾配6.1‰あり,前方643.3m先を0.0km/h,後続列車なし,10.0,12.0,未発車,70.0,65.2,anti_mid_stop,0.9,先行列車が停車中で駅間停車防止モード。target_speed_no_stopを維持し惰行しているため安全かつ省エネで評価は高い。
144.0,Train11,巡航フェーズ（駅間走行中）,惰行中,10.0,力行（加速）,3.0,70.0,70.0,53.07,70.0,459.3,34.0,136.86736415492913,0.0,6.1,この先制限速度なし,269m先に上り勾配9.2‰あり,前方459.6m先を0.0km/h,後続列車なし,5.0,34.0,未発車,40.0,45.1,anti_mid_stop,0.2,先行列車が塞いでいるためtarget_speed_no_stop(45.1km/h)を超える53.1km/hで惰行し、間隔も縮まっている点が重大な減点要因。
53.0,Train11,巡航フェーズ（駅間走行中）,惰行中,4.0,力行（加速）,22.0,70.0,70.0,51.09,70.0,1691.6,30.0,150.85598160696145,0.0,-6.7,この先制限速度なし,この先目立った勾配なし,前方661.6m先を63.3km/h,後続列車なし,10.0,115.0,未発車,40.0,47.8,anti_mid_stop,0.8,先行列車が塞いで駅間停車防止モード。現在速度はtarget_speed_no_stopの許容範囲内で惰行し安全・CBTC順守だが、required_speed未達で遅延リスクあり。
67.0,Train11,巡航フェーズ（駅間走行中）,惰行中,5.0,力行（加速）,14.0,70.0,70.0,64.16,70.0,1325.3,81.0,214.72835320871647,0.0,0.0,この先制限速度なし,335m先に上り勾配12.5‰あり,前方1160.6m先を39.5km/h,後続列車なし,0.0,91.0,未発車,70.0,57.6,anti_mid_stop,0.1,先行列車が塞いでいるため駅間停車防止モード。現在速度がtarget_speed_no_stop 57.6km/hを6.6km/h上回り過剰加速となり、間隔が縮小しエネルギー効率も低下しているため0.1とした。
173.1999999999992,Train11,次駅への減速フェーズ（駅手前400m以内）,ブレーキ（減速）中,0.4,力行（加速）,0.1,70.0,0.0,6.91,6.9,4.9,4.8,2.276537605408175,0.0,9.2,この先制限速度なし,この先目立った勾配なし,前方5.3m先を0.0km/h,後続列車なし,5.0,4.8,未発車,55.0,3.9,normal,0.0,先行列車が5.3m先で0km/hと衝突距離が40m未満のため安全違反とみなされ、即座にrewardは0.0とする。
174.79999999999973,Train11,次駅への減速フェーズ（駅手前400m以内）,ブレーキ（減速）中,0.5,惰行,0.1,70.0,0.0,31.93,70.0,41.5,3.2,48.21572293207052,0.0,9.2,この先制限速度なし,この先目立った勾配なし,前方41.9m先を0.0km/h,後続列車なし,5.0,3.2,未発車,40.0,12.3,anti_mid_stop,0.0,delta_stop が -6.72 m でブレーキ中でもオーバーランが確実と判断され、即reward0.0ルールが適用されたため。
166.59999999999997,Train11,次駅への減速フェーズ（駅手前400m以内）,惰行中,4.6999999999999975,ブレーキ（減速）,6.0,70.0,30.7,31.7,70.0,94.3,11.4,47.52813747360709,0.0,9.2,この先制限速度なし,この先目立った勾配なし,前方94.7m先を0.0km/h,後続列車なし,5.0,11.4,未発車,55.0,18.9,anti_mid_stop,0.0,CBTC信号速度30.7km/hをブレーキせず31.7km/hで走行し信号超過となり、即時0点ルールが適用されたため。
63.0,Train11,巡航フェーズ（駅間走行中）,惰行中,7.0,力行（加速）,6.0,70.0,70.0,55.79,70.0,1443.1,43.0,163.28953488541836,0.0,0.0,この先制限速度なし,453m先に上り勾配12.5‰あり,前方762.4m先を63.0km/h,後続列車なし,0.0,125.0,未発車,40.0,49.2,anti_mid_stop,0.8,先行列車が塞いでいるため駅間停車防止モードで、速度がtarget_speed_no_stop上限5km/hをわずかに超えて過剰加速とみなされ減点した。
186.89999999999932,Train11,次駅への減速フェーズ（駅手前400m以内）,ブレーキ（減速）中,0.2,惰行,0.1,70.0,0.0,11.66,70.0,8.4,0.0,6.474399496575534,9.0,9.2,この先制限速度なし,この先目立った勾配なし,前方8.8m先を0.0km/h,後続列車なし,0.0,1.1,未発車,40.0,5.0,anti_mid_stop,0.8,ブレーキでCBTC 0km/hに従い減速中。低速域でΔstop 1.93mのややずれは許容範囲内で、他に安全違反はなし。
93.0,Train11,巡航フェーズ（駅間走行中）,力行（加速）中,4.0,惰行,33.0,70.0,70.0,52.9,70.0,1000.8,51.0,147.08290455573342,0.0,0.0,この先制限速度なし,10m先に上り勾配12.5‰あり,前方790.8m先を42.9km/h,後続列車なし,0.0,95.0,未発車,40.0,41.8,anti_mid_stop,0.2,先行列車が塞いでいる駅間停車防止モードで、現在速度が target_speed_no_stop(41.8km/h) を5km/h 超えて加速しており過加速と判断したため減点した。
48.0,Train11,巡航フェーズ（駅間走行中）,惰行中,8.0,力行（加速）,7.0,70.0,70.0,52.96,70.0,1674.5,58.0,161.89396445502146,0.0,-6.7,この先制限速度なし,この先目立った勾配なし,前方993.7m先を63.0km/h,後続列車なし,0.0,125.0,未発車,55.0,42.0,anti_mid_stop,0.3,先行列車が塞いで駅間停車防止モード。現在速度が target_speed_no_stop を5km/h超えて過剰加速とみなされ減点。
125.0,Train11,巡航フェーズ（駅間走行中）,力行（加速）中,1.0,ブレーキ（減速）,1.0,70.0,70.0,52.46,70.0,748.6,46.0,144.68636792935717,0.0,0.0,この先制限速度なし,158m先に上り勾配6.1‰あり,前方739.3m先を9.4km/h,後続列車なし,5.0,53.0,未発車,40.0,49.5,anti_mid_stop,0.0,ノコギリ運転と判定され、prev_notch_durationが2秒未満のためreward上限が0.0となり、即時0点になる。
40.0,Train11,巡航フェーズ（駅間走行中）,力行（加速）中,6.0,惰行,6.0,70.0,70.0,51.65,70.0,1790.0,40.0,144.37521122253193,0.0,-2.1,この先制限速度なし,0m先に下り勾配6.7‰あり,前方707.3m先を63.2km/h,後続列車なし,0.0,148.0,未発車,40.0,47.9,anti_mid_stop,0.3,先行列車が塞いで駅間停車防止モード。現在速度がtarget_speed_no_stopを超えて加速し、ノコギリ運転かつエネルギー無駄と判断し0.3とした。
63.0,Train11,巡航フェーズ（駅間走行中）,惰行中,1.0,力行（加速）,14.0,70.0,70.0,65.07,70.0,1397.1,81.0,220.71843862191125,0.0,0.0,この先制限速度なし,407m先に上り勾配12.5‰あり,前方1187.1m先を42.9km/h,後続列車なし,0.0,95.0,未発車,70.0,58.1,anti_mid_stop,0.8,先行列車が塞いでいる駅間停車防止モードで、target_speed_no_stopを超える速度はあるが、惰行に切替えて減速しようとしているためやや減点し0.8とした。
161.0,Train11,次駅への減速フェーズ（駅手前400m以内）,力行（加速）中,4.0,惰行,5.0,70.0,61.1,46.47,70.0,230.0,17.0,105.33098854325226,0.0,6.1,この先制限速度なし,40m先に上り勾配9.2‰あり,前方230.4m先を0.0km/h,後続列車なし,5.0,17.0,未発車,40.0,35.2,anti_mid_stop,0.2,先行列車が停車しているため駅間停車防止モードで、現在速度が target_speed_no_stop+5km/h を超えて力行し、過加速とノコギリ運転が判定された。
69.0,Train11,巡航フェーズ（駅間走行中）,力行（加速）中,6.0,惰行,8.0,70.0,70.0,59.91,70.0,1324.2,57.0,187.77997483811865,0.0,0.0,この先制限速度なし,334m先に上り勾配12.5‰あり,前方914.2m先を58.0km/h,後続列車なし,5.0,109.0,未発車,55.0,49.9,anti_mid_stop,0.2,先行が塞いでいる駅間停車防止モードで、現在速度が target_speed_no_stop を10km/h上回り過剰加速となり機外停車リスクがあるため減点し、reward 0.2とした。
172.39999999999935,Train11,次駅への減速フェーズ（駅手前400m以内）,ブレーキ（減速）中,0.8999999999999999,惰行,0.1,70.0,0.0,12.37,12.4,4.0,5.6,7.285483581302119,0.0,9.2,この先制限速度なし,この先目立った勾配なし,前方4.5m先を1.1km/h,後続列車なし,0.0,0.6,未発車,55.0,3.5,anti_mid_stop,0.2,先行列車が極めて接近し、delta_stopが-3.29mで低速域のオーバーランリスクがあるため減点し、全体評価は0.2とした。
93.0,Train11,巡航フェーズ（駅間走行中）,力行（加速）中,4.0,惰行,6.0,70.0,70.0,66.4,66.4,1138.3,82.0,229.61160808942486,0.0,0.0,この先制限速度なし,148m先に上り勾配12.5‰あり,前方1135.3m先を5.6km/h,後続列車なし,0.0,50.0,未発車,70.0,66.4,normal,0.3,巡航フェーズでrequired_speedと同等の速度にも関わらず力行を続け、前後のノッチ保持時間が7秒未満で反転しているためノコギリ運転と判定され、上限0.5以下に抑えられた。
84.0,Train11,巡航フェーズ（駅間走行中）,力行（加速）中,5.0,惰行,3.0,70.0,70.0,53.94,70.0,1216.7,66.0,152.8220859179401,0.0,0.0,この先制限速度なし,226m先に上り勾配12.5‰あり,前方1073.1m先を36.8km/h,後続列車なし,0.0,89.0,未発車,55.0,53.7,anti_mid_stop,0.2,先行列車が塞いでいるため駅間停車防止モードで、target_speed_no_stopを超えない加速は許容だが、惰行→力行の不合理なノコギリ運転により評価上限が0.3に抑えられた。
74.0,Train11,巡航フェーズ（駅間走行中）,惰行中,1.0,力行（加速）,16.0,70.0,70.0,65.67,70.0,1344.5,39.0,224.7100821116494,0.0,0.0,この先制限速度なし,354m先に上り勾配12.5‰あり,前方767.6m先を61.5km/h,後続列車なし,5.0,89.0,未発車,40.0,59.5,anti_mid_stop,0.8,駅間停車防止モードで target_speed_no_stop の上限 (+5km/h) を超える速度で惰行しており、過剰加速に近い状態のため減点し0.8とした。
125.0,Train11,巡航フェーズ（駅間走行中）,惰行中,18.0,力行（加速）,12.0,70.0,70.0,57.08,57.1,494.4,46.0,157.95256586700904,0.0,6.1,この先制限速度なし,304m先に上り勾配9.2‰あり,前方485.2m先を9.4km/h,後続列車なし,5.0,38.0,未発車,40.0,46.1,anti_mid_stop,0.8,先行列車が遅く塞いでいるため駅間停車防止モードで、target_speed_no_stop以下に減速すべきだが、加速せず惰行しているため安全は保たれ、間隔がやや短い点を除き評価は高い。
80.0,Train11,巡航フェーズ（駅間走行中）,力行（加速）中,20.0,惰行,2.0,70.0,70.0,57.28,70.0,1207.0,41.0,171.9593654391908,0.0,0.0,この先制限速度なし,217m先に上り勾配12.5‰あり,前方731.6m先を59.7km/h,後続列車なし,5.0,83.0,未発車,40.0,56.2,anti_mid_stop,0.9,先行列車が塞いで駅間停車防止モード。現在速度はtarget_speed_no_stop＋5km/h以内で加速は許容範囲、制限・CBTC遵守、ノコギリ運転なし、停車位置も確保できるため高評価。
89.0,Train11,巡航フェーズ（駅間走行中）,惰行中,11.0,力行（加速）,6.0,70.0,70.0,58.41,70.0,1124.0,37.0,178.67610869208048,0.0,0.0,この先制限速度なし,134m先に上り勾配12.5‰あり,前方714.0m先を58.0km/h,後続列車なし,10.0,79.0,未発車,40.0,54.7,anti_mid_stop,0.9,先行列車が塞いで駅間停車防止モードと判定し、現在速度はtarget_speed_no_stop上限＋5km/h以内で惰行して安全かつ省エネであるため高評価。
49.0,Train11,巡航フェーズ（駅間走行中）,力行（加速）中,13.0,惰行,6.0,70.0,70.0,51.16,70.0,1706.9,52.0,151.26247922248308,0.0,-6.7,この先制限速度なし,この先目立った勾配なし,前方956.1m先を63.1km/h,後続列車なし,5.0,114.0,未発車,55.0,48.3,anti_mid_stop,0.9,先行列車が塞いでいるため駅間停車防止モード。現在速度は target_speed_no_stop の＋5km/h 以内で加速しており、制限速度・CBTC を遵守、ノコギリ運転もなく間隔も適切なので高評価。
172.0,Train11,次駅への減速フェーズ（駅手前400m以内）,力行（加速）中,17.0,ブレーキ（減速）,6.0,70.0,70.0,49.22,70.0,342.3,6.0,117.98857507264566,0.0,6.1,この先制限速度なし,152m先に上り勾配9.2‰あり,前方342.7m先を0.0km/h,後続列車なし,5.0,21.0,未発車,40.0,46.0,anti_mid_stop,0.3,先行列車が塞いで駅間停車防止モードであり、target_speed_no_stop(46km/h) を超えて加速しているため機外停車リスクがあり減点した。
177.9999999999996,Train11,次駅への減速フェーズ（駅手前400m以内）,ブレーキ（減速）中,0.30000000000000004,力行（加速）,0.1,70.0,0.0,27.49,70.0,24.1,0.0,35.80229469702352,0.1,9.2,この先制限速度なし,この先目立った勾配なし,前方24.9m先を2.8km/h,後続列車なし,5.0,0.0,未発車,40.0,70.0,normal,0.0,delta_stopが‑11.7mで高速走行中にブレーキしても停止位置が大幅に手前になるためオーバーランが確実と判断し、即0点とする。
56.0,Train11,巡航フェーズ（駅間走行中）,力行（加速）中,23.0,ブレーキ（減速）,6.0,70.0,70.0,48.64,70.0,1785.5,54.0,136.95795065514423,0.0,-6.7,この先制限速度なし,この先目立った勾配なし,前方1157.0m先を62.3km/h,後続列車なし,5.0,122.0,未発車,55.0,47.3,anti_mid_stop,0.9,先行列車が塞いでいる駅間停車防止モードで、現在速度はtarget_speed_no_stop＋5km/h以内の加速で安全基準・CBTC遵守・ノコギリ運転なしと判断し高評価とした。
86.0,Train11,巡航フェーズ（駅間走行中）,惰行中,8.0,力行（加速）,6.0,70.0,70.0,59.03,70.0,1172.9,36.0,182.4131151846529,0.0,0.0,この先制限速度なし,182m先に上り勾配12.5‰あり,前方714.1m先を59.3km/h,後続列車なし,10.0,82.0,未発車,40.0,55.0,anti_mid_stop,1.0,先行列車が塞いでいる駅間停車防止モードで、現在速度はtarget_speed_no_stop＋5km/h以内の惰行であり、制限速度・CBTC遵守、ノコギリ運転なし、他項目に問題がないため高評価。
152.0,Train11,巡航フェーズ（駅間走行中）,惰行中,6.0,力行（加速）,6.0,70.0,70.0,55.71,70.0,608.6,26.0,162.83006789106153,0.0,0.0,この先制限速度なし,18m先に上り勾配6.1‰あり,前方609.0m先を0.0km/h,後続列車なし,5.0,41.0,未発車,40.0,50.0,anti_mid_stop,0.8,先行列車が塞いでいる駅間停車防止モードで、現在速度はtarget_speed_no_stop付近で惰行中。制限速度・CBTC遵守、ノコギリ運転なし、間隔・定時性に問題なく高評価とした。
171.2999999999993,Train11,次駅への減速フェーズ（駅手前400m以内）,ブレーキ（減速）中,3.700000000000002,力行（加速）,0.1,70.0,0.0,11.66,11.7,9.8,6.7,6.474399496575534,0.0,9.2,この先制限速度なし,この先目立った勾配なし,前方10.1m先を0.0km/h,後続列車なし,5.0,6.7,未発車,55.0,5.4,anti_mid_stop,0.0,先行列車が10.1m先で停止しており距離が40m未満のため衝突リスクと判定され、即reward0.0ルールが適用された。
44.0,Train11,巡航フェーズ（駅間走行中）,惰行中,4.0,力行（加速）,7.0,70.0,70.0,52.76,70.0,1733.2,57.0,160.69573367968408,0.0,-6.7,この先制限速度なし,この先目立った勾配なし,前方982.3m先を63.1km/h,後続列車なし,0.0,129.0,未発車,55.0,41.4,anti_mid_stop,0.9,先行列車が塞いで駅間停車防止モード。現在速度はtarget_speed_no_stopを上回っているが惰行で減速に向かうため適切で、他項目に安全・間隔・信号違反はなく高評価とした。
50.0,Train11,巡航フェーズ（駅間走行中）,ブレーキ（減速）中,1.0,力行（加速）,13.0,70.0,70.0,52.14,70.0,1692.6,52.0,157.0081240231995,0.0,-6.7,この先制限速度なし,この先目立った勾配なし,前方959.2m先を62.9km/h,後続列車なし,5.0,113.0,未発車,55.0,48.6,anti_mid_stop,1.0,先行列車が塞いでいるため駅間停車防止モードで、現在速度はtarget_speed_no_stop上限内で減速は適切と判断し高評価とした。
42.0,Train11,巡航フェーズ（駅間走行中）,惰行中,3.0,力行（加速）,40.0,70.0,70.0,56.94,70.0,1746.3,35.0,186.61416304650905,0.0,-6.7,この先制限速度なし,この先目立った勾配なし,前方611.0m先を63.1km/h,後続列車なし,5.0,121.0,未発車,40.0,46.7,anti_mid_stop,0.2,先行列車が塞いでいる駅間停車防止モードで、現在速度が target_speed_no_stop 46.7km/h を約10km/h 超えており過加速と判断し減点した。
149.0,Train11,巡航フェーズ（駅間走行中）,惰行中,3.0,力行（加速）,6.0,70.0,70.0,56.31,70.0,655.3,29.0,166.291058920527,0.0,0.0,この先制限速度なし,65m先に上り勾配6.1‰あり,前方655.7m先を0.0km/h,後続列車なし,5.0,44.0,未発車,40.0,50.7,anti_mid_stop,0.4,先行列車が停車中で駅間停車防止モード。target_speed_no_stop超過の力行はなく惰行は許容範囲だが、短時間の力行→惰行が合理的理由なく行われノコギリ運転と判定し上限0.5に抑え、rewardは0.4とした。
40.0,Train11,巡航フェーズ（駅間走行中）,惰行中,4.0,力行（加速）,37.0,70.0,70.0,54.29,70.0,1779.0,50.0,169.96961740625002,0.0,-6.7,この先制限速度なし,この先目立った勾配なし,前方871.1m先を62.7km/h,後続列車なし,5.0,138.0,未発車,55.0,39.0,anti_mid_stop,0.3,先行列車が塞いでいる駅間停車防止モードで、現在速度が target_speed_no_stop の許容上限 (+5km/h) を超えているため過剰速度と判断し減点した。
138.0,Train11,巡航フェーズ（駅間走行中）,力行（加速）中,5.0,惰行,6.0,70.0,70.0,65.91,65.9,507.5,40.0,209.40831997053914,0.0,6.1,この先制限速度なし,317m先に上り勾配9.2‰あり,前方507.9m先を0.0km/h,後続列車なし,10.0,15.0,未発車,55.0,65.9,normal,0.3,安全は確保されているが、required_speedと同等の速度で力行は不要で、ノコギリ運転と判定され評価上限が低くなるため0.3とした。
117.0,Train11,巡航フェーズ（駅間走行中）,力行（加速）中,45.0,ブレーキ（減速）,6.0,70.0,70.0,61.2,70.0,1176.8,46.0,195.7798770618349,0.0,0.0,この先制限速度なし,186m先に上り勾配12.5‰あり,前方1135.2m先を19.7km/h,後続列車なし,5.0,76.0,未発車,40.0,59.3,anti_mid_stop,0.9,先行列車が塞いで駅間停車防止モード。現在速度はtarget_speed_no_stop上限＋5km/h以内で加速・維持しており安全・適切な運転と判断。
118.0,Train11,巡航フェーズ（駅間走行中）,惰行中,6.0,力行（加速）,3.0,70.0,70.0,40.75,70.0,665.4,51.0,87.89977937884089,0.0,0.0,この先制限速度なし,75m先に上り勾配6.1‰あり,前方650.3m先を12.0km/h,後続列車なし,0.0,70.0,未発車,40.0,34.8,anti_mid_stop,0.2,先行列車が塞いでいるため駅間停車防止モード。現在速度が target_speed_no_stop を5km/h 超えて過剰加速と判定し、力行→惰行の短時間切替が合理的理由なくノコギリ運転とみなされたためreward上限0.3に抑えられた。
170.79999999999973,Train11,次駅への減速フェーズ（駅手前400m以内）,力行（加速）中,0.5,ブレーキ（減速）,1.6000000000000003,70.0,14.6,26.56,70.0,59.7,7.2,33.432673541805315,0.0,9.2,この先制限速度なし,この先目立った勾配なし,前方60.1m先を0.0km/h,後続列車なし,5.0,7.2,未発車,55.0,14.6,anti_mid_stop,0.0,CBTC信号速度14.6km/hを超えて26.6km/hで加速し、ブレーキをかけていないため即時安全違反と判定し0.0とした。
162.0,Train11,次駅への減速フェーズ（駅手前400m以内）,惰行中,1.0,ブレーキ（減速）,6.0,70.0,42.9,33.81,70.0,136.2,16.0,54.01774105703624,0.0,9.2,この先制限速度なし,この先目立った勾配なし,前方136.5m先を0.0km/h,後続列車なし,5.0,16.0,未発車,55.0,23.0,anti_mid_stop,0.3,先行列車が塞ぎ駅間停車防止モードで、現在速度がtarget_speed_no_stop上限を超えており、短時間のブレーキ→惰行切替に合理的理由がなくノコギリ運転と判定されたため減点し、上限0.3のrewardとした。
72.0,Train11,巡航フェーズ（駅間走行中）,惰行中,12.0,力行（加速）,10.0,70.0,70.0,57.33,70.0,1301.4,39.0,172.25398762228272,0.0,0.0,この先制限速度なし,311m先に上り勾配12.5‰あり,前方690.1m先を62.1km/h,後続列車なし,5.0,106.0,未発車,40.0,50.2,anti_mid_stop,0.4,先行列車が塞いでいるため駅間停車防止モード。現在速度がtarget_speed_no_stop＋5km/hを超えており過剰加速と判断し減点。速度抑制が必要。
115.0,Train11,巡航フェーズ（駅間走行中）,惰行中,8.0,力行（加速）,12.0,70.0,70.0,60.42,70.0,658.3,46.0,190.92391840193065,0.0,0.0,この先制限速度なし,68m先に上り勾配6.1‰あり,前方605.0m先を22.3km/h,後続列車なし,5.0,48.0,未発車,40.0,46.9,anti_mid_stop,0.3,駅間停車防止モードでtarget_speed_no_stopを大幅に超えて走行しており機外停車リスクがあるため減点し、rewardは0.3とした。
82.0,Train11,巡航フェーズ（駅間走行中）,力行（加速）中,22.0,惰行,2.0,70.0,70.0,58.54,70.0,1174.8,42.0,179.456642926629,0.0,0.0,この先制限速度なし,184m先に上り勾配12.5‰あり,前方732.4m先を58.9km/h,後続列車なし,5.0,81.0,未発車,40.0,56.0,anti_mid_stop,0.9,先行列車が塞ぎ駅間停車防止モードで、速度がtarget_speed_no_stop上限以内で加速しており安全・信号順守であるため高評価。
45.0,Train11,巡航フェーズ（駅間走行中）,惰行中,6.0,力行（加速）,40.0,70.0,70.0,57.05,70.0,1698.8,76.0,187.3209350161878,0.0,-6.7,この先制限速度なし,この先目立った勾配なし,前方1223.4m先を59.7km/h,後続列車なし,0.0,113.0,未発車,70.0,48.3,anti_mid_stop,0.7,先行列車が塞いでいるため駅間停車防止モード。現在はtarget_speed_no_stopを超えているが惰行で減速しようとしており安全は確保。速度がrequired_speed未達で遅延リスクがあるため評価をやや減点。
108.0,Train11,巡航フェーズ（駅間走行中）,力行（加速）中,27.0,ブレーキ（減速）,6.0,70.0,70.0,56.15,70.0,1006.2,46.0,165.36474729937697,0.0,0.0,この先制限速度なし,16m先に上り勾配12.5‰あり,前方900.6m先を31.5km/h,後続列車なし,5.0,70.0,未発車,40.0,53.9,anti_mid_stop,0.9,先行列車が塞いでいるため駅間停車防止モードで、速度はtarget_speed_no_stopをわずか上回る程度で安全に加速しており、速度・信号違反やノコギリ運転はなく、停止位置も十分確保できる。
74.0,Train11,巡航フェーズ（駅間走行中）,惰行中,1.0,力行（加速）,6.0,70.0,70.0,67.92,70.0,1183.2,59.0,239.97554976935857,0.0,0.0,この先制限速度なし,193m先に上り勾配12.5‰あり,前方851.8m先を54.2km/h,後続列車なし,5.0,74.0,未発車,55.0,60.2,anti_mid_stop,0.9,先行列車が塞いでいるため駅間停車防止モード。現在はtarget_speed_no_stopを超えているが、惰行で速度を落とす適切な操作であり安全・定時・省エネ上問題なし。
47.0,Train11,巡航フェーズ（駅間走行中）,力行（加速）中,26.0,惰行,1.0,70.0,70.0,61.94,70.0,1667.8,51.0,220.00565218383966,0.0,-6.7,この先制限速度なし,この先目立った勾配なし,前方881.9m先を62.8km/h,後続列車なし,5.0,101.0,未発車,55.0,56.2,anti_mid_stop,0.5,先行列車が塞いでいるため駅間停車防止モードで、現在速度が target_speed_no_stop＋5km/h を僅かに超えており過剰加速と判断し減点した。
89.0,Train11,巡航フェーズ（駅間走行中）,力行（加速）中,13.0,ブレーキ（減速）,6.0,70.0,70.0,55.91,55.9,990.4,81.0,163.97988884921054,0.0,0.0,この先制限速度なし,0m先に上り勾配12.5‰あり,前方978.4m先を10.7km/h,後続列車なし,0.0,69.0,未発車,70.0,52.9,anti_mid_stop,0.9,先行列車が遅く進行中で機外停車防止モード。現在速度は target_speed_no_stop＋5km/h以内で加速しており、上限超過や間隔侵害はなく安全かつエネルギー的に許容範囲。
132.0,Train11,巡航フェーズ（駅間走行中）,力行（加速）中,5.0,惰行,6.0,70.0,70.0,66.01,66.0,534.1,46.0,210.03008267263345,0.0,6.1,この先制限速度なし,344m先に上り勾配9.2‰あり,前方534.5m先を0.0km/h,後続列車なし,10.0,6.0,未発車,70.0,66.0,normal,0.3,巡航フェーズでrequired_speedに達しているのに不要な力行を続け、保持時間が7秒未満で惰行→力行の切替が合理的根拠なく行われたため、ノコギリ運転と不要加速で減点しrewardを0.3とした。
110.0,Train11,巡航フェーズ（駅間走行中）,惰行中,5.0,力行（加速）,12.0,70.0,70.0,58.12,70.0,723.5,46.0,176.94071989367882,0.0,0.0,この先制限速度なし,133m先に上り勾配6.1‰あり,前方634.6m先を28.9km/h,後続列車なし,5.0,53.0,未発車,40.0,47.7,anti_mid_stop,0.2,先行列車が塞いでいる駅間停車防止モードで、target_speed_no_stop 47.7km/h を10km/h超える惰行となり過剰加速とみなされ減点し、rewardは0.2とした。
145.0,Train11,巡航フェーズ（駅間走行中）,惰行中,3.0,ブレーキ（減速）,2.0,70.0,70.0,56.53,70.0,695.6,33.0,167.56874823181465,0.0,0.0,この先制限速度なし,105m先に上り勾配6.1‰あり,前方696.0m先を0.0km/h,後続列車なし,5.0,48.0,未発車,40.0,49.8,anti_mid_stop,0.1,駅間停車防止モードでtarget_speed_no_stop 49.8km/hを6.7km/h上回り過加速し、さらにブレーキ→惰行の短時間切替が合理的理由なくノコギリ運転と判定されたため、上限0.1点に抑えた。
76.0,Train11,巡航フェーズ（駅間走行中）,力行（加速）中,4.0,惰行,6.0,70.0,70.0,58.71,70.0,1338.8,34.0,180.47976965555273,0.0,0.0,この先制限速度なし,348m先に上り勾配12.5‰あり,前方710.3m先を62.3km/h,後続列車なし,10.0,92.0,未発車,40.0,57.7,anti_mid_stop,0.4,先行列車が塞いでいるため駅間停車防止モード。target_speed_no_stop 超過の力行と短時間のノコギリ運転が判定され、減点対象となった。
100.0,Train11,巡航フェーズ（駅間走行中）,力行（加速）中,22.0,ブレーキ（減速）,1.0,70.0,70.0,62.19,70.0,1162.0,51.0,202.0258330389222,0.0,0.0,この先制限速度なし,171m先に上り勾配12.5‰あり,前方1028.5m先を35.5km/h,後続列車なし,0.0,73.0,未発車,40.0,59.5,anti_mid_stop,1.0,先行列車が遅く塞いでいるため駅間停車防止モードとなり、現在速度はtarget_speed_no_stop上限＋5km/h以内で加速を維持して安全基準を満たす。
66.0,Train11,巡航フェーズ（駅間走行中）,惰行中,6.0,力行（加速）,10.0,70.0,70.0,58.55,70.0,1397.9,37.0,179.51675068632008,0.0,0.0,この先制限速度なし,407m先に上り勾配12.5‰あり,前方682.1m先を63.4km/h,後続列車なし,5.0,112.0,未発車,40.0,51.6,anti_mid_stop,0.9,先行列車が塞いでいるため駅間停車防止モードと判定し、現在速度はtarget_speed_no_stop付近で惰行、制限速度・CBTC遵守、ノコギリ運転なしで安全かつ効率的。
88.0,Train11,巡航フェーズ（駅間走行中）,惰行中,2.0,力行（加速）,7.0,70.0,70.0,55.78,70.0,1155.3,66.0,163.23206786493418,0.0,0.0,この先制限速度なし,165m先に上り勾配12.5‰あり,前方1049.8m先を31.5km/h,後続列車なし,0.0,85.0,未発車,55.0,52.9,anti_mid_stop,0.9,先行列車が塞いで駅間停車防止モード。現在速度55.8km/hはtarget_speed_no_stop 52.9km/hを5km/h以内で上回っており、上限超過でもなく惰行で適切な運転と判断した。
126.0,Train11,巡航フェーズ（駅間走行中）,力行（加速）中,10.0,惰行,6.0,70.0,70.0,48.92,70.0,662.0,46.0,126.09202284756034,0.0,0.0,この先制限速度なし,72m先に上り勾配6.1‰あり,前方655.2m先を8.1km/h,後続列車なし,5.0,52.0,未発車,40.0,44.3,anti_mid_stop,0.9,先行列車が塞いで駅間停車防止モード。現在速度はtarget_speed_no_stop上限以内で加速しており、制限・CBTC遵守、ノコギリ運転なしのため高評価。
130.0,Train11,巡航フェーズ（駅間走行中）,力行（加速）中,6.0,ブレーキ（減速）,2.0,70.0,70.0,49.29,52.4,540.6,48.0,118.319797646773,0.0,6.1,この先制限速度なし,350m先に上り勾配9.2‰あり,前方541.0m先を0.0km/h,後続列車なし,0.0,43.0,未発車,55.0,46.3,anti_mid_stop,0.2,先行列車が塞いで駅間停車防止モード。target_speed_no_stopを超える力行は許容範囲だが、ブレーキから6秒未満の加速がノコギリ運転と判定され、reward上限0.2となる。
88.0,Train11,巡航フェーズ（駅間走行中）,惰行中,6.0,力行（加速）,22.0,70.0,70.0,58.12,70.0,1077.1,43.0,176.94071989367882,0.0,0.0,この先制限速度なし,87m先に上り勾配12.5‰あり,前方730.5m先を55.5km/h,後続列車なし,5.0,75.0,未発車,40.0,54.5,anti_mid_stop,0.9,先行列車が塞いでいるため駅間停車防止モードで、速度は target_speed_no_stop(54.5km/h) を5km/h以内に抑えて惰行しており安全・効率的な運転と判断した。
145.0,Train11,次駅への減速フェーズ（駅手前400m以内）,力行（加速）中,5.0,ブレーキ（減速）,4.0,70.0,45.3,47.92,47.9,146.0,33.0,107.78184786620906,0.0,9.2,この先制限速度なし,この先目立った勾配なし,前方146.3m先を0.0km/h,後続列車なし,0.0,13.0,未発車,70.0,47.9,anti_mid_stop,0.0,CBTC信号45.3km/hを超える47.9km/hでブレーキせずに加速しており、即時0点ルールに該当するためrewardは0.0とする。
79.0,Train11,巡航フェーズ（駅間走行中）,惰行中,1.0,力行（加速）,6.0,70.0,70.0,60.5,70.0,1289.1,34.0,191.41931958026677,0.0,0.0,この先制限速度なし,299m先に上り勾配12.5‰あり,前方712.2m先を61.5km/h,後続列車なし,10.0,89.0,未発車,40.0,56.5,anti_mid_stop,0.9,先行列車が塞いでいるため駅間停車防止モードと判定し、速度がtarget_speed_no_stop上限以内で維持され、制限・CBTC遵守、合理的な減速でノコギリ運転なしと判断した。
173.79999999999916,Train11,次駅への減速フェーズ（駅手前400m以内）,ブレーキ（減速）中,0.9999999999999999,力行（加速）,0.1,70.0,0.0,5.16,5.2,3.9,4.2,1.2699600557361916,0.0,9.2,この先制限速度なし,この先目立った勾配なし,前方4.3m先を0.0km/h,後続列車なし,5.0,4.2,未発車,55.0,3.4,anti_mid_stop,0.0,CBTC信号が0km/hであるにも関わらず5.2km/hで走行し、即時0点ルールに該当したため。
47.0,Train11,巡航フェーズ（駅間走行中）,惰行中,8.0,力行（加速）,40.0,70.0,70.0,57.12,70.0,1667.1,46.0,187.77135515330258,0.0,-6.7,この先制限速度なし,この先目立った勾配なし,前方794.1m先を62.9km/h,後続列車なし,10.0,106.0,未発車,55.0,52.3,anti_mid_stop,0.9,先行列車が塞いでいる駅間停車防止モードで、現在速度はtarget_speed_no_stopを5km/h以内で超えており惰行は適切、全安全基準を満たすため高評価。
51.0,Train11,巡航フェーズ（駅間走行中）,ブレーキ（減速）中,2.0,力行（加速）,13.0,70.0,70.0,49.69,70.0,1678.5,52.0,142.83569374265917,0.0,-6.7,この先制限速度なし,この先目立った勾配なし,前方962.6m先を63.4km/h,後続列車なし,5.0,112.0,未発車,55.0,49.3,anti_mid_stop,0.8,先行列車が塞ぎ駅間停車防止モードで、速度はtarget_speed_no_stop付近に保たれ制限・CBTC遵守。2秒のブレーキは過度な低速ではないがエネルギー無駄があるため0.8とした。
47.0,Train11,巡航フェーズ（駅間走行中）,惰行中,8.0,力行（加速）,40.0,70.0,70.0,57.12,70.0,1667.1,77.0,187.77135515330258,0.0,-6.7,この先制限速度なし,この先目立った勾配なし,前方1224.6m先を58.9km/h,後続列車なし,0.0,111.0,未発車,70.0,49.4,anti_mid_stop,0.4,先行列車が塞いでいる駅間停車防止モードで、現在速度が target_speed_no_stop を5km/h 超えて過剰加速とみなされ減点。
80.0,Train11,巡航フェーズ（駅間走行中）,惰行中,7.0,力行（加速）,6.0,70.0,70.0,66.5,70.0,1071.2,60.0,230.28689216799106,0.0,0.0,この先制限速度なし,81m先に上り勾配12.5‰あり,前方823.8m先を46.6km/h,後続列車なし,5.0,68.0,未発車,55.0,57.9,anti_mid_stop,0.9,先行列車が塞いでいるため駅間停車防止モードとなり、target_speed_no_stop(57.9km/h)以下に抑えるべきところを惰行で速度を徐々に下げており、制限速度・CBTC遵守・間隔・定時性すべて適切である。
157.49999999999952,Train11,次駅への減速フェーズ（駅手前400m以内）,ブレーキ（減速）中,5.099999999999998,惰行,0.1,70.0,0.0,20.45,20.4,14.9,20.5,19.862909528718856,0.0,9.2,この先制限速度なし,この先目立った勾配なし,前方15.5m先を1.4km/h,後続列車なし,0.0,0.5,未発車,70.0,20.4,normal,1.0,次駅減速フェーズでブレーキを適切に掛け、delta_stopが5m以内で安全に停止できるため高評価。
147.0,Train11,巡航フェーズ（駅間走行中）,惰行中,1.0,力行（加速）,6.0,70.0,70.0,56.7,70.0,686.7,31.0,168.5592324608211,0.0,0.0,この先制限速度なし,96m先に上り勾配6.1‰あり,前方687.1m先を0.0km/h,後続列車なし,5.0,46.0,未発車,40.0,51.2,anti_mid_stop,0.4,先行列車が塞いで駅間停車防止モード。現在速度がtarget_speed_no_stop(51.2km/h)を超えており、加速→惰行への短時間切替が合理的理由なくノコギリ運転と判定され、上限0.5に抑えられた。
159.0,Train11,巡航フェーズ（駅間走行中）,力行（加速）中,6.0,惰行,7.0,70.0,70.0,57.35,70.0,499.7,19.0,159.42396990994771,0.0,6.1,この先制限速度なし,309m先に上り勾配9.2‰あり,前方500.0m先を0.0km/h,後続列車なし,5.0,34.0,未発車,40.0,50.0,anti_mid_stop,0.3,先行列車が停車中で駅間停車防止モード。現在速度がtarget_speed_no_stop 50km/hを5km/h超えて加速しており、機外停車リスクがあるため減点し、rewardは0.3とする。
60.0,Train11,巡航フェーズ（駅間走行中）,力行（加速）中,10.0,惰行,10.0,70.0,70.0,58.98,70.0,1496.4,36.0,182.1103880009505,0.0,0.0,この先制限速度なし,この先目立った勾配なし,前方675.7m先を62.5km/h,後続列車なし,5.0,118.0,未発車,40.0,53.1,anti_mid_stop,0.3,先行が塞いで駅間停車防止モード中に target_speed_no_stop を5km/h 超えて力行し過剰加速と判断し減点した。
176.6999999999994,Train11,次駅への減速フェーズ（駅手前400m以内）,ブレーキ（減速）中,1.3,惰行,0.1,70.0,0.0,18.3,70.0,18.6,1.3,15.917011356799298,0.0,9.2,この先制限速度なし,この先目立った勾配なし,前方19.0m先を0.0km/h,後続列車なし,5.0,1.3,未発車,55.0,7.5,anti_mid_stop,0.0,先行列車が19m先で停止中で距離が40m未満、衝突リスクと判定し即0.0とした。
61.0,Train11,巡航フェーズ（駅間走行中）,力行（加速）中,13.0,惰行,9.0,70.0,70.0,64.05,70.0,1433.0,80.0,214.00950590030195,0.0,0.0,この先制限速度なし,442m先に上り勾配12.5‰あり,前方1198.4m先を45.4km/h,後続列車なし,0.0,97.0,未発車,70.0,59.4,anti_mid_stop,0.9,先行列車が塞いでいるため駅間停車防止モード。現在速度はtarget_speed_no_stop 59.4km/hを5km/h以内で上回っており、過剰加速ではないため高評価。
118.0,Train11,巡航フェーズ（駅間走行中）,力行（加速）中,46.0,ブレーキ（減速）,6.0,70.0,70.0,61.76,70.0,1159.7,46.0,199.3016073838764,0.0,0.0,この先制限速度なし,169m先に上り勾配12.5‰あり,前方1123.4m先を18.4km/h,後続列車なし,5.0,75.0,未発車,40.0,58.3,anti_mid_stop,0.9,先行列車が塞いでいるため駅間停車防止モードで、現在速度はtarget_speed_no_stop上限＋5km/h以内の加速であり、制限速度・CBTC順守・安全上問題なし。
117.0,Train11,巡航フェーズ（駅間走行中）,惰行中,6.0,力行（加速）,14.0,70.0,70.0,56.44,56.4,706.9,61.0,167.04549600189435,0.0,0.0,この先制限速度なし,116m先に上り勾配6.1‰あり,前方707.3m先を0.0km/h,後続列車なし,0.0,56.0,未発車,55.0,44.7,anti_mid_stop,0.9,先行列車が停車中で駅間停車防止モード。現在速度はtarget_speed_no_stopを上回っているが惰行で減速しており、制限・CBTC遵守・停車余裕も十分なため高評価とした。
76.0,Train11,巡航フェーズ（駅間走行中）,力行（加速）中,9.0,惰行,6.0,70.0,70.0,59.4,70.0,1482.2,59.0,184.66067983867032,0.0,0.0,この先制限速度なし,492m先に上り勾配12.5‰あり,前方1180.2m先を51.7km/h,後続列車なし,5.0,102.0,未発車,55.0,59.0,anti_mid_stop,0.9,先行列車が塞いで駅間停車防止モード。target_speed_no_stopを超えず適切に加速しているため高評価。
150.0,Train11,巡航フェーズ（駅間走行中）,惰行中,4.0,力行（加速）,6.0,70.0,70.0,56.11,70.0,639.7,28.0,165.13355339139738,0.0,0.0,この先制限速度なし,49m先に上り勾配6.1‰あり,前方640.1m先を0.0km/h,後続列車なし,5.0,43.0,未発車,40.0,49.0,anti_mid_stop,1.0,先行列車が停車しているため駅間停車防止モード。現在速度はtarget_speed_no_stopを上回っているが惰行で減速させており、過剰加速はなく安全かつ省エネで適切な操作と判断した。
127.0,Train11,巡航フェーズ（駅間走行中）,力行（加速）中,12.0,惰行,6.0,70.0,70.0,65.8,65.8,707.8,51.0,225.57934266538615,0.0,0.0,この先制限速度なし,117m先に上り勾配6.1‰あり,前方708.1m先を0.0km/h,後続列車なし,10.0,26.0,未発車,55.0,65.8,normal,0.7,巡航フェーズでrequired_speedに達したにも関わらず加速を続けたため不要な力行となりエネルギー効率が低下し、評価を減点した。
95.0,Train11,巡航フェーズ（駅間走行中）,惰行中,3.0,力行（加速）,11.0,70.0,70.0,60.46,70.0,996.7,45.0,191.17154332464278,0.0,0.0,この先制限速度なし,6m先に上り勾配12.5‰あり,前方749.4m先を46.6km/h,後続列車なし,5.0,68.0,未発車,40.0,54.0,anti_mid_stop,0.5,先行列車が塞いでいるため駅間停車防止モード。現在速度60.5km/hがtarget_speed_no_stop54km/hを5km/h超えており過剰加速とみなされ減点対象となる。
41.0,Train11,巡航フェーズ（駅間走行中）,惰行中,1.0,力行（加速）,6.0,70.0,70.0,52.61,70.0,1775.5,40.0,159.79983746807665,0.0,-6.7,この先制限速度なし,この先目立った勾配なし,前方710.4m先を63.0km/h,後続列車なし,0.0,147.0,未発車,40.0,35.6,anti_mid_stop,0.2,先行列車が塞いでいるため駅間停車防止モード。現在速度がtarget_speed_no_stopを5km/h以上超えており過剰加速とみなされ減点対象。
60.0,Train11,巡航フェーズ（駅間走行中）,ブレーキ（減速）中,1.0,力行（加速）,9.0,70.0,70.0,58.89,70.0,1490.3,61.0,181.5660780836554,0.0,0.0,この先制限速度なし,この先目立った勾配なし,前方1014.9m先を59.7km/h,後続列車なし,0.0,113.0,未発車,55.0,54.2,anti_mid_stop,0.9,先行列車が塞いでいるため駅間停車防止モード。現在速度がtarget_speed_no_stop上限以内でブレーキにより速度を下げており、制限・CBTC遵守・安全距離も確保されているため高評価。
156.0,Train11,次駅への減速フェーズ（駅手前400m以内）,力行（加速）中,8.0,ブレーキ（減速）,6.0,70.0,69.4,31.92,70.0,280.9,22.0,50.04963421953572,0.0,6.1,この先制限速度なし,90m先に上り勾配9.2‰あり,前方281.3m先を0.0km/h,後続列車なし,0.0,32.0,未発車,40.0,30.2,anti_mid_stop,0.2,先行列車が停車しているため駅間停車防止モード。target_speed_no_stop 30.2km/h を超えて加速し、停止位置への減速が遅れエネルギー無駄となるため低評価とした。
137.0,Train11,巡航フェーズ（駅間走行中）,力行（加速）中,4.0,惰行,6.0,70.0,70.0,65.63,65.7,525.8,41.0,207.6719884551199,0.0,6.1,この先制限速度なし,335m先に上り勾配9.2‰あり,前方526.1m先を0.0km/h,後続列車なし,10.0,16.0,未発車,55.0,65.7,normal,0.4,制限速度・CBTC遵守は問題なく、必要速度付近での加速も妥当だが、惰行から力行への短時間切替に合理的根拠がなくノコギリ運転と判定し、reward上限を0.3〜0.5に抑えた。
82.0,Train11,巡航フェーズ（駅間走行中）,ブレーキ（減速）中,2.0,力行（加速）,15.0,70.0,70.0,51.83,70.0,1187.1,66.0,141.2877264035097,0.0,0.0,この先制限速度なし,197m先に上り勾配12.5‰あり,前方1022.4m先を39.5km/h,後続列車なし,0.0,91.0,未発車,55.0,51.4,anti_mid_stop,1.0,先行列車が塞いでいるため駅間停車防止モードとなり、現在速度はtarget_speed_no_stop付近でブレーキにより上限に収束しており、安全かつ適切な操作と判断した。
48.0,Train11,巡航フェーズ（駅間走行中）,惰行中,1.0,力行（加速）,26.0,70.0,70.0,62.72,70.0,1650.5,52.0,225.44635870453322,0.0,-6.7,この先制限速度なし,この先目立った勾配なし,前方882.1m先を63.3km/h,後続列車なし,5.0,100.0,未発車,55.0,55.5,anti_mid_stop,0.9,先行列車が塞いでいるため駅間停車防止モード。target_speed_no_stopを超える速度で惰行しており、過加速ではなく減速方向の惰行で適切と判断した。
112.0,Train11,巡航フェーズ（駅間走行中）,ブレーキ（減速）中,1.0,惰行,6.0,70.0,70.0,57.71,70.0,691.3,46.0,174.50092594062076,0.0,0.0,この先制限速度なし,101m先に上り勾配6.1‰あり,前方617.8m先を26.2km/h,後続列車なし,5.0,51.0,未発車,40.0,47.0,anti_mid_stop,0.9,先行列車が塞いでいるため駅間停車防止モード。現在速度はtarget_speed_no_stopを超えているが、ブレーキで減速しており安全・適切な操作であるため高評価。
123.0,Train11,巡航フェーズ（駅間走行中）,ブレーキ（減速）中,1.0,惰行,10.0,70.0,70.0,51.43,52.5,634.1,55.0,139.1499144941032,0.0,0.0,この先制限速度なし,44m先に上り勾配6.1‰あり,前方634.4m先を0.0km/h,後続列車なし,0.0,50.0,未発車,55.0,43.8,anti_mid_stop,0.9,先行列車が停車しているため駅間停車防止モード。現在速度がtarget_speed_no_stop(43.8km/h)を上回っており、ブレーキで速度を下げる操作は適切であるため高評価。
136.0,Train11,巡航フェーズ（駅間走行中）,力行（加速）中,2.0,惰行,7.0,70.0,70.0,49.19,57.4,487.7,42.0,117.84675941604597,0.0,6.1,この先制限速度なし,297m先に上り勾配9.2‰あり,前方488.0m先を0.0km/h,後続列車なし,5.0,42.0,未発車,55.0,42.9,anti_mid_stop,0.7,先行列車が停車しているため駅間停車防止モードと判定し、target_speed_no_stop 42.9km/h を超える49.2km/h の力行は過加速とみなされ減点対象となった。
147.99999999999983,Train11,次駅への減速フェーズ（駅手前400m以内）,ブレーキ（減速）中,5.099999999999998,惰行,4.0,70.0,12.6,33.21,33.2,56.8,30.0,52.13087957364994,0.0,9.2,この先制限速度なし,この先目立った勾配なし,前方57.5m先を2.8km/h,後続列車なし,5.0,0.0,未発車,70.0,33.2,normal,0.9,ブレーキが適切に作動し、delta_stopが±5m以内で停止位置が確保され、CBTC・制限速度も遵守しているため高評価。
63.0,Train11,巡航フェーズ（駅間走行中）,惰行中,3.0,力行（加速）,10.0,70.0,70.0,59.17,70.0,1447.0,37.0,183.262015471841,0.0,0.0,この先制限速度なし,456m先に上り勾配12.5‰あり,前方678.6m先を63.3km/h,後続列車なし,5.0,115.0,未発車,40.0,52.3,anti_mid_stop,0.3,駅間停車防止モードで target_speed_no_stop 52.3km/h を超える 59.2km/h の速度は過剰加速とみなされ、機外停車リスク回避のため減点対象となった。
40.0,Train11,巡航フェーズ（駅間走行中）,力行（加速）中,11.0,惰行,6.0,70.0,70.0,51.75,70.0,1798.0,35.0,144.92553949567355,0.0,-2.1,この先制限速度なし,8m先に下り勾配6.7‰あり,前方627.6m先を62.8km/h,後続列車なし,5.0,138.0,未発車,40.0,51.3,anti_mid_stop,0.8,先行列車が塞いでいるため駅間停車防止モード。target_speed_no_stop付近での加速は許容だが、required_speedに達せず遅延が拡大するためやや減点し0.8とする。
50.0,Train11,巡航フェーズ（駅間走行中）,惰行中,1.0,力行（加速）,22.0,70.0,70.0,50.92,70.0,1734.1,30.0,149.87094415121967,0.0,-6.7,この先制限速度なし,この先目立った勾配なし,前方651.4m先を63.2km/h,後続列車なし,10.0,118.0,未発車,40.0,47.9,anti_mid_stop,0.9,先行列車が塞いで駅間停車防止モード。target_speed_no_stop 47.9km/h付近で惰行し、速度は上限+5km/h以内で適切に維持されているため高評価。
49.0,Train11,巡航フェーズ（駅間走行中）,力行（加速）中,1.0,惰行,3.0,70.0,70.0,56.13,70.0,1741.3,58.0,181.44860715962136,0.0,-6.7,この先制限速度なし,この先目立った勾配なし,前方1078.0m先を62.7km/h,後続列車なし,0.0,124.0,未発車,55.0,44.1,anti_mid_stop,0.2,先行列車が塞いでいる駅間停車防止モードで、target_speed_no_stop44.1km/hを超える56.1km/hの力行は過剰加速で機外停車リスクがあり、短時間のノコギリ運転も判定されたためrewardは0.2とした。
105.0,Train11,巡航フェーズ（駅間走行中）,力行（加速）中,3.0,惰行,8.0,70.0,70.0,66.91,66.9,1026.1,72.0,233.0652207670543,0.0,0.0,この先制限速度なし,36m先に上り勾配12.5‰あり,前方1025.5m先を3.0km/h,後続列車なし,10.0,33.0,未発車,70.0,66.9,normal,0.5,巡航フェーズでrequired_speedに達しているのに力行を継続し、不要な加速でエネルギーを浪費しているため減点し0.5とする。
177.29999999999936,Train11,次駅への減速フェーズ（駅手前400m以内）,ブレーキ（減速）中,1.9000000000000006,惰行,0.1,70.0,0.0,16.54,70.0,15.7,0.7,13.009707543331137,0.0,9.2,この先制限速度なし,この先目立った勾配なし,前方16.2m先を0.8km/h,後続列車なし,5.0,0.7,未発車,55.0,6.9,anti_mid_stop,0.6,delta_stopが2.69mでやや早めのブレーキとなりやや減点、他は全て適切な減速で安全確保し、モード条件も満たしている。
149.0,Train11,次駅への減速フェーズ（駅手前400m以内）,力行（加速）中,4.0,惰行,12.0,70.0,69.4,48.52,51.1,281.3,29.0,114.70095739632775,0.0,6.1,この先制限速度なし,91m先に上り勾配9.2‰あり,前方281.6m先を0.0km/h,後続列車なし,0.0,24.0,未発車,55.0,34.7,anti_mid_stop,0.2,先行が塞ぎ駅間停車防止モードで、target_speed_no_stop 34.7km/h を超える48.5km/h の力行は過加速で機外停車リスクがあるため減点し0.2とした。
123.0,Train11,巡航フェーズ（駅間走行中）,力行（加速）中,28.0,ブレーキ（減速）,6.0,70.0,70.0,56.8,70.0,1058.1,46.0,169.14316409105018,0.0,0.0,この先制限速度なし,68m先に上り勾配12.5‰あり,前方1042.9m先を12.0km/h,後続列車なし,5.0,70.0,未発車,40.0,55.8,anti_mid_stop,0.9,先行列車が塞いでいるため駅間停車防止モード。現在速度はtarget_speed_no_stop＋5km/h以内で加速しており、上限超過や安全違反はなく適切な運転と判断した。
46.0,Train11,巡航フェーズ（駅間走行中）,惰行中,1.0,力行（加速）,25.0,70.0,70.0,57.24,70.0,1724.2,70.0,188.54469089926852,0.0,-6.7,この先制限速度なし,この先目立った勾配なし,前方1181.6m先を61.4km/h,後続列車なし,5.0,102.0,未発車,70.0,56.9,anti_mid_stop,0.9,先行列車が塞いで駅間停車防止モード。target_speed_no_stop付近で惰行を維持し、速度超過や信号違反なしで安全かつ省エネと判断し高評価。
130.0,Train11,巡航フェーズ（駅間走行中）,惰行中,19.0,力行（加速）,14.0,70.0,70.0,52.75,52.8,508.6,48.0,135.24704056566677,0.0,6.1,この先制限速度なし,318m先に上り勾配9.2‰あり,前方508.9m先を0.0km/h,後続列車なし,0.0,43.0,未発車,55.0,44.0,anti_mid_stop,1.0,先行列車が停車しているため駅間停車防止モードとなり、現在はtarget_speed_no_stop44km/hを超えているが惰行で速度低減し、制限速度・CBTC遵守、間隔安全、ノコギリ運転なしで適切な運転と判断した。
90.0,Train11,巡航フェーズ（駅間走行中）,力行（加速）中,9.0,ブレーキ（減速）,4.0,70.0,70.0,59.11,70.0,1080.5,44.0,182.89797296993063,0.0,0.0,この先制限速度なし,90m先に上り勾配12.5‰あり,前方764.0m先を52.9km/h,後続列車なし,5.0,73.0,未発車,40.0,55.3,anti_mid_stop,0.9,先行列車が塞いでいるため駅間停車防止モード。現在速度は target_speed_no_stop の＋5km/h 以内で加速しており、速度超過・CBTC違反・安全リスクがなく高評価とした。
64.0,Train11,巡航フェーズ（駅間走行中）,惰行中,3.0,力行（加速）,28.0,70.0,70.0,54.56,70.0,1669.2,56.0,171.63179107840548,0.0,-6.7,この先制限速度なし,この先目立った勾配なし,前方1177.2m先を60.1km/h,後続列車なし,5.0,114.0,未発車,55.0,47.6,anti_mid_stop,0.3,先行列車が塞いで駅間停車防止モードとなり、現在速度がtarget_speed_no_stop 47.6km/hを5km/h以上上回っているため過剰加速とみなし、評価を下げ0.3とした。
137.0,Train11,巡航フェーズ（駅間走行中）,惰行中,3.0,力行（加速）,3.0,70.0,70.0,55.92,70.0,565.2,41.0,151.70497409461103,0.0,6.1,この先制限速度なし,375m先に上り勾配9.2‰あり,前方565.6m先を0.0km/h,後続列車なし,5.0,41.0,未発車,40.0,50.0,anti_mid_stop,0.2,先行列車が停止しているため駅間停車防止モード。現在速度がtarget_speed_no_stopを5km/h超えており過剰加速、さらに短時間の力行→惰行に合理的根拠がなくノコギリ運転と判断したためrewardを0.2とした。
133.0,Train11,巡航フェーズ（駅間走行中）,惰行中,4.0,力行（加速）,7.0,70.0,70.0,42.11,52.9,495.1,45.0,86.69017910585497,0.0,6.1,この先制限速度なし,305m先に上り勾配9.2‰あり,前方495.5m先を0.0km/h,後続列車なし,0.0,55.0,未発車,40.0,38.0,anti_mid_stop,1.0,先行列車が停車中で駅間停車防止モード。現在速度はtarget_speed_no_stop上限＋5km/h以内で惰行しており、制限・CBTC違反もなく安全かつ省エネ的に適切。
142.0,Train11,次駅への減速フェーズ（駅手前400m以内）,力行（加速）中,24.0,惰行,6.0,70.0,70.0,62.85,62.9,315.8,36.0,190.80216319606575,0.0,6.1,この先制限速度なし,125m先に上り勾配9.2‰あり,前方316.2m先を0.0km/h,後続列車なし,0.0,1.0,未発車,70.0,62.9,normal,0.0,先行列車が0km/hで約0.4m先に停車しており衝突リスクが高いため即時0点とする。
43.0,Train11,巡航フェーズ（駅間走行中）,惰行中,4.0,力行（加速）,40.0,70.0,70.0,56.97,70.0,1730.5,45.0,186.80679403450074,0.0,-6.7,この先制限速度なし,この先目立った勾配なし,前方787.8m先を62.5km/h,後続列車なし,10.0,110.0,未発車,55.0,52.7,anti_mid_stop,1.0,先行列車が塞いでいるため駅間停車防止モードで、速度はtarget_speed_no_stop付近で惰行しており、制限速度・CBTC遵守、ノコギリ運転なしで安全に運転している。
46.0,Train11,巡航フェーズ（駅間走行中）,力行（加速）中,25.0,惰行,1.0,70.0,70.0,61.14,70.0,1684.9,51.0,214.49002343898493,0.0,-6.7,この先制限速度なし,この先目立った勾配なし,前方881.6m先を62.6km/h,後続列車なし,5.0,102.0,未発車,55.0,56.2,anti_mid_stop,0.9,先行列車が塞いでいるため駅間停車防止モード。現在速度は target_speed_no_stop+5km/h 以内で加速し、制限速度・CBTC を遵守しているため高評価。
135.0,Train11,巡航フェーズ（駅間走行中）,惰行中,24.0,力行（加速）,14.0,70.0,70.0,50.75,50.8,436.7,43.0,125.32992402332651,0.0,6.1,この先制限速度なし,246m先に上り勾配9.2‰あり,前方437.1m先を0.0km/h,後続列車なし,0.0,38.0,未発車,55.0,41.0,anti_mid_stop,0.2,先行列車が停車中で機外停車防止モード。現在速度が target_speed_no_stop＋5km/h を超えており、間隔も不足しているため減点し、rewardは0.2とする。
149.0,Train11,次駅への減速フェーズ（駅手前400m以内）,力行（加速）中,4.0,惰行,6.0,70.0,70.0,43.99,70.0,381.5,29.0,94.5123096311678,0.0,6.1,この先制限速度なし,191m先に上り勾配9.2‰あり,前方381.9m先を0.0km/h,後続列車なし,5.0,29.0,未発車,40.0,42.2,anti_mid_stop,0.2,先行列車が停車しているため駅間停車防止モードと判定し、target_speed_no_stopを超える加速とノコギリ運転が見られたため評価を低減し0.2とした。
34.0,Train11,巡航フェーズ（駅間走行中）,力行（加速）中,35.0,ブレーキ（減速）,30.0,70.0,70.0,52.18,70.0,1868.8,50.0,147.3033411749892,0.0,-2.1,この先制限速度なし,78m先に下り勾配6.7‰あり,前方856.3m先を63.1km/h,後続列車なし,5.0,144.0,未発車,55.0,51.7,anti_mid_stop,0.9,先行列車が塞いでいるため駅間停車防止モードで、現在速度はtarget_speed_no_stopの許容範囲内（+5km/h以内）にあり、過剰な加速や安全違反がないため高評価とした。
156.99999999999966,Train11,次駅への減速フェーズ（駅手前400m以内）,ブレーキ（減速）中,0.4,惰行,0.1,70.0,0.0,28.84,28.8,28.8,21.0,39.384390390204025,0.0,9.2,この先制限速度なし,この先目立った勾配なし,前方29.2m先を0.0km/h,後続列車なし,5.0,6.0,未発車,40.0,28.8,normal,0.0,ブレーキ中にdelta_stopが-10.58mでオーバーランが確実と判断され、即reward0.0ルールが適用されたため。
168.49999999999946,Train11,次駅への減速フェーズ（駅手前400m以内）,ブレーキ（減速）中,0.8999999999999999,力行（加速）,0.1,70.0,0.0,19.86,19.9,22.0,9.5,18.736970289422786,0.0,9.2,この先制限速度なし,この先目立った勾配なし,前方22.4m先を0.0km/h,後続列車なし,5.0,9.5,未発車,55.0,8.1,anti_mid_stop,0.0,CBTC信号が0km/hであるにも関わらず現在速度が19.9km/hで信号速度超過となり、即reward0.0ルールが適用されたため。
110.0,Train11,巡航フェーズ（駅間走行中）,惰行中,6.0,力行（加速）,9.0,70.0,70.0,49.04,51.9,712.0,61.0,126.70225100328646,0.0,0.0,この先制限速度なし,121m先に上り勾配6.1‰あり,前方702.7m先を9.4km/h,後続列車なし,5.0,68.0,未発車,55.0,38.5,anti_mid_stop,0.2,駅間停車防止モードで target_speed_no_stop(38.5km/h) を5km/h超える49km/hで惰行しており過加速とみなされ減点対象となる。
79.0,Train11,巡航フェーズ（駅間走行中）,力行（加速）中,6.0,惰行,6.0,70.0,70.0,67.21,69.4,1152.5,76.0,235.10797802831536,0.0,0.0,この先制限速度なし,162m先に上り勾配12.5‰あり,前方1055.5m先を30.2km/h,後続列車なし,5.0,69.0,未発車,70.0,62.8,anti_mid_stop,1.0,先行列車が塞いでいるため駅間停車防止モードで、速度は target_speed_no_stop の許容範囲内で加速しており安全・適切と判断した。
97.0,Train11,巡航フェーズ（駅間走行中）,力行（加速）中,19.0,ブレーキ（減速）,1.0,70.0,70.0,60.5,70.0,1213.1,51.0,191.41931958026677,0.0,0.0,この先制限速度なし,223m先に上り勾配12.5‰あり,前方1048.4m先を39.5km/h,後続列車なし,0.0,76.0,未発車,40.0,60.3,anti_mid_stop,0.9,先行列車が塞いでいるため駅間停車防止モードで、現在速度は target_speed_no_stop の許容範囲内にあり、CBTC・制限速度も遵守している。
73.0,Train11,巡航フェーズ（駅間走行中）,惰行中,3.0,力行（加速）,6.0,70.0,70.0,67.32,70.0,1197.9,58.0,235.85906900035639,0.0,0.0,この先制限速度なし,207m先に上り勾配12.5‰あり,前方851.3m先を55.5km/h,後続列車なし,5.0,75.0,未発車,55.0,60.0,anti_mid_stop,0.8,先行列車が塞いでいるため駅間停車防止モード。target_speed_no_stop 60km/h を超える力行はなく、惰行で上限付近に速度を落としているため高評価だが、速度が上限＋5km/h を僅かに超えている点で軽減し0.8とした。
55.0,Train11,巡航フェーズ（駅間走行中）,惰行中,8.0,力行（加速）,32.0,70.0,70.0,53.6,70.0,1683.6,35.0,165.75670508094217,0.0,-6.7,この先制限速度なし,この先目立った勾配なし,前方775.8m先を62.7km/h,後続列車なし,5.0,123.0,未発車,40.0,43.3,anti_mid_stop,0.2,先行列車が塞いでいるため駅間停車防止モード。現在速度が target_speed_no_stop (43.3km/h) を10km/h超えており過剰加速とみなされ減点。
92.0,Train11,巡航フェーズ（駅間走行中）,ブレーキ（減速）中,2.0,惰行,12.0,70.0,70.0,55.3,70.0,1075.9,38.0,160.48496182376957,0.0,0.0,この先制限速度なし,85m先に上り勾配12.5‰あり,前方713.7m先を56.8km/h,後続列車なし,10.0,76.0,未発車,40.0,53.8,anti_mid_stop,0.9,先行列車が塞いでいる駅間停車防止モードで、現在速度はtarget_speed_no_stop付近。ブレーキは上限遵守のため適切で高評価。
56.0,Train11,巡航フェーズ（駅間走行中）,力行（加速）中,6.0,惰行,10.0,70.0,70.0,56.47,70.0,1560.6,35.0,167.21982710044904,0.0,0.0,この先制限速度なし,この先目立った勾配なし,前方670.2m先を62.8km/h,後続列車なし,5.0,122.0,未発車,40.0,54.1,anti_mid_stop,1.0,先行列車が塞いでいるため駅間停車防止モードと判定し、現在速度は target_speed_no_stop の＋5km/h 以内で加速しており、制限速度・CBTC も遵守しているため高評価とする。
148.0,Train11,巡航フェーズ（駅間走行中）,惰行中,6.0,ブレーキ（減速）,2.0,70.0,70.0,55.94,70.0,648.7,30.0,164.15269356810802,0.0,0.0,この先制限速度なし,58m先に上り勾配6.1‰あり,前方649.1m先を0.0km/h,後続列車なし,5.0,45.0,未発車,40.0,48.8,anti_mid_stop,0.2,先行列車が停車中で駅間停車防止モード。現在速度がtarget_speed_no_stop上限を超えており、短時間のブレーキ→惰行切替がノコギリ運転と判定されたため減点し、rewardは0.2とした。
126.0,Train11,巡航フェーズ（駅間走行中）,惰行中,1.0,力行（加速）,30.0,70.0,70.0,58.68,70.0,1009.9,46.0,180.29901797412907,0.0,0.0,この先制限速度なし,19m先に上り勾配12.5‰あり,前方1003.1m先を8.1km/h,後続列車なし,5.0,67.0,未発車,40.0,55.0,anti_mid_stop,1.0,先行列車が塞いでいるため駅間停車防止モードと判定し、現在速度58.7km/hはtarget_speed_no_stop55km/h＋5km/h以内の惰行で、制限速度・CBTC遵守、ノコギリ運転なしと評価し高評価とした。
45.0,Train11,巡航フェーズ（駅間走行中）,力行（加速）中,24.0,惰行,1.0,70.0,70.0,60.32,70.0,1701.8,51.0,208.90459490900844,0.0,-6.7,この先制限速度なし,この先目立った勾配なし,前方881.1m先を62.5km/h,後続列車なし,5.0,103.0,未発車,55.0,56.2,anti_mid_stop,1.0,先行列車が塞いでいる駅間停車防止モードで、速度が target_speed_no_stop(56.2km/h) を5km/h以内で上回り加速も許容範囲。制限速度・CBTC遵守、間隔・ノコギリ運転なしで安全に運転しているため高評価。
83.0,Train11,巡航フェーズ（駅間走行中）,惰行中,27.0,力行（加速）,6.0,70.0,70.0,51.98,70.0,1143.8,48.0,142.09342393193307,0.0,0.0,この先制限速度なし,153m先に上り勾配12.5‰あり,前方797.2m先を55.5km/h,後続列車なし,0.0,105.0,未発車,40.0,44.3,anti_mid_stop,0.4,先行列車が塞ぎ駅間停車防止モードで、target_speed_no_stop 44.3km/h を超える52km/hで惰行しており上限速度超過とみなされ減点したため。
171.29999999999941,Train11,次駅への減速フェーズ（駅手前400m以内）,ブレーキ（減速）中,3.1000000000000014,惰行,0.1,70.0,0.0,15.33,15.3,8.2,6.7,11.179906227710624,0.0,9.2,この先制限速度なし,この先目立った勾配なし,前方8.6m先を0.0km/h,後続列車なし,0.0,1.7,未発車,55.0,5.0,anti_mid_stop,0.0,先行列車が8.6m先で停止しており衝突リスクがあるため即時0点とする。
124.0,Train11,巡航フェーズ（駅間走行中）,力行（加速）中,1.0,惰行,2.0,70.0,70.0,63.47,70.0,1054.5,46.0,210.23790837409385,0.0,0.0,この先制限速度なし,64m先に上り勾配12.5‰あり,前方1042.5m先を10.7km/h,後続列車なし,5.0,69.0,未発車,40.0,56.9,anti_mid_stop,0.2,先行列車が塞いで駅間停車防止モードで、target_speed_no_stop 56.9km/h を超える63.5km/h の力行を続け、惰行→力行の短時間切替があり過剰加速とノコギリ運転と判断し、上限超えで減点し上限0.3に抑えて0.2とした。
171.6999999999999,Train11,次駅への減速フェーズ（駅手前400m以内）,ブレーキ（減速）中,0.9999999999999999,惰行,0.1,70.0,22.0,40.48,70.0,72.5,6.3,77.1997400743328,0.0,9.2,この先制限速度なし,この先目立った勾配なし,前方72.9m先を0.0km/h,後続列車なし,5.0,6.3,未発車,40.0,17.4,anti_mid_stop,0.9,次駅減速フェーズでブレーキを適切に使用し、CBTC信号を遵守、停止位置誤差が5m以内で安全に停車できるため高評価。
122.0,Train11,巡航フェーズ（駅間走行中）,惰行中,1.0,力行（加速）,49.0,70.0,70.0,63.92,70.0,1089.9,46.0,213.1614152049045,0.0,0.0,この先制限速度なし,99m先に上り勾配12.5‰あり,前方1071.2m先を13.3km/h,後続列車なし,5.0,71.0,未発車,40.0,57.2,anti_mid_stop,0.7,先行列車が塞いでいるため駅間停車防止モード。現在速度が target_speed_no_stop の許容上限(62.2 km/h) を超えており、機外停車リスクがあるため減点し0.7とした。
187.99999999999926,Train11,次駅への減速フェーズ（駅手前400m以内）,ブレーキ（減速）中,1.3,惰行,0.1,70.0,0.0,8.45,70.0,5.4,0.0,3.4030842494802473,10.1,9.2,この先制限速度なし,この先目立った勾配なし,前方6.1m先を2.8km/h,後続列車なし,0.0,0.0,未発車,40.0,70.0,normal,0.0,先行列車が6.1m先に接近し安全距離を下回っているため即時0点とし、他の評価は無視する。
58.0,Train11,巡航フェーズ（駅間走行中）,力行（加速）中,25.0,ブレーキ（減速）,6.0,70.0,70.0,50.65,70.0,1757.9,54.0,148.31279818986417,0.0,-6.7,この先制限速度なし,この先目立った勾配なし,前方1163.9m先を61.9km/h,後続列車なし,5.0,120.0,未発車,55.0,47.1,anti_mid_stop,0.9,先行列車が塞いで駅間停車防止モードとなり、現在速度が target_speed_no_stop(47.1km/h) の±5km/h 内で加速して安全基準を満たすため高評価とした。
59.0,Train11,巡航フェーズ（駅間走行中）,力行（加速）中,11.0,惰行,9.0,70.0,70.0,62.99,70.0,1468.3,80.0,207.1403806611605,0.0,0.0,この先制限速度なし,478m先に上り勾配12.5‰あり,前方1207.8m先を47.9km/h,後続列車なし,0.0,99.0,未発車,70.0,59.9,anti_mid_stop,1.0,先行列車が塞いでいる駅間停車防止モードで、現在速度はtarget_speed_no_stop上限内の加速で安全かつ省エネと判断し高評価とした。
79.0,Train11,巡航フェーズ（駅間走行中）,惰行中,6.0,力行（加速）,6.0,70.0,70.0,66.73,70.0,1089.7,60.0,231.84355418695083,0.0,0.0,この先制限速度なし,99m先に上り勾配12.5‰あり,前方829.2m先を47.9km/h,後続列車なし,5.0,69.0,未発車,55.0,59.3,anti_mid_stop,0.2,先行が塞ぎ駅間停車防止モードで、速度がtarget_speed_no_stop＋5km/hを超えており、加速→惰行への短時間切替に合理的根拠がないため減点し、上限0.5を下回る0.2とした。
60.0,Train11,巡航フェーズ（駅間走行中）,惰行中,6.0,力行（加速）,6.0,70.0,70.0,60.2,70.0,1559.0,61.0,189.56468730438573,0.0,0.0,この先制限速度なし,この先目立った勾配なし,前方1083.6m先を59.7km/h,後続列車なし,0.0,113.0,未発車,55.0,56.9,anti_mid_stop,1.0,先行列車が塞いでいるため駅間停車防止モード。現在速度はtarget_speed_no_stopの許容範囲内で惰行し、制限・CBTC遵守、間隔・ノコギリ運転なしで安全に運転しているため高評価。
40.0,Train11,巡航フェーズ（駅間走行中）,力行（加速）中,19.0,惰行,1.0,70.0,70.0,56.04,70.0,1782.6,50.0,180.87888529492596,0.0,-6.7,この先制限速度なし,この先目立った勾配なし,前方874.8m先を62.7km/h,後続列車なし,5.0,108.0,未発車,55.0,55.5,anti_mid_stop,0.9,先行列車が塞いでいるため駅間停車防止モード。現在速度はtarget_speed_no_stop付近で上限超過なし、加速は適切と判断。
40.0,Train11,巡航フェーズ（駅間走行中）,惰行中,1.0,力行（加速）,40.0,70.0,70.0,56.87,70.0,1777.9,35.0,186.16505544331773,0.0,-6.7,この先制限速度なし,この先目立った勾配なし,前方607.5m先を62.8km/h,後続列車なし,5.0,123.0,未発車,40.0,46.3,anti_mid_stop,0.9,先行列車が塞いでいるため駅間停車防止モードとなり、target_speed_no_stop以下に速度を抑えるべく惰行に切り替えており、減速方向の操作として適切と判断した。
37.0,Train11,巡航フェーズ（駅間走行中）,惰行中,1.0,力行（加速）,37.0,70.0,70.0,54.52,70.0,1824.3,50.0,160.5659383857808,0.0,-2.1,この先制限速度なし,34m先に下り勾配6.7‰あり,前方864.3m先を62.4km/h,後続列車なし,5.0,141.0,未発車,55.0,51.3,anti_mid_stop,0.9,先行列車が塞いで駅間停車防止モード。現在速度が target_speed_no_stop＋5km/h以内で惰行し、CBTC・制限速度を遵守しているため高評価とし、rewardを0.9とする。
78.0,Train11,巡航フェーズ（駅間走行中）,惰行中,9.0,力行（加速）,6.0,70.0,70.0,58.82,70.0,1175.0,60.0,181.14325853438365,0.0,0.0,この先制限速度なし,184m先に上り勾配12.5‰あり,前方901.0m先を49.1km/h,後続列車なし,5.0,100.0,未発車,55.0,47.2,anti_mid_stop,0.2,先行列車が塞いでいるため駅間停車防止モードと判定し、target_speed_no_stop 47.2km/h を超える58.8km/hで走行しているため過加速とみなし減点した。
93.0,Train11,巡航フェーズ（駅間走行中）,惰行中,11.0,力行（加速）,22.0,70.0,70.0,57.1,70.0,997.0,45.0,170.9007056341134,0.0,0.0,この先制限速度なし,7m先に上り勾配12.5‰あり,前方723.1m先を49.1km/h,後続列車なし,5.0,70.0,未発車,40.0,53.3,anti_mid_stop,1.0,先行列車が塞いでいるため駅間停車防止モード。現在速度はtarget_speed_no_stop+5km/h以内で惰行しており、制限・CBTC遵守、間隔・定時性も問題なし。
119.0,Train11,巡航フェーズ（駅間走行中）,力行（加速）中,10.0,惰行,6.0,70.0,70.0,48.72,48.7,610.5,57.0,125.07812070697592,0.0,0.0,この先制限速度なし,20m先に上り勾配6.1‰あり,前方608.8m先を4.3km/h,後続列車なし,10.0,34.0,未発車,55.0,48.7,normal,0.7,巡航フェーズでrequired_speedに達しているのに不要な力行を続け、エネルギー無駄となったため減点。
162.69999999999933,Train11,次駅への減速フェーズ（駅手前400m以内）,ブレーキ（減速）中,6.099999999999994,惰行,0.1,70.0,0.0,12.11,0.0,0.0,15.3,7.857254252565411,0.0,0.0,この先制限速度なし,この先目立った勾配なし,前方0.0m先を1.9km/h,後続列車なし,5.0,0.3,未発車,40.0,0.0,normal,0.0,ブレーキ中にdelta_stopが-7.86mでオーバーランが確実と判定され、即0点ルールが適用されたためrewardは0.0。
55.0,Train11,巡航フェーズ（駅間走行中）,惰行中,4.0,力行（加速）,31.0,70.0,70.0,56.84,70.0,1664.6,35.0,185.97273708125664,0.0,-6.7,この先制限速度なし,この先目立った勾配なし,前方756.7m先を62.7km/h,後続列車なし,5.0,108.0,未発車,40.0,51.1,anti_mid_stop,0.9,先行列車が塞いでいるため駅間停車防止モードと判断し、target_speed_no_stop付近で惰行を維持し安全・省エネと評価した。
41.0,Train11,巡航フェーズ（駅間走行中）,惰行中,1.0,力行（加速）,11.0,70.0,70.0,52.62,70.0,1783.6,35.0,159.8594898001174,0.0,-6.7,この先制限速度なし,この先目立った勾配なし,前方630.7m先を63.3km/h,後続列車なし,5.0,137.0,未発車,40.0,39.6,anti_mid_stop,0.2,先行列車が塞いで駅間停車防止モード。現在速度がtarget_speed_no_stop 39.6km/hを13km/h上回り過剰加速となり機外停車リスクがあるため減点し、rewardを0.2とした。
69.0,Train11,巡航フェーズ（駅間走行中）,惰行中,9.0,力行（加速）,10.0,70.0,70.0,57.93,70.0,1349.4,38.0,175.80808915958158,0.0,0.0,この先制限速度なし,359m先に上り勾配12.5‰あり,前方686.1m先を62.7km/h,後続列車なし,5.0,109.0,未発車,40.0,50.9,anti_mid_stop,0.9,先行列車が塞いでいるため駅間停車防止モード。現在速度はtarget_speed_no_stop付近で惰行し、過加速もなく安全かつエネルギー効率的なので高評価。
56.0,Train11,巡航フェーズ（駅間走行中）,惰行中,7.0,力行（加速）,22.0,70.0,70.0,51.25,70.0,1648.9,30.0,151.78588500017221,0.0,-6.7,この先制限速度なし,この先目立った勾配なし,前方671.5m先を63.1km/h,後続列車なし,10.0,112.0,未発車,40.0,47.4,anti_mid_stop,0.9,先行列車が塞いでいるため駅間停車防止モードと判定し、速度が target_speed_no_stop(47.4km/h) をわずか上回り惰行しているので適切と判断し高評価とした。
72.0,Train11,巡航フェーズ（駅間走行中）,力行（加速）中,5.0,惰行,6.0,70.0,70.0,67.0,70.0,1220.7,58.0,233.67717594286134,0.0,0.0,この先制限速度なし,230m先に上り勾配12.5‰あり,前方858.5m先を56.8km/h,後続列車なし,5.0,76.0,未発車,55.0,61.7,anti_mid_stop,0.2,先行が塞ぎ駅間停車防止モードで、target_speed_no_stopを超える力行と7秒未満のノコギリ運転があり、過加速と不必要な切替で評価が低下し0.2とした。
175.99999999999943,Train11,次駅への減速フェーズ（駅手前400m以内）,ブレーキ（減速）中,0.6,惰行,0.1,70.0,0.0,20.35,70.0,22.3,2.0,19.669779452373785,0.0,9.2,この先制限速度なし,この先目立った勾配なし,前方22.7m先を0.0km/h,後続列車なし,5.0,2.0,未発車,55.0,8.3,anti_mid_stop,0.9,先行列車が停車しているため駅間停車防止モード。CBTC 0km/hに従いブレーキで減速し、delta_stop 2.6mは許容範囲内で安全かつ適切な操作と判断した。
71.0,Train11,巡航フェーズ（駅間走行中）,ブレーキ（減速）中,1.0,惰行,8.0,70.0,70.0,63.27,69.8,1254.5,81.0,208.94465041127566,0.0,0.0,この先制限速度なし,264m先に上り勾配12.5‰あり,前方1130.7m先を34.1km/h,後続列車なし,0.0,87.0,未発車,70.0,56.4,anti_mid_stop,0.9,先行列車が塞ぎ駅間停車防止モードで、速度がtarget_speed_no_stop上限を僅かに超えているが、ブレーキで適切に減速し機外停車を回避しているため高評価。
174.49999999999912,Train11,次駅への減速フェーズ（駅手前400m以内）,ブレーキ（減速）中,1.7000000000000004,力行（加速）,0.1,70.0,0.0,3.12,4.5,3.1,3.5,0.4645022687078937,0.0,9.2,この先制限速度なし,この先目立った勾配なし,前方3.5m先を0.0km/h,後続列車なし,5.0,3.5,未発車,55.0,3.1,normal,0.5,次駅減速フェーズでブレーキ中、delta_stopが2.64mで低速域の許容範囲内。CBTC信号0km/hを遵守し速度制限超過なし、ノコギリ運転も判定されず安全に停止可能。
172.19999999999925,Train11,次駅への減速フェーズ（駅手前400m以内）,ブレーキ（減速）中,0.5,惰行,0.1,70.0,0.0,9.29,9.3,7.1,5.8,4.112448953274652,0.0,9.2,この先制限速度なし,この先目立った勾配なし,前方7.5m先を0.0km/h,後続列車なし,5.0,5.8,未発車,55.0,4.6,anti_mid_stop,0.0,先行列車が7.5m先に止まっており、距離が40m未満のため即時安全違反とみなされ、rewardは0.0となる。
77.0,Train11,巡航フェーズ（駅間走行中）,惰行中,4.0,力行（加速）,16.0,70.0,70.0,64.98,70.0,1290.1,40.0,220.1225772731097,0.0,0.0,この先制限速度なし,300m先に上り勾配12.5‰あり,前方764.4m先を61.0km/h,後続列車なし,5.0,86.0,未発車,40.0,58.1,anti_mid_stop,0.9,先行列車が塞ぎ駅間停車防止モード。target_speed_no_stop 58.1km/h を若干上回っているが惰行で減速しようとしており、制限速度・CBTC遵守、列間隔・定時性も問題なく、ノコギリ運転もなしのため高評価。
84.0,Train11,巡航フェーズ（駅間走行中）,惰行中,5.0,力行（加速）,6.0,70.0,70.0,66.52,66.5,1066.1,76.0,230.42205995358898,0.0,0.0,この先制限速度なし,76m先に上り勾配12.5‰あり,前方1006.5m先を23.6km/h,後続列車なし,5.0,49.0,未発車,70.0,66.5,normal,1.0,required_speedと一致し惰行で適切、制限速度・CBTC遵守、合理的なノコギリ運転回避により最高評価。
137.0,Train11,巡航フェーズ（駅間走行中）,惰行中,4.0,力行（加速）,6.0,70.0,70.0,65.2,65.2,442.4,41.0,205.01870259726743,0.0,6.1,この先制限速度なし,252m先に上り勾配9.2‰あり,前方442.8m先を0.0km/h,後続列車なし,10.0,1.0,未発車,70.0,65.2,normal,0.4,現在速度はrequired_speedと一致し惰行は適切だが、直前の力行から7秒未満で惰行へ切替し合理的根拠がなくノコギリ運転と判定、上限0.5に抑制した。
146.0,Train11,巡航フェーズ（駅間走行中）,力行（加速）中,6.0,惰行,6.0,70.0,70.0,56.05,70.0,702.4,32.0,164.78705061473383,0.0,0.0,この先制限速度なし,112m先に上り勾配6.1‰あり,前方702.7m先を0.0km/h,後続列車なし,5.0,47.0,未発車,40.0,51.9,anti_mid_stop,0.4,先行列車が塞いでいるため機外停車防止モード。target_speed_no_stopを超えていないが、6秒未満の短時間で力行へ切替えたノコギリ運転で評価が抑えられた。
51.0,Train11,巡航フェーズ（駅間走行中）,惰行中,2.0,力行（加速）,22.0,70.0,70.0,50.98,70.0,1719.9,30.0,150.21825316849146,0.0,-6.7,この先制限速度なし,この先目立った勾配なし,前方654.8m先を63.0km/h,後続列車なし,10.0,117.0,未発車,40.0,47.1,anti_mid_stop,0.9,先行列車が塞いでいるため駅間停車防止モードと判定し、現在速度が target_speed_no_stop の上限内で惰行しているため適切と判断した。
46.0,Train11,巡航フェーズ（駅間走行中）,惰行中,7.0,力行（加速）,40.0,70.0,70.0,57.08,70.0,1682.9,45.0,187.5139097354082,0.0,-6.7,この先制限速度なし,この先目立った勾配なし,前方792.5m先を62.8km/h,後続列車なし,10.0,107.0,未発車,55.0,52.4,anti_mid_stop,0.9,先行列車が塞いでいるため駅間停車防止モードと判定し、速度は target_speed_no_stop+5km/h以内で惰行しており安全・省エネであるため高評価とした。
140.0,Train11,次駅への減速フェーズ（駅手前400m以内）,惰行中,2.0,力行（加速）,8.0,70.0,47.1,49.6,49.6,153.9,38.0,115.36812161811372,0.0,9.2,この先制限速度なし,この先目立った勾配なし,前方154.3m先を0.0km/h,後続列車なし,5.0,8.0,未発車,70.0,49.6,normal,0.0,CBTC信号速度47.1km/hをブレーキせずに49.6km/hで走行し、信号無視の安全違反となるため即0点とした。
65.0,Train11,巡航フェーズ（駅間走行中）,惰行中,3.0,力行（加速）,14.0,70.0,70.0,64.61,70.0,1361.1,81.0,217.68084318458725,0.0,0.0,この先制限速度なし,371m先に上り勾配12.5‰あり,前方1174.2m先を40.4km/h,後続列車なし,0.0,93.0,未発車,70.0,58.3,anti_mid_stop,1.0,先行列車が塞いでいるため駅間停車防止モード。現在速度は target_speed_no_stop を僅か上回っているが、惰行で減速に向かう適切な操作であり安全・停車位置・間隔すべて問題なし。
90.0,Train11,巡航フェーズ（駅間走行中）,惰行中,8.0,力行（加速）,22.0,70.0,70.0,57.71,70.0,1044.9,44.0,174.50092594062076,0.0,0.0,この先制限速度なし,54m先に上り勾配12.5‰あり,前方728.4m先を52.9km/h,後続列車なし,5.0,73.0,未発車,40.0,54.0,anti_mid_stop,0.9,先行列車が塞いでいるため駅間停車防止モード。現在速度57.7km/hはtarget_speed_no_stop54km/h＋5km/h以内で惰行しており、制限速度・CBTC遵守、前方列車との間隔・安全性すべて良好。
40.0,Train11,巡航フェーズ（駅間走行中）,惰行中,1.0,力行（加速）,40.0,70.0,70.0,56.87,70.0,1777.9,75.0,186.16505544331773,0.0,-6.7,この先制限速度なし,この先目立った勾配なし,前方1218.1m先を61.8km/h,後続列車なし,0.0,118.0,未発車,70.0,49.0,anti_mid_stop,0.9,先行列車が塞いで駅間停車防止モード。現在速度はtarget_speed_no_stop付近で惰行に切り替えており、過加速はなく適切な減速操作と判断したため高評価。
143.0,Train11,巡航フェーズ（駅間走行中）,惰行中,1.0,ブレーキ（減速）,2.0,70.0,70.0,56.93,70.0,727.1,35.0,169.90370735445276,0.0,0.0,この先制限速度なし,137m先に上り勾配6.1‰あり,前方727.5m先を0.0km/h,後続列車なし,5.0,50.0,未発車,40.0,50.9,anti_mid_stop,0.9,先行列車が塞いでいるため駅間停車防止モード。現在はtarget_speed_no_stopを僅かに上回っているが、惰行で速度を自然減速させる適切な操作で安全・省エネともに高評価。
106.0,Train11,巡航フェーズ（駅間走行中）,力行（加速）中,25.0,ブレーキ（減速）,6.0,70.0,70.0,54.81,70.0,1037.0,46.0,157.70350712106466,0.0,0.0,この先制限速度なし,46m先に上り勾配12.5‰あり,前方913.2m先を34.1km/h,後続列車なし,5.0,72.0,未発車,40.0,53.5,anti_mid_stop,1.0,先行列車が塞いでいるため駅間停車防止モードで、速度はtarget_speed_no_stop 53.5km/hをわずか上回り上限5km/h以内で加速しており安全・適切と判断し高評価。
85.0,Train11,巡航フェーズ（駅間走行中）,惰行中,6.0,力行（加速）,6.0,70.0,70.0,66.49,66.5,1040.6,76.0,230.21932214069884,0.0,0.0,この先制限速度なし,50m先に上り勾配12.5‰あり,前方987.4m先を22.3km/h,後続列車なし,5.0,63.0,未発車,70.0,61.6,anti_mid_stop,0.4,先行列車が塞いでいるため駅間停車防止モード。target_speed_no_stopを超えていないが、7秒未満の力行→惰行切替がノコギリ運転と判定され、reward上限は0.5以下となる。
170.79999999999944,Train11,次駅への減速フェーズ（駅手前400m以内）,ブレーキ（減速）中,2.600000000000001,惰行,0.1,70.0,0.0,16.8,16.8,10.4,7.2,13.42087003709966,0.0,9.2,この先制限速度なし,この先目立った勾配なし,前方10.8m先を0.0km/h,後続列車なし,0.0,2.2,未発車,55.0,5.6,anti_mid_stop,0.0,先行列車が10.8m先で停止しており、距離が40m未満のため即時安全違反と判定し、rewardを0.0とした。
178.0,Train11,次駅への減速フェーズ（駅手前400m以内）,ブレーキ（減速）中,2.0,惰行,3.0,70.0,66.1,46.25,70.0,260.0,0.0,104.34835302915153,1.0,6.1,この先制限速度なし,69m先に上り勾配9.2‰あり,前方260.4m先を0.0km/h,後続列車なし,5.0,15.0,未発車,40.0,44.4,anti_mid_stop,0.8,先行列車が停車しているため駅間停車防止モード。現在速度がtarget_speed_no_stopを僅かに上回っており、ブレーキは速度を下げる正当な操作で、全安全基準を満たすため高評価とした。
119.0,Train11,巡航フェーズ（駅間走行中）,惰行中,2.0,力行（加速）,6.0,70.0,70.0,65.61,65.6,432.9,59.0,207.5482245243737,0.0,6.1,この先制限速度なし,242m先に上り勾配9.2‰あり,前方433.3m先を0.0km/h,後続列車なし,5.0,14.0,未発車,70.0,65.6,normal,1.0,巡航フェーズでrequired_speedに達し惰行へ切替、速度・信号・停止位置すべて基準内でノコギリ運転なし、間隔も適切なため最高評価。
42.0,Train11,巡航フェーズ（駅間走行中）,惰行中,3.0,力行（加速）,40.0,70.0,70.0,56.94,70.0,1746.3,45.0,186.61416304650905,0.0,-6.7,この先制限速度なし,この先目立った勾配なし,前方786.3m先を62.4km/h,後続列車なし,10.0,111.0,未発車,55.0,52.7,anti_mid_stop,1.0,先行列車が塞いでいるため駅間停車防止モード。現在速度はtarget_speed_no_stop＋5km/h以内で惰行しており、過加速や信号違反はなく安全かつ省エネと判断。
161.89999999999938,Train11,次駅への減速フェーズ（駅手前400m以内）,ブレーキ（減速）中,5.299999999999997,惰行,0.1,70.0,0.0,14.45,0.0,0.0,16.1,11.178879643789596,0.0,0.0,この先制限速度なし,この先目立った勾配なし,前方0.0m先を0.0km/h,後続列車なし,5.0,1.1,未発車,40.0,0.0,normal,0.0,delta_stop が -11.18m と大きく負で、ブレーキ中でもオーバーランが確実と判断され即0点とした。
130.0,Train11,巡航フェーズ（駅間走行中）,惰行中,2.0,力行（加速）,4.0,70.0,70.0,55.05,70.0,673.4,47.0,159.06296131081953,0.0,0.0,この先制限速度なし,83m先に上り勾配6.1‰あり,前方672.8m先を3.0km/h,後続列車なし,5.0,48.0,未発車,40.0,48.5,anti_mid_stop,0.2,駅間停車防止モードでtarget_speed_no_stop 48.5km/hを超える速度で走行し、力行→惰行の短時間切替がノコギリ運転と判定、先行列車との間隔も不足しているため大幅減点し0.2とした。
170.19999999999976,Train11,次駅への減速フェーズ（駅手前400m以内）,ブレーキ（減速）中,1.5000000000000002,惰行,6.79999999999999,70.0,17.5,26.57,70.0,64.1,7.8,33.457727373320104,0.0,9.2,この先制限速度なし,この先目立った勾配なし,前方64.5m先を0.0km/h,後続列車なし,5.0,7.8,未発車,55.0,15.3,anti_mid_stop,1.0,先行列車が塞いでいるため駅間停車防止モードで、CBTC信号低下に合わせたブレーキ操作で安全に減速しており、全項目で問題なし。
119.0,Train11,巡航フェーズ（駅間走行中）,ブレーキ（減速）中,2.0,惰行,13.0,70.0,70.0,44.98,45.0,591.7,59.0,106.84514844249105,0.0,0.0,この先制限速度なし,1m先に上り勾配6.1‰あり,前方592.1m先を0.0km/h,後続列車なし,5.0,59.0,未発車,55.0,35.5,anti_mid_stop,0.9,先行列車が停車中で駅間停車防止モード。target_speed_no_stop以下に減速するためのブレーキは適切で、速度・信号・間隔すべて安全基準を満たす。
130.0,Train11,巡航フェーズ（駅間走行中）,惰行中,3.0,力行（加速）,6.0,70.0,70.0,50.58,55.3,570.1,48.0,124.50369823176905,0.0,6.1,この先制限速度なし,380m先に上り勾配9.2‰あり,前方570.5m先を0.0km/h,後続列車なし,5.0,48.0,未発車,55.0,45.8,anti_mid_stop,0.4,先行列車が停車中で駅間停車防止モードだが、加速から惰行への7秒未満の切替が合理的理由なく行われ、ノコギリ運転と判定され上限0.5に抑えられたため0.4とした。
57.0,Train11,巡航フェーズ（駅間走行中）,力行（加速）中,7.0,惰行,10.0,70.0,70.0,57.11,70.0,1544.8,36.0,170.95943873788886,0.0,0.0,この先制限速度なし,この先目立った勾配なし,前方671.9m先を62.9km/h,後続列車なし,5.0,121.0,未発車,40.0,53.4,anti_mid_stop,0.9,先行列車が塞ぎ駅間停車防止モードで、現在速度はtarget_speed_no_stop＋5km/h以内の加速であり、制限速度・CBTC遵守、ノコギリ運転なしのため高評価。
142.19999999999987,Train11,次駅への減速フェーズ（駅手前400m以内）,ブレーキ（減速）中,0.1,力行（加速）,0.1,70.0,18.4,41.65,41.6,65.7,35.8,81.68094770858053,0.0,9.2,この先制限速度なし,この先目立った勾配なし,前方66.1m先を0.0km/h,後続列車なし,5.0,5.8,未発車,55.0,41.6,normal,0.0,delta_stopが-15.98mでブレーキ開始が遅く、オーバーランが確実なため即時0点規則が適用される。
145.0,Train11,次駅への減速フェーズ（駅手前400m以内）,力行（加速）中,18.0,ブレーキ（減速）,6.0,70.0,70.0,46.81,46.8,305.7,33.0,106.85835985981193,0.0,6.1,この先制限速度なし,115m先に上り勾配9.2‰あり,前方306.1m先を0.0km/h,後続列車なし,10.0,8.0,未発車,55.0,46.8,normal,0.3,次駅減速フェーズでブレーキすべきところを加速しており、エネルギー無駄と停車遅延リスクがあるため評価を低くした。
184.89999999999944,Train11,次駅への減速フェーズ（駅手前400m以内）,ブレーキ（減速）中,2.2000000000000006,力行（加速）,0.1,70.0,0.0,17.26,70.0,16.4,0.0,14.163881104032242,7.0,9.2,この先制限速度なし,この先目立った勾配なし,前方16.8m先を0.0km/h,後続列車なし,0.0,3.1,未発車,40.0,7.0,anti_mid_stop,0.9,先行列車が塞いで駅間停車防止モードで、現在はブレーキによりtarget_speed_no_stop以下へ減速中。CBTC・制限速度違反なし、停止位置も許容範囲内のため高評価。
177.99999999999955,Train11,次駅への減速フェーズ（駅手前400m以内）,ブレーキ（減速）中,0.30000000000000004,惰行,0.1,70.0,0.0,23.0,70.0,17.3,0.0,25.103449741580476,0.1,9.2,この先制限速度なし,この先目立った勾配なし,前方18.1m先を2.8km/h,後続列車なし,5.0,0.0,未発車,40.0,70.0,normal,0.0,delta_stopが-7.8mでブレーキ中でもオーバーランがほぼ確実と判定され、即reward0.0ルールに該当するため0.0とした。
71.0,Train11,巡航フェーズ（駅間走行中）,力行（加速）中,14.0,惰行,6.0,70.0,70.0,64.16,70.0,1398.6,39.0,214.72835320871647,0.0,0.0,この先制限速度なし,408m先に上り勾配12.5‰あり,前方770.1m先を62.3km/h,後続列車なし,5.0,92.0,未発車,40.0,60.4,anti_mid_stop,0.9,先行列車が塞いでいる駅間停車防止モードで、現在速度はtarget_speed_no_stop上限＋5km/h以内で加速しており安全・適切と判断した。
99.0,Train11,巡航フェーズ（駅間走行中）,力行（加速）中,21.0,ブレーキ（減速）,1.0,70.0,70.0,61.64,70.0,1179.2,51.0,198.54446364308436,0.0,0.0,この先制限速度なし,189m先に上り勾配12.5‰あり,前方1035.7m先を36.8km/h,後続列車なし,0.0,74.0,未発車,40.0,60.6,anti_mid_stop,0.9,先行列車が塞いでいるため駅間停車防止モードと判定し、現在速度はtarget_speed_no_stop(60.6km/h)を5km/h以内で上回っており、加速は許容範囲で安全・CBTC順守のため高評価とした。
45.0,Train11,巡航フェーズ（駅間走行中）,惰行中,6.0,力行（加速）,40.0,70.0,70.0,57.05,70.0,1698.8,45.0,187.3209350161878,0.0,-6.7,この先制限速度なし,この先目立った勾配なし,前方790.9m先を62.7km/h,後続列車なし,10.0,108.0,未発車,55.0,52.6,anti_mid_stop,0.9,先行列車が塞いでいるため駅間停車防止モード。現在速度はtarget_speed_no_stop上限内で惰行し、制限速度・CBTC遵守、ノコギリ運転なし、間隔安全なので高評価。
168.29999999999947,Train11,次駅への減速フェーズ（駅手前400m以内）,ブレーキ（減速）中,0.7,力行（加速）,0.1,70.0,0.0,20.45,20.4,23.1,9.7,19.862909528718856,0.0,9.2,この先制限速度なし,この先目立った勾配なし,前方23.5m先を0.0km/h,後続列車なし,5.0,9.7,未発車,55.0,8.4,anti_mid_stop,0.9,先行列車が停車中で駅間停車防止モード。ブレーキで減速し、delta_stop 3.24m が許容範囲内。速度・CBTC・制限速度遵守、ノコギリ運転なし。
131.0,Train11,巡航フェーズ（駅間走行中）,力行（加速）中,7.0,ブレーキ（減速）,2.0,70.0,70.0,49.84,52.4,526.8,47.0,120.93780976018836,0.0,6.1,この先制限速度なし,336m先に上り勾配9.2‰あり,前方527.2m先を0.0km/h,後続列車なし,0.0,42.0,未発車,55.0,46.0,anti_mid_stop,0.9,先行列車が停車中で駅間停車防止モード。現在速度は target_speed_no_stop(46km/h) を＋5km/h 以内に抑えた加速で安全かつ適切。
107.0,Train11,巡航フェーズ（駅間走行中）,力行（加速）中,26.0,ブレーキ（減速）,6.0,70.0,70.0,55.49,70.0,1021.7,46.0,161.5697072605235,0.0,0.0,この先制限速度なし,31m先に上り勾配12.5‰あり,前方907.2m先を32.8km/h,後続列車なし,5.0,71.0,未発車,40.0,53.8,anti_mid_stop,1.0,先行列車が塞いでいるため駅間停車防止モード。現在速度は target_speed_no_stop をわずか上回り、上限＋5km/h以内の加速で安全・適切と判断し高評価とした。
83.0,Train11,巡航フェーズ（駅間走行中）,惰行中,5.0,力行（加速）,6.0,70.0,70.0,59.66,70.0,1222.4,35.0,186.24782599764447,0.0,0.0,この先制限速度なし,232m先に上り勾配12.5‰あり,前方713.6m先を60.5km/h,後続列車なし,10.0,85.0,未発車,40.0,55.4,anti_mid_stop,0.4,先行列車が塞いでいるため駅間停車防止モード。target_speed_no_stop 超過なく惰行は適切だが、力行→惰行の短時間切替が合理的理由なくノコギリ運転と判定され、reward上限0.5に抑えられる。
119.0,Train11,巡航フェーズ（駅間走行中）,惰行中,7.0,力行（加速）,26.0,70.0,70.0,52.16,53.8,691.6,59.0,143.063151713661,0.0,0.0,この先制限速度なし,101m先に上り勾配6.1‰あり,前方692.0m先を0.0km/h,後続列車なし,0.0,54.0,未発車,55.0,44.1,anti_mid_stop,0.3,先行列車が停止しているため駅間停車防止モードで、速度がtarget_speed_no_stop44.1km/hを5km/h超える52.2km/hで維持しており過剰加速とみなされ減点対象となる。
174.99999999999977,Train11,次駅への減速フェーズ（駅手前400m以内）,ブレーキ（減速）中,0.6,力行（加速）,0.1,70.0,3.2,35.51,70.0,50.1,3.0,59.542385994684594,0.0,9.2,この先制限速度なし,この先目立った勾配なし,前方50.5m先を0.0km/h,後続列車なし,5.0,3.0,未発車,40.0,14.3,anti_mid_stop,0.0,delta_stopが-9.44mでブレーキ中にも関わらず過走距離が大きく、即時オーバーランリスクと判定しrewardを0.0とした。
72.0,Train11,巡航フェーズ（駅間走行中）,惰行中,2.0,力行（加速）,6.0,70.0,70.0,67.56,70.0,1216.7,58.0,237.50168367762936,0.0,0.0,この先制限速度なし,226m先に上り勾配12.5‰あり,前方854.5m先を56.8km/h,後続列車なし,5.0,76.0,未発車,55.0,61.5,anti_mid_stop,0.2,先行列車が塞いで駅間停車防止モードとなり、速度がtarget_speed_no_stop 61.5km/hを超えて67.6km/hとなり過剰加速と判定、さらに力行→惰行のノコギリ運転が確認されたため減点した。
44.0,Train11,巡航フェーズ（駅間走行中）,惰行中,5.0,力行（加速）,40.0,70.0,70.0,57.01,70.0,1714.6,45.0,187.0637812019168,0.0,-6.7,この先制限速度なし,この先目立った勾配なし,前方789.4m先を62.6km/h,後続列車なし,10.0,109.0,未発車,55.0,52.7,anti_mid_stop,1.0,先行列車が塞いでいる駅間停車防止モードで、現在速度はtarget_speed_no_stop上限以内の惰行であり、制限速度・CBTC遵守、ノコギリ運転なし、間隔適正のため高評価。
43.0,Train11,巡航フェーズ（駅間走行中）,力行（加速）中,22.0,惰行,1.0,70.0,70.0,58.65,70.0,1734.8,51.0,197.7434625752635,0.0,-6.7,この先制限速度なし,この先目立った勾配なし,前方879.4m先を63.0km/h,後続列車なし,5.0,105.0,未発車,55.0,54.9,anti_mid_stop,0.9,駅間停車防止モードで target_speed_no_stop(54.9km/h) を5km/h以内で上回っており、加速は過剰ではないため安全・効率ともに高評価。
139.0,Train11,巡航フェーズ（駅間走行中）,惰行中,6.0,力行（加速）,9.0,70.0,70.0,49.48,52.3,414.5,39.0,119.2210836694607,0.0,6.1,この先制限速度なし,224m先に上り勾配9.2‰あり,前方414.9m先を0.0km/h,後続列車なし,0.0,34.0,未発車,55.0,41.7,anti_mid_stop,0.2,先行が塞いでいる駅間停車防止モードで、現在速度49.5km/hがtarget_speed_no_stop41.7km/hを5km/h超えており過剰加速とみなされ機外停車リスクがあるため減点し0.2とした。
130.0,Train11,巡航フェーズ（駅間走行中）,力行（加速）中,12.0,惰行,6.0,70.0,70.0,58.51,58.5,518.3,48.0,165.8193510306613,0.0,6.1,この先制限速度なし,328m先に上り勾配9.2‰あり,前方518.7m先を0.0km/h,後続列車なし,0.0,13.0,未発車,70.0,58.5,anti_mid_stop,1.0,先行列車が停車中で駅間停車防止モード。現在速度はtarget_speed_no_stopと同等で上限超過なく加速しており、安全かつ適切な運転と判断した。
80.0,Train11,巡航フェーズ（駅間走行中）,惰行中,1.0,力行（加速）,6.0,70.0,70.0,67.67,68.9,1133.8,76.0,238.2563217525325,0.0,0.0,この先制限速度なし,143m先に上り勾配12.5‰あり,前方1045.0m先を28.9km/h,後続列車なし,5.0,68.0,未発車,70.0,63.0,anti_mid_stop,0.9,先行列車が塞いでいるため駅間停車防止モードで、速度はtarget_speed_no_stop＋5km/h以内に抑え惰行しており安全・効率的な運転と判断した。
81.0,Train11,巡航フェーズ（駅間走行中）,力行（加速）中,21.0,惰行,2.0,70.0,70.0,57.91,70.0,1191.0,41.0,175.68906522937775,0.0,0.0,この先制限速度なし,201m先に上り勾配12.5‰あり,前方732.1m先を59.3km/h,後続列車なし,5.0,82.0,未発車,40.0,56.3,anti_mid_stop,0.9,先行列車が塞いでいるため駅間停車防止モード。現在速度はtarget_speed_no_stop＋5km/h以内で加速中で、過加速や安全違反はなく適切な運転と判断した。
123.0,Train11,巡航フェーズ（駅間走行中）,力行（加速）中,7.0,惰行,6.0,70.0,70.0,46.51,70.0,701.8,46.0,114.1368747612135,0.0,0.0,この先制限速度なし,111m先に上り勾配6.1‰あり,前方686.6m先を12.0km/h,後続列車なし,5.0,55.0,未発車,40.0,44.7,anti_mid_stop,0.9,先行列車が塞いでいるため駅間停車防止モードと判定し、現在速度は target_speed_no_stop 44.7km/h を 1.8km/h 上回るだけで上限超過ではなく、加速は許容範囲内であるため高評価とした。
165.29999999999987,Train11,次駅への減速フェーズ（駅手前400m以内）,ブレーキ（減速）中,0.2,惰行,0.1,70.0,20.1,37.29,70.0,68.9,12.7,65.60905632337608,0.0,9.2,この先制限速度なし,この先目立った勾配なし,前方69.3m先を0.0km/h,後続列車なし,0.0,7.7,未発車,55.0,16.1,anti_mid_stop,0.9,全ての安全基準を満たし、駅接近で適切にブレーキし停止位置誤差3.3 mは許容範囲内、ノコギリ運転なし、間隔も安全で評価上限に近い。
44.0,Train11,巡航フェーズ（駅間走行中）,惰行中,5.0,力行（加速）,40.0,70.0,70.0,57.01,70.0,1714.6,35.0,187.0637812019168,0.0,-6.7,この先制限速度なし,この先目立った勾配なし,前方614.4m先を63.4km/h,後続列車なし,5.0,119.0,未発車,40.0,46.4,anti_mid_stop,0.3,先行列車が塞いでいる駅間停車防止モードで、現在速度57km/hがtarget_speed_no_stop46.4km/hを10km/h超えており過加速と判断し減点した。
36.0,Train11,巡航フェーズ（駅間走行中）,力行（加速）中,2.0,惰行,6.0,70.0,70.0,48.3,70.0,1845.6,40.0,126.51926256298177,0.0,-2.1,この先制限速度なし,55m先に下り勾配6.7‰あり,前方692.7m先を63.3km/h,後続列車なし,0.0,152.0,未発車,40.0,48.2,anti_mid_stop,0.5,先行列車が塞いで駅間停車防止モードで、target_speed_no_stopを超えずに加速しているが、惰行から2秒の短時間力行は合理的理由がなくノコギリ運転と判定され、reward上限が0.5に制限された。
43.0,Train11,巡航フェーズ（駅間走行中）,惰行中,4.0,力行（加速）,40.0,70.0,70.0,56.97,70.0,1730.5,75.0,186.80679403450074,0.0,-6.7,この先制限速度なし,この先目立った勾配なし,前方1221.7m先を60.5km/h,後続列車なし,0.0,115.0,未発車,70.0,48.6,anti_mid_stop,1.0,先行列車が塞ぎ駅間停車防止モードで、target_speed_no_stopを超える速度を惰行で自然減速させており、全安全基準を満たすため高評価。
157.0,Train11,次駅への減速フェーズ（駅手前400m以内）,惰行中,5.0,力行（加速）,7.0,70.0,69.3,44.98,70.0,280.4,21.0,98.76299857364941,0.0,6.1,この先制限速度なし,90m先に上り勾配9.2‰あり,前方280.8m先を0.0km/h,後続列車なし,5.0,21.0,未発車,40.0,37.1,anti_mid_stop,0.4,先行列車が停止しているためtarget_speed_no_stop 37.1km/hを超える45km/hで惰行し過加速・間隔縮小を招くため減点し0.4とする。
83.0,Train11,巡航フェーズ（駅間走行中）,力行（加速）中,16.0,惰行,6.0,70.0,70.0,63.35,70.0,1362.8,61.0,209.46150440212264,0.0,0.0,この先制限速度なし,372m先に上り勾配12.5‰あり,前方1152.7m先を42.9km/h,後続列車なし,5.0,95.0,未発車,55.0,57.1,anti_mid_stop,0.3,先行列車が塞いでいる駅間停車防止モードで、target_speed_no_stop 57.1km/h を超えて63.4km/hの力行は過加速となり機外停車リスクを招くため減点し、rewardを0.3とした。
153.49999999999974,Train11,次駅への減速フェーズ（駅手前400m以内）,ブレーキ（減速）中,1.0999999999999999,惰行,0.1,70.0,0.0,32.23,32.2,44.2,24.5,49.11986635911777,0.0,9.2,この先制限速度なし,この先目立った勾配なし,前方44.6m先を0.0km/h,後続列車なし,0.0,4.5,未発車,70.0,32.2,normal,0.9,ブレーキがCBTC 0km/hに従い適切に減速し、delta_stopが-4.92mで許容範囲内のため高評価とし、rewardを0.9とする。
152.0,Train11,次駅への減速フェーズ（駅手前400m以内）,惰行中,1.0,力行（加速）,6.0,70.0,65.2,65.53,65.5,254.5,26.0,207.0535152928218,0.0,6.1,この先制限速度なし,64m先に上り勾配9.2‰あり,前方254.8m先を0.0km/h,後続列車なし,10.0,1.0,未発車,55.0,65.5,normal,0.0,CBTC信号65.2km/hを65.5km/hで超過し、ブレーキをかけていないため即時0点の安全違反となった。
152.0,Train11,次駅への減速フェーズ（駅手前400m以内）,力行（加速）中,1.0,ブレーキ（減速）,2.0,70.0,58.0,43.92,43.9,212.7,26.0,94.21518692268388,0.0,6.1,この先制限速度なし,22m先に上り勾配9.2‰あり,前方213.1m先を0.0km/h,後続列車なし,10.0,1.0,未発車,55.0,43.9,normal,0.0,次駅減速フェーズで前方列車が停止しているのにブレーキせず力行し、ノコギリ運転と判定されたためreward上限0.0点となる。
156.0,Train11,巡航フェーズ（駅間走行中）,力行（加速）中,3.0,惰行,7.0,70.0,70.0,56.06,70.0,546.9,22.0,152.4526151240426,0.0,6.1,この先制限速度なし,356m先に上り勾配9.2‰あり,前方547.3m先を0.0km/h,後続列車なし,5.0,37.0,未発車,40.0,51.7,anti_mid_stop,0.9,先行列車が停車しているため駅間停車防止モード。現在速度はtarget_speed_no_stop＋5km/h以内で加速しており、速度・CBTC・安全はすべて遵守しているため高評価とし0.9とする。
140.0,Train11,次駅への減速フェーズ（駅手前400m以内）,惰行中,29.0,力行（加速）,14.0,70.0,70.0,48.79,48.8,367.6,38.0,115.96373547239529,0.0,6.1,この先制限速度なし,177m先に上り勾配9.2‰あり,前方367.9m先を0.0km/h,後続列車なし,0.0,33.0,未発車,55.0,37.8,anti_mid_stop,0.2,先行列車が停止している駅間停車防止モードで、現在速度がtarget_speed_no_stop 37.8km/hを11km/h上回り過剰加速かつ間隔が不足しているため減点し0.2とした。
58.0,Train11,巡航フェーズ（駅間走行中）,惰行中,4.0,力行（加速）,6.0,70.0,70.0,60.63,70.0,1592.6,60.0,192.22563720160477,0.0,0.0,この先制限速度なし,この先目立った勾配なし,前方1083.8m先を60.5km/h,後続列車なし,0.0,115.0,未発車,55.0,57.8,anti_mid_stop,0.4,先行列車が塞いでいるため駅間停車防止モードで、速度はtarget_speed_no_stop上限内だが、直前の力行→惰行が7秒未満で合理的理由がなくノコギリ運転と判定され、reward上限0.5に抑えられた。
167.0,Train11,次駅への減速フェーズ（駅手前400m以内）,惰行中,3.0,力行（加速）,6.0,70.0,51.3,37.71,70.0,173.0,11.0,67.0824720408384,0.0,9.2,この先制限速度なし,この先目立った勾配なし,前方173.4m先を0.0km/h,後続列車なし,0.0,21.0,未発車,40.0,25.8,anti_mid_stop,0.5,駅間停車防止モードで先行列車が塞いでいるが、現在速度がtarget_speed_no_stop(25.8km/h)を大きく上回り、惰行だけでは速度低減が不十分なため減点。
141.0,Train11,巡航フェーズ（駅間走行中）,惰行中,7.0,力行（加速）,3.0,70.0,70.0,54.28,70.0,504.0,37.0,143.07766972143568,0.0,6.1,この先制限速度なし,313m先に上り勾配9.2‰あり,前方504.4m先を0.0km/h,後続列車なし,5.0,37.0,未発車,40.0,47.0,anti_mid_stop,0.9,先行列車が停車中で駅間停車防止モード。target_speed_no_stopを超える加速はなく、惰行で速度を徐々に下げているため高評価。
52.0,Train11,巡航フェーズ（駅間走行中）,惰行中,1.0,力行（加速）,31.0,70.0,70.0,56.73,70.0,1711.9,35.0,185.26837241053883,0.0,-6.7,この先制限速度なし,この先目立った勾配なし,前方751.9m先を62.4km/h,後続列車なし,5.0,111.0,未発車,40.0,49.9,anti_mid_stop,0.9,先行列車が塞いでいるため駅間停車防止モードで、target_speed_no_stop以下に抑えるべき速度を超えていない惰行で適切に減速している。
172.99999999999943,Train11,次駅への減速フェーズ（駅手前400m以内）,ブレーキ（減速）中,0.7,惰行,0.1,70.0,0.0,17.26,17.3,11.0,5.0,14.163881104032242,0.0,9.2,この先制限速度なし,この先目立った勾配なし,前方11.8m先を2.8km/h,後続列車なし,0.0,0.0,未発車,55.0,17.3,normal,0.8,ブレーキがCBTC 0km/hに従い適切に行われているが、delta_stopが-3.16mで理想位置よりやや手前のため軽減点。
90.0,Train11,巡航フェーズ（駅間走行中）,力行（加速）中,6.0,惰行,1.0,70.0,70.0,66.17,70.0,1237.2,61.0,228.06196596798875,0.0,0.0,この先制限速度なし,247m先に上り勾配12.5‰あり,前方1103.7m先を35.5km/h,後続列車なし,5.0,88.0,未発車,55.0,55.2,anti_mid_stop,0.0,先行が塞ぎ駅間停車防止モードでtarget_speed_no_stop55.2km/hを超える66.2km/hの力行と、惰行→力行の短時間切替でノコギリ運転と判定され、上限超過とエネルギー浪費が重大な減点要因となった。
162.0,Train11,巡航フェーズ（駅間走行中）,ブレーキ（減速）中,3.0,力行（加速）,6.0,70.0,70.0,51.95,70.0,453.2,16.0,131.23671728371653,0.0,6.1,この先制限速度なし,263m先に上り勾配9.2‰あり,前方453.6m先を0.0km/h,後続列車なし,5.0,31.0,未発車,40.0,47.9,anti_mid_stop,0.9,先行列車が停止しているため駅間停車防止モードとなり、現在速度はtarget_speed_no_stop上限内でブレーキにより減速しており、安全・信号遵守・停止位置も問題なく、ノコギリ運転でもないため高評価とした。
75.0,Train11,巡航フェーズ（駅間走行中）,ブレーキ（減速）中,2.0,惰行,3.0,70.0,70.0,64.35,70.0,1161.0,59.0,215.97265739774107,0.0,0.0,この先制限速度なし,171m先に上り勾配12.5‰あり,前方844.5m先を52.9km/h,後続列車なし,5.0,73.0,未発車,55.0,60.5,anti_mid_stop,0.3,先行列車が塞いでいるため速度上限60.5km/hを超えている状態でのブレーキは適切だが、惰行から2秒のブレーキへの短時間切替が合理的理由なくノコギリ運転と判定され、reward上限0.3となる。
137.0,Train11,次駅への減速フェーズ（駅手前400m以内）,ブレーキ（減速）中,2.0,力行（加速）,6.0,70.0,53.0,62.24,62.2,180.8,41.0,180.32798298444018,0.0,9.2,この先制限速度なし,この先目立った勾配なし,前方181.2m先を0.0km/h,後続列車なし,10.0,1.0,未発車,70.0,62.2,normal,0.9,次駅減速フェーズで適切にブレーキし、delta_stopが0.47mと許容範囲内、制限速度・CBTC遵守、ノコギリ運転なし、間隔安全。
70.0,Train11,巡航フェーズ（駅間走行中）,力行（加速）中,3.0,惰行,6.0,70.0,70.0,66.05,70.0,1257.6,57.0,227.25540113700106,0.0,0.0,この先制限速度なし,267m先に上り勾配12.5‰あり,前方863.7m先を57.6km/h,後続列車なし,5.0,78.0,未発車,55.0,62.4,anti_mid_stop,0.5,先行列車が塞ぎ駅間停車防止モードで、target_speed_no_stopを超えていないが、惰行から力行への短時間切替が合理的理由なく行われたためノコギリ運転と判定し、上限0.5点に抑えた。
151.0,Train11,次駅への減速フェーズ（駅手前400m以内）,惰行中,17.0,力行（加速）,3.0,70.0,70.0,50.28,70.0,358.8,27.0,123.05206220255188,0.0,6.1,この先制限速度なし,168m先に上り勾配9.2‰あり,前方359.2m先を0.0km/h,後続列車なし,5.0,27.0,未発車,40.0,40.7,anti_mid_stop,1.0,先行列車が停車しているため駅間停車防止モード。現在速度はtarget_speed_no_stopを超えているが惰行で減速しており、CBTC・制限速度遵守、十分な安全距離と停車余裕が確保されている。
68.0,Train11,巡航フェーズ（駅間走行中）,力行（加速）中,4.0,惰行,6.0,70.0,70.0,66.4,70.0,1291.4,57.0,229.61160808942486,0.0,0.0,この先制限速度なし,301m先に上り勾配12.5‰あり,前方865.2m先を58.4km/h,後続列車なし,5.0,80.0,未発車,55.0,62.6,anti_mid_stop,0.5,先行列車が塞いでいるため駅間停車防止モード。target_speed_no_stopを超えてはいるが+5km/h以内で許容。だが力行→惰行の短時間切替が合理的理由なくノコギリ運転と判定され、reward上限が0.5に制限された。
127.0,Train11,巡航フェーズ（駅間走行中）,惰行中,2.0,力行（加速）,30.0,70.0,70.0,58.48,70.0,993.7,46.0,179.0961963444859,0.0,0.0,この先制限速度なし,3m先に上り勾配12.5‰あり,前方989.0m先を6.9km/h,後続列車なし,5.0,66.0,未発車,40.0,56.0,anti_mid_stop,0.9,先行列車が塞いでいるため駅間停車防止モード。現在速度はtarget_speed_no_stop 56km/hを2.5km/h上回る程度で惰行しており、上限超過やノコギリ運転はなく安全・省エネ的に適切と判断した。
40.0,Train11,巡航フェーズ（駅間走行中）,ブレーキ（減速）中,1.0,惰行,6.0,70.0,70.0,51.61,70.0,1782.3,56.0,153.88811992258147,0.0,-6.7,この先制限速度なし,この先目立った勾配なし,前方961.6m先を62.5km/h,後続列車なし,0.0,118.0,未発車,55.0,49.2,anti_mid_stop,0.9,先行列車が塞ぎ駅間停車防止モードで、現在速度がtarget_speed_no_stopを僅か上回っているためブレーキで適切に速度を下げており、制限・CBTC遵守・間隔・エネルギー面で問題なし。
150.0,Train11,巡航フェーズ（駅間走行中）,ブレーキ（減速）中,1.0,惰行,7.0,70.0,70.0,55.54,70.0,617.8,28.0,161.85574402286633,0.0,0.0,この先制限速度なし,27m先に上り勾配6.1‰あり,前方618.1m先を0.0km/h,後続列車なし,5.0,43.0,未発車,40.0,48.5,anti_mid_stop,0.9,先行列車が停車しているため駅間停車防止モード。現在速度が target_speed_no_stop を超えているがブレーキで減速しており、適切な操作と判断し高評価とする。
171.99999999999994,Train11,次駅への減速フェーズ（駅手前400m以内）,ブレーキ（減速）中,2.100000000000001,力行（加速）,5.0,70.0,26.6,44.05,70.0,83.1,6.0,91.25756587144227,0.0,9.2,この先制限速度なし,この先目立った勾配なし,前方83.5m先を0.0km/h,後続列車なし,5.0,6.0,未発車,40.0,19.9,anti_mid_stop,0.0,δ_stopが-8.16mでブレーキ中でもオーバーランがほぼ確実と判定され、即0.0ルールが適用されたため。
41.0,Train11,巡航フェーズ（駅間走行中）,惰行中,2.0,力行（加速）,40.0,70.0,70.0,56.9,70.0,1762.1,45.0,186.3574676048426,0.0,-6.7,この先制限速度なし,この先目立った勾配なし,前方784.7m先を63.1km/h,後続列車なし,10.0,112.0,未発車,55.0,52.7,anti_mid_stop,1.0,先行列車が塞いで駅間停車防止モード。現在速度はtarget_speed_no_stop＋5km/h以内で惰行し、制限・CBTC遵守、ノコギリ運転なしの適切な操作と判断した。
77.0,Train11,巡航フェーズ（駅間走行中）,ブレーキ（減速）中,4.0,惰行,3.0,70.0,70.0,58.92,70.0,1126.8,60.0,181.7474291344632,0.0,0.0,この先制限速度なし,136m先に上り勾配12.5‰あり,前方839.0m先を50.4km/h,後続列車なし,5.0,71.0,未発車,55.0,59.1,anti_mid_stop,0.1,先行列車が塞いで駅間停車防止モードであるが、target_speed_no_stop以下で不必要にブレーキし、ノコギリ運転と判定されたため評価を大幅に下げた。
162.99999999999932,Train11,次駅への減速フェーズ（駅手前400m以内）,ブレーキ（減速）中,6.399999999999993,惰行,0.1,70.0,0.0,11.24,0.0,0.0,15.0,6.770629763194457,0.0,0.0,この先制限速度なし,この先目立った勾配なし,前方0.0m先を2.8km/h,後続列車なし,5.0,0.0,未発車,40.0,0.0,normal,0.0,delta_stopが-6.77mでブレーキ中でもオーバーランが確実と判断され、即0点ルールが適用されたためreward=0.0。
