time,train_id,phase,current_notch,holding_time,prev_notch,prev_notch_duration,speed_limit,signal_speed,current_speed,required_speed,dist_to_next_station,time_to_next_station,req_stop_dist,delay,current_gradient,next_limit_info,next_gradient_info,forward_info,backward_info,forward_train_delay,forward_clear_remaining_time,forward_departed_next,standard_headway,target_speed_no_stop,forward_observed_delay,mode,reward,reason
48.0,Train11,巡航フェーズ（駅間走行中）,ブレーキ（減速）中,1.0,惰行,1.0,70.0,70.0,10.819124911531562,70.0,2050.2759686795785,132.0,6.458516663883025,0.0,-2.1,この先制限速度なし,257m先に下り勾配6.7‰あり,先行列車なし,後続列車なし,0,0,,0,70.0,0,normal,0.0,巡航フェーズで必要速度70km/hに対し10.8km/hのままブレーキし、惰行→減速のノコギリ運転となり省エネ・定時性を著しく損なうため0.0とした。
56.0,Train11,巡航フェーズ（駅間走行中）,ブレーキ（減速）中,2.0,惰行,1.0,70.0,70.0,9.043281346932345,70.0,2032.0804403703896,124.0,4.5146956133628695,0.0,-2.1,この先制限速度なし,239m先に下り勾配6.7‰あり,先行列車なし,後続列車なし,0,0,,0,70.0,0,normal,0.0,直前の惰行から2秒のブレーキへの短時間反転でノコギリ運転と判定され、上限が0.0点のためrewardは0.0とした。
57.0,Train11,巡航フェーズ（駅間走行中）,ブレーキ（減速）中,3.0,惰行,1.0,70.0,70.0,6.497338874980351,70.0,2029.9256235595,123.0,2.332134818160926,0.0,-2.1,この先制限速度なし,238m先に下り勾配6.7‰あり,先行列車なし,後続列車なし,0,0,,0,70.0,0,normal,0.0,巡航フェーズでrequired_speed 70km/hに対し6.5km/hでブレーキ中、ノコギリ運転と判定され上限0.0点となるためrewardは0.0。
64.0,Train11,巡航フェーズ（駅間走行中）,ブレーキ（減速）中,2.0,惰行,1.0,70.0,70.0,7.539868752798866,70.0,2017.5609349068077,116.0,3.139696800521803,0.0,-2.1,この先制限速度なし,225m先に下り勾配6.7‰あり,先行列車なし,後続列車なし,0,0,,0,70.0,0,normal,0.0,2秒未満のブレーキへの反転がノコギリ運転と判定され、上限0.0点のためrewardは0.0となった。さらに、required_speed 70km/hに対し7.5km/hの低速でブレーキは不適切。
65.0,Train11,巡航フェーズ（駅間走行中）,ブレーキ（減速）中,3.0,惰行,1.0,70.0,70.0,4.99557595210994,70.0,2015.8234973789104,115.0,1.3791867020314665,0.0,-2.1,この先制限速度なし,224m先に下り勾配6.7‰あり,先行列車なし,後続列車なし,0,0,,0,70.0,0,normal,0.0,ブレーキが不要な巡航中に惰行→減速へ2秒未満で反転し、ノコギリ運転と判定されたためrewardは0.0とした。
80.0,Train11,巡航フェーズ（駅間走行中）,ブレーキ（減速）中,4.0,惰行,1.0,70.0,70.0,4.352806509437886,70.0,1983.4429260824536,100.0,1.0472745517047757,0.0,-2.1,この先制限速度なし,192m先に下り勾配6.7‰あり,先行列車なし,後続列車なし,0,0,,0,70.0,0,normal,0.0,巡航フェーズで必要速度70km/hに対し4.4km/hの不必要なブレーキと、保持時間2秒未満のノコギリ運転に該当しreward上限が0.0となったため。
94.0,Train11,巡航フェーズ（駅間走行中）,ブレーキ（減速）中,3.0,惰行,1.0,70.0,70.0,6.509108474368222,70.0,1954.329481609534,86.0,2.3405842274223385,0.0,-2.1,この先制限速度なし,162m先に下り勾配6.7‰あり,先行列車なし,後続列車なし,0,0,,0,70.0,0,normal,0.0,不必要なブレーキと低速走行がノコギリ運転と判定され、上限0.0点となったためrewardは0.0。
104.0,Train11,巡航フェーズ（駅間走行中）,ブレーキ（減速）中,4.0,惰行,1.0,70.0,70.0,5.319078085035606,70.0,1932.734614360701,76.0,1.5634676317438863,0.0,-2.1,この先制限速度なし,141m先に下り勾配6.7‰あり,先行列車なし,後続列車なし,0,0,,0,70.0,0,normal,0.0,前ノッチが1秒でブレーキへ反転し、保持時間が7秒未満で条件を満たすためノコギリ運転と判定し、上限0.0点となった。
109.0,Train11,巡航フェーズ（駅間走行中）,ブレーキ（減速）中,1.0,惰行,1.0,70.0,70.0,11.37690576840325,70.0,1922.420123181432,71.0,7.140404984438229,0.0,-2.1,この先制限速度なし,129m先に下り勾配6.7‰あり,先行列車なし,後続列車なし,0,0,,0,70.0,0,normal,0.0,ブレーキへの短時間切替がノコギリ運転と判定され、巡航フェーズで必要速度未達かつ減速は遅延とエネルギー浪費になるため0.0とした。
110.0,Train11,巡航フェーズ（駅間走行中）,ブレーキ（減速）中,2.0,惰行,1.0,70.0,70.0,8.856414161417101,70.0,1919.6135124956515,70.0,4.3302754363000435,0.0,-2.1,この先制限速度なし,127m先に下り勾配6.7‰あり,先行列車なし,後続列車なし,0,0,,0,70.0,0,normal,0.0,ブレーキへの短時間反転がノコギリ運転と判定され、prev_notch_durationが1秒で上限0.0点となったため。
47.0,Train11,巡航フェーズ（駅間走行中）,ブレーキ（減速）中,3.0,惰行,1.0,70.0,70.0,4.827501745759655,70.0,2045.357135730576,133.0,1.2879981241215435,0.0,-2.1,この先制限速度なし,254m先に下り勾配6.7‰あり,先行列車なし,後続列車なし,0,0,,0,70.0,0,normal,0.0,前ノッチが1秒の惰行から3秒のブレーキへ短時間で反転し、条件1〜4をすべて満たすノコギリ運転と判定され、上限が0.0点のためrewardは0.0となった。
59.0,Train11,巡航フェーズ（駅間走行中）,ブレーキ（減速）中,1.0,惰行,1.0,70.0,70.0,11.600626510464004,70.0,2020.4134998142397,121.0,7.423477732235634,0.0,-2.1,この先制限速度なし,227m先に下り勾配6.7‰あり,先行列車なし,後続列車なし,0,0,,0,70.0,0,normal,0.0,ブレーキへの短時間反転（1秒）でノコギリ運転と判定され上限0.0点、巡航フェーズで必要速度70km/hに対し11.6km/hの減速は大幅遅延と評価されたため。
60.0,Train11,巡航フェーズ（駅間走行中）,ブレーキ（減速）中,2.0,惰行,1.0,70.0,70.0,9.05165113972078,70.0,2017.5487414711529,120.0,4.523045517336554,0.0,-2.1,この先制限速度なし,225m先に下り勾配6.7‰あり,先行列車なし,後続列車なし,0,0,,0,70.0,0,normal,0.0,ブレーキで速度9.1km/hはrequired_speed70km/hに大きく遅れ、かつ2秒以下の逆転でノコギリ運転と判定されたため0.0とした。
61.0,Train11,巡航フェーズ（駅間走行中）,ブレーキ（減速）中,3.0,惰行,1.0,70.0,70.0,6.50569920740992,70.0,2015.391601066721,119.0,2.3381351422225936,0.0,-2.1,この先制限速度なし,223m先に下り勾配6.7‰あり,先行列車なし,後続列車なし,0,0,,0,70.0,0,normal,0.0,ブレーキへの短時間切替（3秒）と直前の惰行（1秒）が条件を満たし、ノコギリ運転と判定されたため、reward上限が0.0点となります。
67.0,Train11,巡航フェーズ（駅間走行中）,ブレーキ（減速）中,1.0,惰行,1.0,70.0,70.0,10.109346710354146,70.0,2005.457285074108,113.0,5.640104897809003,0.0,-2.1,この先制限速度なし,213m先に下り勾配6.7‰あり,先行列車なし,後続列車なし,0,0,,0,70.0,0,normal,0.0,必要速度70km/hに対し10km/hでブレーキし、保持時間1秒で惰行→減速に反転したためノコギリ運転と判定し上限0.0点となった。
84.0,Train11,巡航フェーズ（駅間走行中）,ブレーキ（減速）中,4.0,惰行,1.0,70.0,70.0,4.511649346577548,70.0,1968.196826694264,96.0,1.125059201021375,0.0,-2.1,この先制限速度なし,177m先に下り勾配6.7‰あり,先行列車なし,後続列車なし,0,0,,0,70.0,0,normal,0.0,巡航フェーズで速度が大幅に不足しブレーキは不必要、かつノコギリ運転と判定されたためrewardは0.0とした。
90.0,Train11,巡航フェーズ（駅間走行中）,ブレーキ（減速）中,2.0,惰行,1.0,70.0,70.0,8.171354510093071,70.0,1956.3017705297375,90.0,3.6869910754583857,0.0,-2.1,この先制限速度なし,164m先に下り勾配6.7‰あり,先行列車なし,後続列車なし,0,0,,0,70.0,0,normal,0.0,現在速度8.2km/hはrequired_speed70km/hに大きく遅れ、巡航フェーズで不要なブレーキを行い、保持時間2秒未満のノコギリ運転と判定されたためrewardは0.0とした。
98.0,Train11,巡航フェーズ（駅間走行中）,ブレーキ（減速）中,3.0,惰行,1.0,70.0,70.0,6.623194057682754,70.0,1938.5686190224264,82.0,2.423276676914468,0.0,-2.1,この先制限速度なし,147m先に下り勾配6.7‰あり,先行列車なし,後続列車なし,0,0,,0,70.0,0,normal,0.0,ブレーキへの短時間切替が1秒で反転しノコギリ運転と判定、上限0.0点のためreward=0.0
99.0,Train11,巡航フェーズ（駅間走行中）,ブレーキ（減速）中,4.0,惰行,1.0,70.0,70.0,4.108068605109467,70.0,1937.0817188067376,81.0,0.9328749109255952,0.0,-2.1,この先制限速度なし,146m先に下り勾配6.7‰あり,先行列車なし,後続列車なし,0,0,,0,70.0,0,normal,0.0,巡航フェーズでrequired_speed 70km/hに対し4.1km/hのブレーキは遅延拡大で、ノコギリ運転(1→4秒)と判定され上限0.0点となる。
104.0,Train11,巡航フェーズ（駅間走行中）,ブレーキ（減速）中,1.0,惰行,1.0,70.0,70.0,10.348135062311384,70.0,1928.3205454057324,76.0,5.9092759385715485,0.0,-2.1,この先制限速度なし,135m先に下り勾配6.7‰あり,先行列車なし,後続列車なし,0,0,,0,70.0,0,normal,0.0,巡航フェーズで必要速度70km/hに対し10.3km/hでブレーキし、2秒未満の逆転操作がノコギリ運転と判定されたため0.0とした。
177.0,Train11,巡航フェーズ（駅間走行中）,ブレーキ（減速）中,1.0,力行（加速）,63.0,70.0,70.0,70.23950590185633,70.0,1066.7570570097312,3.0,256.1998760326253,0.0,0.0,この先制限速度なし,57m先に上り勾配12.5‰あり,先行列車なし,後続列車なし,0,0,,0,70.0,0,normal,0.0,現在速度が制限・CBTC速度 70.0 km/h を 70.2 km/h で超過し即時0点ルールに該当するため reward=0.0 とした。
73.0,Train11,巡航フェーズ（駅間走行中）,ブレーキ（減速）中,1.0,惰行,1.0,70.0,70.0,12.74328983975098,70.0,2001.5380838048848,107.0,8.954709749064845,0.0,-2.1,この先制限速度なし,208m先に下り勾配6.7‰あり,先行列車なし,後続列車なし,0,0,,0,70.0,0,normal,0.0,巡航フェーズで必要速度70km/hに対し12.7km/hのままブレーキし、保持時間が1秒でノコギリ運転と判定され、上限が0.0点となったためrewardは0.0とした。
75.0,Train11,巡航フェーズ（駅間走行中）,ブレーキ（減速）中,3.0,惰行,1.0,70.0,70.0,7.701977161802802,70.0,1995.8664226665303,105.0,3.276009723819296,0.0,-2.1,この先制限速度なし,204m先に下り勾配6.7‰あり,先行列車なし,後続列車なし,0,0,,0,70.0,0,normal,0.0,現在速度が必要速度70km/hに対し7.7km/hと大幅に遅く、ブレーキに切り替えたことがノコギリ運転と判定され、前ノッチ時間1秒で上限0点となりrewardは0.0とした。
89.0,Train11,巡航フェーズ（駅間走行中）,ブレーキ（減速）中,2.0,惰行,1.0,70.0,70.0,9.625628688930917,70.0,1964.5880218568727,91.0,5.114005182393285,0.0,-2.1,この先制限速度なし,172m先に下り勾配6.7‰あり,先行列車なし,後続列車なし,0,0,,0,70.0,0,normal,0.0,巡航フェーズで必要速度70km/hに対し9.6km/hの低速でブレーキを継続し、前後列車不在にも関わらず不合理な減速でノコギリ運転と判定され、上限rewardが0.0となった。
97.0,Train11,巡航フェーズ（駅間走行中）,ブレーキ（減速）中,2.0,惰行,1.0,70.0,70.0,8.239195992840157,70.0,1948.629830089093,83.0,3.748395266344904,0.0,-2.1,この先制限速度なし,156m先に下り勾配6.7‰あり,先行列車なし,後続列車なし,0,0,,0,70.0,0,normal,0.0,巡航フェーズでrequired_speed 70km/hに対し8.2km/hのままブレーキをかけ、保持時間2秒のノコギリ運転に該当するためrewardは0.0とした。
21.0,Train11,巡航フェーズ（駅間走行中）,ブレーキ（減速）中,1.0,惰行,8.0,70.0,70.0,29.668363812534995,56.5,2049.984279150365,159.0,48.21713047232556,0.0,-2.1,この先制限速度なし,252m先に下り勾配6.7‰あり,先行列車なし,後続列車なし,0,0,,0,56.5,0,normal,0.2,巡航フェーズでrequired_speed 56.5km/hに対し29.7km/hにブレーキを掛けており、必要以上の減速で遅延とエネルギー浪費が顕著なため低評価とした。
22.0,Train11,巡航フェーズ（駅間走行中）,ブレーキ（減速）中,2.0,惰行,8.0,70.0,70.0,27.089827566298155,56.9,2042.1048996100524,158.0,40.24684778470174,0.0,-2.1,この先制限速度なし,244m先に下り勾配6.7‰あり,先行列車なし,後続列車なし,0,0,,0,56.9,0,normal,0.1,巡航フェーズでrequired_speed 56.9km/hに対し27.1km/hに減速しており、先行列車なしで不必要なブレーキは遅延とエネルギー損失を招くためrewardを0.1とした。
24.0,Train11,巡航フェーズ（駅間走行中）,ブレーキ（減速）中,4.0,惰行,8.0,70.0,70.0,21.947726288105585,58.0,2028.4913858718771,156.0,26.47488741952617,0.0,-2.1,この先制限速度なし,232m先に下り勾配6.7‰あり,先行列車なし,後続列車なし,0,0,,0,58.0,0,normal,0.1,巡航フェーズでrequired_speed 58km/hに対し21.9km/hのままブレーキを続け、必要以上の減速でエネルギー無駄かつ定時性リスクがあるためrewardを0.1とした。
25.0,Train11,巡航フェーズ（駅間走行中）,ブレーキ（減速）中,5.0,惰行,8.0,70.0,70.0,19.38356497347535,57.9,2022.754590679025,155.0,20.670593083773262,0.0,-2.1,この先制限速度なし,227m先に下り勾配6.7‰あり,先行列車なし,後続列車なし,0,0,,0,57.9,0,normal,0.1,巡航フェーズでrequired_speed 57.9km/hに対し19.4km/hのままブレーキを続けており、遅延とエネルギー無駄が顕著なため低評価とした。
29.0,Train11,巡航フェーズ（駅間走行中）,ブレーキ（減速）中,3.0,惰行,1.0,70.0,70.0,11.672322734256127,61.0,2005.1757106176992,151.0,7.515353978410946,0.0,-2.1,この先制限速度なし,212m先に下り勾配6.7‰あり,先行列車なし,後続列車なし,0,0,,0,61.0,0,normal,0.0,ブレーキへの短時間反転が2秒未満でノコギリ運転と判定され、上限0.0点となったためrewardは0.0。
30.0,Train11,巡航フェーズ（駅間走行中）,ブレーキ（減速）中,4.0,惰行,1.0,70.0,70.0,9.151465080601064,61.3,2002.2870917759012,150.0,4.623215060450897,0.0,-2.1,この先制限速度なし,210m先に下り勾配6.7‰あり,先行列車なし,後続列車なし,0,0,,0,61.3,0,normal,0.0,必要速度61.3km/hに対し9.2km/hでブレーキし、保持時間2秒未満のノコギリ運転と判定されたためrewardは0.0とした。
31.0,Train11,巡航フェーズ（駅間走行中）,ブレーキ（減速）中,5.0,惰行,1.0,70.0,70.0,6.633608492552532,62.1,2000.0982836786889,149.0,2.430896716133838,0.0,-2.1,この先制限速度なし,208m先に下り勾配6.7‰あり,先行列車なし,後続列車なし,0,0,,0,62.1,0,normal,0.0,前ノッチが1秒でブレーキへ短時間反転したためノコギリ運転と判定され、上限0.0点となった。
39.0,Train11,巡航フェーズ（駅間走行中）,ブレーキ（減速）中,3.0,惰行,1.0,70.0,70.0,5.32131458367149,66.8,1985.4864156950496,141.0,1.56478178630446,0.0,-2.1,この先制限速度なし,194m先に下り勾配6.7‰あり,先行列車なし,後続列車なし,0,0,,0,66.8,0,normal,0.0,短時間で惰行→ブレーキへの逆転操作がノコギリ運転と判定され、prev_notch_durationが1秒で上限0.0点となるため。
43.0,Train11,巡航フェーズ（駅間走行中）,ブレーキ（減速）中,1.0,惰行,1.0,70.0,70.0,8.669969240720558,68.8,1978.7193309000916,137.0,4.15009381278654,0.0,-2.1,この先制限速度なし,186m先に下り勾配6.7‰あり,先行列車なし,後続列車なし,0,0,,0,68.8,0,normal,0.0,前後のノッチが1秒未満で反転し、ノコギリ運転と判定されたため、他の評価を考慮せずreward上限が0.0となった。
50.0,Train11,巡航フェーズ（駅間走行中）,ブレーキ（減速）中,3.0,惰行,1.0,70.0,70.0,4.381603188832626,70.0,1965.196813629852,130.0,1.061169634745645,0.0,-2.1,この先制限速度なし,174m先に下り勾配6.7‰あり,先行列車なし,後続列車なし,0,0,,0,70.0,0,normal,0.0,ブレーキへの短時間反転（惰行→減速）が合理性なく、prev_notch_durationが1秒でノコギリ運転と判定され上限0.0点となった。
60.0,Train11,巡航フェーズ（駅間走行中）,ブレーキ（減速）中,2.0,惰行,1.0,70.0,70.0,6.143518492962881,70.0,1948.7890824311835,120.0,2.0852474525551004,0.0,-2.1,この先制限速度なし,157m先に下り勾配6.7‰あり,先行列車なし,後続列車なし,0,0,,0,70.0,0,normal,0.0,現在速度がrequired_speed(70km/h)を大きく下回る状態でブレーキをかけ、さらにノコギリ運転と判定されたためrewardは0.0とした。
63.0,Train11,巡航フェーズ（駅間走行中）,ブレーキ（減速）中,1.0,惰行,1.0,70.0,70.0,6.589044435869115,70.0,1944.1735541932735,117.0,2.3983738221083257,0.0,-2.1,この先制限速度なし,152m先に下り勾配6.7‰あり,先行列車なし,後続列車なし,0,0,,0,70.0,0,normal,0.0,持続時間が7秒未満で惰行→減速の反転があり、ノコギリ運転上限が0点となったためreward=0.0。
99.0,Train11,巡航フェーズ（駅間走行中）,ブレーキ（減速）中,1.0,惰行,1.0,70.0,70.0,6.6449653356163925,70.0,1883.8270910864596,81.0,2.439219905056717,0.0,-2.1,この先制限速度なし,92m先に下り勾配6.7‰あり,先行列車なし,後続列車なし,0,0,,0,70.0,0,normal,0.0,ブレーキから惰行への2秒未満の短時間切替が逆転しノコギリ運転と判定されたためrewardは0.0とした。
105.0,Train11,巡航フェーズ（駅間走行中）,ブレーキ（減速）中,2.0,惰行,1.0,70.0,70.0,5.085602260504257,70.0,1875.0631791717929,75.0,1.4293111921062818,0.0,-2.1,この先制限速度なし,84m先に下り勾配6.7‰あり,先行列車なし,後続列車なし,0,0,,0,70.0,0,normal,0.0,巡航フェーズで必要速度70km/hに対し5km/hでブレーキし、保持時間が短く逆転操作でノコギリ運転と判定され上限0.0点となったため。
115.0,Train11,巡航フェーズ（駅間走行中）,ブレーキ（減速）中,2.0,惰行,1.0,70.0,70.0,3.998698807133124,70.0,1861.1323560292624,65.0,0.8838876657530919,0.0,-2.1,この先制限速度なし,70m先に下り勾配6.7‰あり,先行列車なし,後続列車なし,0,0,,0,70.0,0,normal,0.0,ブレーキへの急激な切替が保持時間1秒未満でノコギリ運転と判定され、上限0.0点となったためrewardは0.0。
31.0,Train11,巡航フェーズ（駅間走行中）,ブレーキ（減速）中,1.0,惰行,1.0,70.0,70.0,19.321623293353976,61.2,2017.378958463354,149.0,20.53917304128931,0.0,-2.1,この先制限速度なし,222m先に下り勾配6.7‰あり,先行列車なし,後続列車なし,0,0,,0,61.2,0,normal,0.0,ブレーキへの短時間切替が惰行からの反転でノコギリ運転と判定され、上限が0.0点のため評価は0.0となった。
32.0,Train11,巡航フェーズ（駅間走行中）,ブレーキ（減速）中,2.0,惰行,1.0,70.0,70.0,16.761758701878108,62.1,2012.3710266197747,148.0,15.47177467993043,0.0,-2.1,この先制限速度なし,218m先に下り勾配6.7‰あり,先行列車なし,後続列車なし,0,0,,0,62.1,0,normal,0.0,前ノッチ保持時間が1秒未満でブレーキへ反転したため、ノコギリ運転上限が0.0点となり評価は0.0とした。
36.0,Train11,巡航フェーズ（駅間走行中）,ブレーキ（減速）中,6.0,惰行,1.0,70.0,70.0,6.6350282188094925,64.9,1999.4054041219367,144.0,2.4319364268813297,0.0,-2.1,この先制限速度なし,207m先に下り勾配6.7‰あり,先行列車なし,後続列車なし,0,0,,0,64.9,0,normal,0.0,巡航フェーズで必要速度64.9km/hに対し6.6km/hの低速でブレーキを継続し、ノコギリ運転と判定されたためrewardは0.0とした。
71.0,Train11,巡航フェーズ（駅間走行中）,ブレーキ（減速）中,2.0,惰行,1.0,70.0,70.0,6.7675882234411615,70.0,1934.9478538950748,109.0,2.5299917639716973,0.0,-2.1,この先制限速度なし,143m先に下り勾配6.7‰あり,先行列車なし,後続列車なし,0,0,,0,70.0,0,normal,0.0,巡航フェーズで必要速度70km/hに対し6.8km/hのままブレーキをかけ、ノコギリ運転と判定されたためrewardは0.0とした。
86.0,Train11,巡航フェーズ（駅間走行中）,ブレーキ（減速）中,1.0,惰行,1.0,70.0,70.0,6.3700793202440265,70.0,1909.7216112287435,94.0,2.2417489070559893,0.0,-2.1,この先制限速度なし,118m先に下り勾配6.7‰あり,先行列車なし,後続列車なし,0,0,,0,70.0,0,normal,0.0,巡航フェーズでrequired_speed 70km/hに対し6.4km/hの低速ブレーキ走行し、保持時間1秒のノコギリ運転と判定されたためrewardは0.0とした。
41.0,Train11,巡航フェーズ（駅間走行中）,ブレーキ（減速）中,5.0,惰行,1.0,70.0,70.0,8.249522885236187,69.1,1992.2933827442291,139.0,3.7577866250143,0.0,-2.1,この先制限速度なし,200m先に下り勾配6.7‰あり,先行列車なし,後続列車なし,0,0,,0,69.1,0,normal,0.0,ブレーキへの短時間反転がノコギリ運転と判定され、上限が0.0点となったため。
42.0,Train11,巡航フェーズ（駅間走行中）,ブレーキ（減速）中,6.0,惰行,1.0,70.0,70.0,5.732672643184767,70.0,1990.3549706539716,138.0,1.8158675176479178,0.0,-2.1,この先制限速度なし,199m先に下り勾配6.7‰あり,先行列車なし,後続列車なし,0,0,,0,70.0,0,normal,0.0,ブレーキへの短時間切替と即時の惰行からノコギリ運転と判定され、上限が0.0点となったため。
47.0,Train11,巡航フェーズ（駅間走行中）,ブレーキ（減速）中,2.0,惰行,1.0,70.0,70.0,6.520987833002602,70.0,1980.997231253074,133.0,2.349127894777093,0.0,-2.1,この先制限速度なし,189m先に下り勾配6.7‰あり,先行列車なし,後続列車なし,0,0,,0,70.0,0,normal,0.0,巡航フェーズでrequired_speed70km/hに対し6.5km/hのブレーキ走行は遅延を拡大し、保持時間が7秒未満の反転操作でノコギリ運転と判定されたためrewardは0.0とした。
58.0,Train11,巡航フェーズ（駅間走行中）,ブレーキ（減速）中,2.0,惰行,1.0,70.0,70.0,5.606127850786878,70.0,1960.9311626499525,122.0,1.7366411938154571,0.0,-2.1,この先制限速度なし,169m先に下り勾配6.7‰あり,先行列車なし,後続列車なし,0,0,,0,70.0,0,normal,0.0,巡航フェーズでrequired_speed70km/hに対し5.6km/hでブレーキし、1秒の惰行から2秒のブレーキへの短時間反転はノコギリ運転と判定され、上限0.0点となる。
72.0,Train11,巡航フェーズ（駅間走行中）,ブレーキ（減速）中,1.0,惰行,1.0,70.0,70.0,7.632505873465859,70.0,1936.2194209857648,108.0,3.2172392041989255,0.0,-2.1,この先制限速度なし,144m先に下り勾配6.7‰あり,先行列車なし,後続列車なし,0,0,,0,70.0,0,normal,0.0,前後のノッチ保持時間が1秒未満で反転し、ノコギリ運転と判定されたためreward上限が0.0となった。
107.0,Train11,巡航フェーズ（駅間走行中）,ブレーキ（減速）中,1.0,惰行,1.0,70.0,70.0,5.332917491749244,70.0,1879.1857400234696,73.0,1.571608441084955,0.0,-2.1,この先制限速度なし,88m先に下り勾配6.7‰あり,先行列車なし,後続列車なし,0,0,,0,70.0,0,normal,0.0,巡航フェーズでrequired_speed(70km/h)を大幅に下回る5.3km/hでブレーキをかけ、保持時間が1秒以下のノコギリ運転と判定され、reward上限が0.0となったため。
40.0,Train11,巡航フェーズ（駅間走行中）,ブレーキ（減速）中,5.0,惰行,6.0,70.0,70.0,22.485616460702467,64.7,2013.158624625074,140.0,27.782497032726827,0.0,-2.1,この先制限速度なし,217m先に下り勾配6.7‰あり,先行列車なし,後続列車なし,0,0,,0,64.7,0,normal,0.2,巡航フェーズで必要速度64.7km/hに対し22.5km/hでブレーキし速度不足と無駄な減速が顕著、さらにノコギリ運転（5秒→6秒の反転）と判定されたため0.2とした。
43.0,Train11,巡航フェーズ（駅間走行中）,ブレーキ（減速）中,8.0,惰行,6.0,70.0,70.0,14.857825068227376,68.9,1997.6200300353887,137.0,12.164582255797855,0.0,-2.1,この先制限速度なし,203m先に下り勾配6.7‰あり,先行列車なし,後続列車なし,0,0,,0,68.9,0,normal,0.2,巡航フェーズでrequired_speed 68.9km/hに対し14.9km/hのままブレーキを続けており、遅延とエネルギー浪費が顕著なため低評価とした。
22.0,Train11,巡航フェーズ（駅間走行中）,ブレーキ（減速）中,8.0,惰行,1.0,70.0,70.0,13.8035527943919,59.0,2054.926395644916,158.0,10.503183561217543,0.0,-2.1,この先制限速度なし,261m先に下り勾配6.7‰あり,先行列車なし,後続列車なし,0,0,,0,59.0,0,normal,0.2,巡航フェーズでrequired_speed 59km/hに対し13.8km/hのままブレーキを継続し、加速すべきところで速度低下させたため大幅減点とした。
25.0,Train11,巡航フェーズ（駅間走行中）,ブレーキ（減速）中,11.0,惰行,1.0,70.0,70.0,6.157630460431935,61.3,2046.6218103606727,155.0,2.0948305129469404,0.0,-2.1,この先制限速度なし,255m先に下り勾配6.7‰あり,先行列車なし,後続列車なし,0,0,,0,61.3,0,normal,0.1,巡航フェーズでrequired_speed 61.3km/hに対し6.2km/hの低速でブレーキを続け、遅延とエネルギー損失が大きいため0.1点とした。
38.0,Train11,巡航フェーズ（駅間走行中）,ブレーキ（減速）中,5.0,惰行,1.0,70.0,70.0,11.069914045922427,65.4,1996.1449108064144,142.0,6.760890262070237,0.0,-2.1,この先制限速度なし,203m先に下り勾配6.7‰あり,先行列車なし,後続列車なし,0,0,,0,65.4,0,normal,0.0,ブレーキへの短時間切替がノコギリ運転と判定され、prev_notch_durationが1秒で上限0.0点となったため0.0とした。
39.0,Train11,巡航フェーズ（駅間走行中）,ブレーキ（減速）中,6.0,惰行,1.0,70.0,70.0,8.549798789965202,67.4,1993.4235220117637,141.0,4.035983848963354,0.0,-2.1,この先制限速度なし,201m先に下り勾配6.7‰あり,先行列車なし,後続列車なし,0,0,,0,67.4,0,normal,0.0,ブレーキへの切替が速度不足で不合理かつ保持時間が短くノコギリ運転と判定され、上限0.0点となったため評価は0.0です。
40.0,Train11,巡航フェーズ（駅間走行中）,ブレーキ（減速）中,7.0,惰行,1.0,70.0,70.0,6.032617458988327,67.6,1991.4017471657105,140.0,2.010700933439871,0.0,-2.1,この先制限速度なし,200m先に下り勾配6.7‰あり,先行列車なし,後続列車なし,0,0,,0,67.6,0,normal,0.1,巡航フェーズで必要速度67.6km/hに対し6km/hのブレーキ走行は大幅なちんたら運転であり、定時性と省エネ性を著しく損なうため低評価とした。
50.0,Train11,巡航フェーズ（駅間走行中）,ブレーキ（減速）中,4.0,惰行,1.0,70.0,70.0,4.937219193854011,70.0,1970.972127574445,130.0,1.3471723212563271,0.0,-2.1,この先制限速度なし,179m先に下り勾配6.7‰あり,先行列車なし,後続列車なし,0,0,,0,70.0,0,normal,0.0,巡航フェーズでrequired_speed 70km/hに対し4.9km/hの減速を続け、前後のノッチ保持が短く逆転しているためノコギリ運転と判定し、上限0.0点となった。
92.0,Train11,巡航フェーズ（駅間走行中）,ブレーキ（減速）中,1.0,惰行,1.0,70.0,70.0,11.162594525937084,70.0,1882.418413047521,88.0,6.874377660013074,0.0,-2.1,この先制限速度なし,89m先に下り勾配6.7‰あり,先行列車なし,後続列車なし,0,0,,0,70.0,0,normal,0.0,巡航フェーズでrequired_speed 70km/hに対し11.2km/hのままブレーキをかけ、保持時間1秒で反転しているためノコギリ運転と判定し上限0.0点とした。
94.0,Train11,巡航フェーズ（駅間走行中）,ブレーキ（減速）中,3.0,惰行,1.0,70.0,70.0,6.1250818924320045,70.0,1877.623822476469,86.0,2.0727606916318746,0.0,-2.1,この先制限速度なし,86m先に下り勾配6.7‰あり,先行列車なし,後続列車なし,0,0,,0,70.0,0,normal,0.0,直前の惰行から3秒のブレーキへ短時間で反転し、保持時間が1秒未満のためノコギリ運転と判定し、上限0.0点とした。
99.0,Train11,巡航フェーズ（駅間走行中）,ブレーキ（減速）中,2.0,惰行,1.0,70.0,70.0,6.872325472050131,70.0,1867.7552541669088,81.0,2.608834113934768,0.0,-2.1,この先制限速度なし,76m先に下り勾配6.7‰あり,先行列車なし,後続列車なし,0,0,,0,70.0,0,normal,0.0,現在は必須速度70km/hに対し6.9km/hでブレーキをかけており、保持時間が短く逆転操作でノコギリ運転と判定され、上限0.0点となる。
107.0,Train11,巡航フェーズ（駅間走行中）,ブレーキ（減速）中,3.0,惰行,1.0,70.0,70.0,5.523458040490125,70.0,1852.658793242867,73.0,1.6858366395842121,0.0,-2.1,この先制限速度なし,61m先に下り勾配6.7‰あり,先行列車なし,後続列車なし,0,0,,0,70.0,0,normal,0.0,現在速度が必要速度70km/hに遠く及ばず、加速すべきところをブレーキに切り替えたためノコギリ運転（惰行→減速、保持時間1秒）と判定され、上限0.0点となった。
172.0,Train11,巡航フェーズ（駅間走行中）,ブレーキ（減速）中,1.0,力行（加速）,64.0,70.0,70.0,70.34146789324684,70.0,996.5434904978316,8.0,220.55234489134693,0.0,12.5,この先制限速度なし,この先目立った勾配なし,先行列車なし,後続列車なし,0,0,,0,70.0,0,normal,0.0,制限速度70km/hを70.3km/hで超過し即時0点ルールに該当するため、rewardは0.0とした。
82.0,Train11,巡航フェーズ（駅間走行中）,ブレーキ（減速）中,3.0,惰行,1.0,70.0,70.0,6.77741645920663,70.0,1919.0968699403647,98.0,2.537338770250335,0.0,-2.1,この先制限速度なし,127m先に下り勾配6.7‰あり,先行列車なし,後続列車なし,0,0,,0,70.0,0,normal,0.0,短時間の惰行からブレーキへの反転が合理的理由なくノコギリ運転と判定され、上限0.0点となったため。
104.0,Train11,巡航フェーズ（駅間走行中）,ブレーキ（減速）中,3.0,惰行,1.0,70.0,70.0,7.015768559745362,70.0,1868.1606516065124,76.0,2.7187715960714907,0.0,-2.1,この先制限速度なし,76m先に下り勾配6.7‰あり,先行列車なし,後続列車なし,0,0,,0,70.0,0,normal,0.0,巡航フェーズでrequired_speed70km/hに対し7km/hのブレーキ走行かつ惰行→減速のノコギリ運転（保持時間2秒未満）と判定し、上限0.0点のためreward=0.0。
58.0,Train11,巡航フェーズ（駅間走行中）,ブレーキ（減速）中,2.0,惰行,1.0,70.0,70.0,8.856901881535109,70.0,1994.8742493239813,122.0,4.33075177872647,0.0,-2.1,この先制限速度なし,202m先に下り勾配6.7‰あり,先行列車なし,後続列車なし,0,0,,0,70.0,0,normal,0.0,ブレーキへの短時間反転がノコギリ運転と判定され、prev_notch_durationが1秒で上限0.0点となったため。
174.0,Train11,巡航フェーズ（駅間走行中）,ブレーキ（減速）中,1.0,力行（加速）,64.0,70.0,70.0,70.27293655961734,70.0,1022.8661321902416,6.0,256.4373089726216,0.0,0.0,この先制限速度なし,13m先に上り勾配12.5‰あり,先行列車なし,後続列車なし,0,0,,0,70.0,0,normal,0.0,制限速度70km/hとCBTC信号70km/hを0.3km/h超えて走行しており、即時0点ルールに該当するため、他の評価は無視しrewardは0.0とした。
36.0,Train11,巡航フェーズ（駅間走行中）,ブレーキ（減速）中,8.0,惰行,1.0,70.0,70.0,12.201440394406111,67.8,2066.9798612004724,144.0,8.210795513361633,0.0,-2.1,この先制限速度なし,273m先に下り勾配6.7‰あり,先行列車なし,後続列車なし,0,0,,0,67.8,0,normal,0.2,巡航フェーズでrequired_speed 67.8km/hに対し12.2km/hのままブレーキを続け、遅延とエネルギー損失が顕著なため低評価とした。
37.0,Train11,巡航フェーズ（駅間走行中）,ブレーキ（減速）中,9.0,惰行,1.0,70.0,70.0,9.679917593963612,68.9,2063.94435990546,143.0,5.171771930640743,0.0,-2.1,この先制限速度なし,271m先に下り勾配6.7‰あり,先行列車なし,後続列車なし,0,0,,0,68.9,0,normal,0.2,巡航フェーズでrequired_speed(68.9km/h)に対し現在速度9.7km/hと大幅に遅く、不要なブレーキを継続しているためちんたら運転とみなし低評価とした。
38.0,Train11,巡航フェーズ（駅間走行中）,ブレーキ（減速）中,10.0,惰行,1.0,70.0,70.0,7.1614548764120505,69.0,2061.608845832712,142.0,2.832745644853108,0.0,-2.1,この先制限速度なし,269m先に下り勾配6.7‰あり,先行列車なし,後続列車なし,0,0,,0,69.0,0,normal,0.1,巡航フェーズで必要速度69km/hに対し7.2km/hのままブレーキを継続しており、速度不足と不要な減速が顕著なため大幅に評価を下げ、0.1とした。
39.0,Train11,巡航フェーズ（駅間走行中）,ブレーキ（減速）中,11.0,惰行,1.0,70.0,70.0,4.645771366193344,70.0,2059.9725083896915,141.0,1.1929048962525355,0.0,-2.1,この先制限速度なし,269m先に下り勾配6.7‰あり,先行列車なし,後続列車なし,0,0,,0,70.0,0,normal,0.2,巡航フェーズでrequired_speed 70km/hに対し4.6km/hの低速でブレーキを続けているため、必要以上の減速と遅延リスクがある。
62.0,Train11,巡航フェーズ（駅間走行中）,ブレーキ（減速）中,3.0,惰行,1.0,70.0,70.0,7.530134265913279,70.0,2011.148246138678,118.0,3.1316032898049513,0.0,-2.1,この先制限速度なし,219m先に下り勾配6.7‰あり,先行列車なし,後続列車なし,0,0,,0,70.0,0,normal,0.0,直前の惰行から7.5km/hでブレーキへ短時間切替え、合理的理由がなくノコギリ運転と判定され上限0.0点とした。
74.0,Train11,巡航フェーズ（駅間走行中）,ブレーキ（減速）中,1.0,惰行,1.0,70.0,70.0,13.786237730864231,70.0,1978.184199009,106.0,10.476909460402686,0.0,-2.1,この先制限速度なし,184m先に下り勾配6.7‰あり,先行列車なし,後続列車なし,0,0,,0,70.0,0,normal,0.0,ブレーキへ1秒で切替、直前は惰行1秒で保持し、反転がノコギリ運転と判定され上限0.0点となった。
77.0,Train11,巡航フェーズ（駅間走行中）,ブレーキ（減速）中,4.0,惰行,1.0,70.0,70.0,6.224902852241587,70.0,1969.8586607726725,103.0,2.1408148547552983,0.0,-2.1,この先制限速度なし,178m先に下り勾配6.7‰あり,先行列車なし,後続列車なし,0,0,,0,70.0,0,normal,0.0,前ノッチが1秒の惰行から7秒未満のブレーキへ反転し、必要速度70km/hに対し6.2km/hで減速しているためノコギリ運転とちんたら運転と判定し、上限0.0点とした。
99.0,Train11,巡航フェーズ（駅間走行中）,ブレーキ（減速）中,2.0,惰行,1.0,70.0,70.0,11.433933943850407,70.0,1914.7437509911176,81.0,7.212042052224963,0.0,-2.1,この先制限速度なし,121m先に下り勾配6.7‰あり,先行列車なし,後続列車なし,0,0,,0,70.0,0,normal,0.0,ノコギリ運転と巡航フェーズでの不必要な減速により、reward上限が0.0に設定されたため。
118.0,Train11,巡航フェーズ（駅間走行中）,ブレーキ（減速）中,4.0,惰行,1.0,70.0,70.0,5.9136238562305214,70.0,1869.272956959307,62.0,1.932221072255073,0.0,-2.1,この先制限速度なし,77m先に下り勾配6.7‰あり,先行列車なし,後続列車なし,0,0,,0,70.0,0,normal,0.0,ブレーキで5.9km/hに減速しrequired_speed70km/hに遠く及ばず、惰行→減速のノコギリ運転（保持時間4s・前ノッチ1s）と判定し上限0.0点とした。
27.0,Train11,巡航フェーズ（駅間走行中）,ブレーキ（減速）中,2.0,惰行,1.0,70.0,70.0,7.275013452968648,63.4,2076.0750098121825,153.0,2.923204771967731,0.0,-2.1,この先制限速度なし,284m先に下り勾配6.7‰あり,先行列車なし,後続列車なし,0,0,,0,63.4,0,normal,0.0,巡航フェーズでrequired_speed63.4km/hに対し7.3km/hのままブレーキを掛け、合理的理由なくノコギリ運転（保持時間2秒未満）となったためrewardは0.0とした。
57.0,Train11,巡航フェーズ（駅間走行中）,ブレーキ（減速）中,3.0,惰行,1.0,70.0,70.0,7.331263573718562,70.0,2002.958878064376,123.0,2.9685381551859127,0.0,-2.1,この先制限速度なし,211m先に下り勾配6.7‰あり,先行列車なし,後続列車なし,0,0,,0,70.0,0,normal,0.0,速度が必要速度70km/hを大きく下回りブレーキしている上、前後1秒未満のノッチ切替でノコギリ運転と判定され上限が0点となったため。
64.0,Train11,巡航フェーズ（駅間走行中）,ブレーキ（減速）中,3.0,惰行,1.0,70.0,70.0,8.043566170873497,70.0,1984.2021897629568,116.0,3.5727019825032706,0.0,-2.1,この先制限速度なし,192m先に下り勾配6.7‰あり,先行列車なし,後続列車なし,0,0,,0,70.0,0,normal,0.0,1秒の惰行から2秒未満でブレーキに反転しノコギリ運転と判定、巡航必須速度70km/hに対し8km/hで減速しているため0.0とした。
114.0,Train11,巡航フェーズ（駅間走行中）,ブレーキ（減速）中,2.0,惰行,1.0,70.0,70.0,5.663522130903258,70.0,1863.53224985449,66.0,1.772355590247453,0.0,-2.1,この先制限速度なし,72m先に下り勾配6.7‰あり,先行列車なし,後続列車なし,0,0,,0,70.0,0,normal,0.0,ブレーキから惰行への短時間切替が条件を満たしノコギリ運転と判定、prev_notch_durationが1秒で上限0.0点となったためrewardは0.0。
125.0,Train11,巡航フェーズ（駅間走行中）,ブレーキ（減速）中,2.0,力行（加速）,1.0,70.0,70.0,4.919075790353507,70.0,1846.69938367902,55.0,1.337295402636144,0.0,-2.1,この先制限速度なし,55m先に下り勾配6.7‰あり,先行列車なし,後続列車なし,0,0,,0,70.0,0,normal,0.0,直前の力行から2秒のブレーキへの反転が保持時間7秒未満で合理的理由がなく、ノコギリ運転と判定され上限0.0点となった。
127.0,Train11,巡航フェーズ（駅間走行中）,ブレーキ（減速）中,1.0,力行（加速）,1.0,70.0,70.0,5.445958903352253,70.0,1844.5871222679136,53.0,1.6388935605358568,0.0,-2.1,この先制限速度なし,53m先に下り勾配6.7‰あり,先行列車なし,後続列車なし,0,0,,0,70.0,0,normal,0.0,required_speed 70km/h に対し5.4km/h のブレーキ走行は不適切で、ノコギリ運転と判定され上限が0.0点となったため。
129.0,Train11,巡航フェーズ（駅間走行中）,ブレーキ（減速）中,1.0,力行（加速）,1.0,70.0,70.0,5.944904354849453,70.0,1842.186241615668,51.0,1.9527004041117275,0.0,-2.1,この先制限速度なし,50m先に下り勾配6.7‰あり,先行列車なし,後続列車なし,0,0,,0,70.0,0,normal,0.0,巡航フェーズで必要速度70km/hに対し5.9km/hの減速で、1秒の力行→ブレーキ反転はノコギリ運転と判定され上限0.0点となる。
134.0,Train11,巡航フェーズ（駅間走行中）,ブレーキ（減速）中,2.0,力行（加速）,1.0,70.0,70.0,4.349375617049409,70.0,1835.025097841619,46.0,1.0456251625046973,0.0,-2.1,この先制限速度なし,44m先に下り勾配6.7‰あり,先行列車なし,後続列車なし,0,0,,0,70.0,0,normal,0.0,ブレーキに切り替えたことで必要速度70km/hを大きく下回り、ノコギリ運転と判定され上限0.0点となるためrewardは0.0。
109.0,Train11,巡航フェーズ（駅間走行中）,ブレーキ（減速）中,1.0,惰行,1.0,70.0,70.0,9.51018646209065,70.0,1881.0969364412351,71.0,4.9922425497955825,0.0,-2.1,この先制限速度なし,88m先に下り勾配6.7‰あり,先行列車なし,後続列車なし,0,0,,0,70.0,0,normal,0.0,ブレーキへの即時切替が1秒未満で反転し、ノコギリ運転と判定され上限0.0点となったため。
117.0,Train11,巡航フェーズ（駅間走行中）,ブレーキ（減速）中,1.0,惰行,1.0,70.0,70.0,5.389613440056883,70.0,1868.2174611072924,63.0,1.605179285331347,0.0,-2.1,この先制限速度なし,77m先に下り勾配6.7‰あり,先行列車なし,後続列車なし,0,0,,0,70.0,0,normal,0.0,巡航フェーズで必要速度70km/hに対し5.4km/hのまま減速し、ノコギリ運転と判定されたためrewardは0.0とした。
128.0,Train11,巡航フェーズ（駅間走行中）,ブレーキ（減速）中,1.0,力行（加速）,1.0,70.0,70.0,7.633969799060477,70.0,1852.1573571629087,52.0,3.218472165356556,0.0,-2.1,この先制限速度なし,60m先に下り勾配6.7‰あり,先行列車なし,後続列車なし,0,0,,0,70.0,0,normal,0.0,巡航フェーズでrequired_speed70km/hに対し7.6km/hのまま減速し、力行→減速の短時間切替でノコギリ運転と判定、上限0.0点。
129.0,Train11,巡航フェーズ（駅間走行中）,ブレーキ（減速）中,2.0,力行（加速）,1.0,70.0,70.0,5.11778596454315,70.0,1850.389836974468,51.0,1.4474470893277902,0.0,-2.1,この先制限速度なし,59m先に下り勾配6.7‰あり,先行列車なし,後続列車なし,0,0,,0,70.0,0,normal,0.0,ブレーキへの反転が2秒未満でノコギリ運転と判定され、上限rewardが0.0点となったため0.0とした。
44.0,Train11,巡航フェーズ（駅間走行中）,ブレーキ（減速）中,1.0,惰行,1.0,70.0,70.0,13.003744966415232,70.0,2056.341779251476,136.0,9.323715506019392,0.0,-2.1,この先制限速度なし,263m先に下り勾配6.7‰あり,先行列車なし,後続列車なし,0,0,,0,70.0,0,normal,0.0,巡航フェーズでrequired_speed70km/hに対し13km/hのままブレーキし、不要減速と1秒未満のノコギリ運転に該当しreward上限が0.0点となるため0.0とした。
71.0,Train11,巡航フェーズ（駅間走行中）,ブレーキ（減速）中,2.0,惰行,1.0,70.0,70.0,11.916484392184175,70.0,1975.996356556376,109.0,7.832459249023776,0.0,-2.1,この先制限速度なし,183m先に下り勾配6.7‰あり,先行列車なし,後続列車なし,0,0,,0,70.0,0,normal,0.0,ブレーキへの短時間切替が惰行からの反転でノコギリ運転と判定され、上限0.0点となったためrewardは0.0。
79.0,Train11,巡航フェーズ（駅間走行中）,ブレーキ（減速）中,3.0,惰行,1.0,70.0,70.0,9.79120224427953,70.0,1950.66463497459,101.0,5.2911964807608625,0.0,-2.1,この先制限速度なし,158m先に下り勾配6.7‰あり,先行列車なし,後続列車なし,0,0,,0,70.0,0,normal,0.0,短時間で惰行→減速への切替がノコギリ運転と判定され、上限が0.0点となったため。
90.0,Train11,巡航フェーズ（駅間走行中）,ブレーキ（減速）中,1.0,惰行,1.0,70.0,70.0,13.343062054870192,70.0,1920.273971833712,90.0,9.815569796828877,0.0,-2.1,この先制限速度なし,126m先に下り勾配6.7‰あり,先行列車なし,後続列車なし,0,0,,0,70.0,0,normal,0.0,ブレーキへの不必要な切替と1秒未満のノッチ保持によりノコギリ運転と判定され、上限rewardが0.0点となったため0.0とした。
105.0,Train11,巡航フェーズ（駅間走行中）,ブレーキ（減速）中,2.0,惰行,1.0,70.0,70.0,6.615255990919989,70.0,1898.137665140908,75.0,2.417476566013221,0.0,-2.1,この先制限速度なし,106m先に下り勾配6.7‰あり,先行列車なし,後続列車なし,0,0,,0,70.0,0,normal,0.0,ブレーキが必要速度70km/hに対し6.6km/hで行われ、逆転操作が2秒未満で合理性なしのノコギリ運転と判定され、上限0.0点となったためreward=0.0。
111.0,Train11,巡航フェーズ（駅間走行中）,ブレーキ（減速）中,2.0,力行（加速）,1.0,70.0,70.0,4.93378606936876,70.0,1888.1519228191944,69.0,1.3453006106577985,0.0,-2.1,この先制限速度なし,97m先に下り勾配6.7‰あり,先行列車なし,後続列車なし,0,0,,0,70.0,0,normal,0.0,巡航フェーズでrequired_speed70km/hに対し4.9km/hのままブレーキし、保持時間が短く力行→ブレーキの反転でノコギリ運転と判定されたためrewardは0.0とした。
24.0,Train11,巡航フェーズ（駅間走行中）,ブレーキ（減速）中,4.0,惰行,1.0,70.0,70.0,26.72863330540962,56.6,2014.4832939923704,156.0,39.186975943216,0.0,-2.1,この先制限速度なし,217m先に下り勾配6.7‰あり,先行列車なし,後続列車なし,0,0,,0,56.6,0,normal,0.0,巡航フェーズでrequired_speedを大きく下回りブレーキは不要で、前後ノッチ保持時間が2秒未満のノコギリ運転と判定されたためrewardは0.0とした。
29.0,Train11,巡航フェーズ（駅間走行中）,ブレーキ（減速）中,9.0,惰行,1.0,70.0,70.0,14.019970363648874,59.8,1986.2321410377567,151.0,10.834339018399215,0.0,-2.1,この先制限速度なし,192m先に下り勾配6.7‰あり,先行列車なし,後続列車なし,0,0,,0,59.8,0,normal,0.1,巡航フェーズで必要速度59.8km/hに対し14km/hのままブレーキを続け、速度不足と遅延を招くため低評価とした。
32.0,Train11,巡航フェーズ（駅間走行中）,ブレーキ（減速）中,12.0,惰行,1.0,70.0,70.0,6.457772122350952,61.5,1977.7122028404683,148.0,2.303841591327312,0.0,-2.1,この先制限速度なし,186m先に下り勾配6.7‰あり,先行列車なし,後続列車なし,0,0,,0,61.5,0,normal,0.1,巡航フェーズでrequired_speed 61.5km/hに対し6.5km/hの低速でブレーキを続け、遅延とエネルギー無駄が顕著なため0.1とした。
60.0,Train11,巡航フェーズ（駅間走行中）,ブレーキ（減速）中,1.0,惰行,1.0,70.0,70.0,10.13608322796708,70.0,1937.3285826070444,120.0,5.669932444282437,0.0,-2.1,この先制限速度なし,144m先に下り勾配6.7‰あり,先行列車なし,後続列車なし,0,0,,0,70.0,0,normal,0.0,不要な減速と1秒保持のノコギリ運転（前ノッチ1秒）により上限0.0点と判断し、rewardは0.0とした。
70.0,Train11,巡航フェーズ（駅間走行中）,ブレーキ（減速）中,4.0,惰行,1.0,70.0,70.0,3.639367503464966,70.0,1916.9015897085765,110.0,0.7322332438811991,0.0,-2.1,この先制限速度なし,126m先に下り勾配6.7‰あり,先行列車なし,後続列車なし,0,0,,0,70.0,0,normal,0.0,ブレーキへの切替が1秒の惰行からの反転で保持時間が7秒未満、ノコギリ運転と判定され上限が0.0点のためrewardは0.0とした。
105.0,Train11,巡航フェーズ（駅間走行中）,ブレーキ（減速）中,1.0,惰行,1.0,70.0,70.0,4.419373248669434,70.0,1861.974521611373,75.0,1.0795332475940875,0.0,-2.1,この先制限速度なし,71m先に下り勾配6.7‰あり,先行列車なし,後続列車なし,0,0,,0,70.0,0,normal,0.0,持続時間1秒で惰行→減速への反転がノコギリ運転条件を満たし、上限0.0点となったため評価は0.0。
124.0,Train11,巡航フェーズ（駅間走行中）,ブレーキ（減速）中,1.0,惰行,1.0,70.0,70.0,4.994556628980888,70.0,1839.1113538814675,56.0,1.3786242820950143,0.0,-2.1,この先制限速度なし,48m先に下り勾配6.7‰あり,先行列車なし,後続列車なし,0,0,,0,70.0,0,normal,0.0,保持時間が1秒で惰行→減速への不合理な反転があり、ノコギリ運転と判定され上限0.0点となる。
133.0,Train11,巡航フェーズ（駅間走行中）,ブレーキ（減速）中,1.0,惰行,1.0,70.0,70.0,6.436646303107325,70.0,1826.8467177319887,47.0,2.288805608944527,0.0,-2.1,この先制限速度なし,35m先に下り勾配6.7‰あり,先行列車なし,後続列車なし,0,0,,0,70.0,0,normal,0.0,惰行から1秒でブレーキへの反転がノコギリ運転と判定され、上限0.0点となりさらに巡航フェーズで必要速度70km/hに対し6.4km/hの低速ブレーキは不適切であるためrewardは0.0とした。
134.0,Train11,巡航フェーズ（駅間走行中）,ブレーキ（減速）中,2.0,惰行,1.0,70.0,70.0,3.921711306363961,70.0,1825.411609140968,46.0,0.8501960607089862,0.0,-2.1,この先制限速度なし,34m先に下り勾配6.7‰あり,先行列車なし,後続列車なし,0,0,,0,70.0,0,normal,0.0,ブレーキへの短時間反転かつ速度が必要速度を大きく下回り、ノコギリ運転と判定され上限0.0点となった。
27.0,Train11,巡航フェーズ（駅間走行中）,ブレーキ（減速）中,6.0,惰行,1.0,70.0,70.0,21.72674244815741,59.8,2040.773027394408,153.0,25.946712402121143,0.0,-2.1,この先制限速度なし,245m先に下り勾配6.7‰あり,先行列車なし,後続列車なし,0,0,,0,59.8,0,normal,0.0,ブレーキへの切替が必要速度を大きく下回り、ノコギリ運転（保持1秒）に該当し上限0.0点としたため。
34.0,Train11,巡航フェーズ（駅間走行中）,ブレーキ（減速）中,13.0,惰行,1.0,70.0,70.0,3.857673778431508,65.2,2015.9514688628803,146.0,0.8226699310861266,0.0,-2.1,この先制限速度なし,225m先に下り勾配6.7‰あり,先行列車なし,後続列車なし,0,0,,0,65.2,0,normal,0.1,巡航フェーズで必要速度65.2km/hに対し3.9km/hのままブレーキを続け、停車位置も遠く遅延とエネルギー無駄が顕著なため0.1とした。
92.0,Train11,巡航フェーズ（駅間走行中）,ブレーキ（減速）中,3.0,惰行,1.0,70.0,70.0,4.203345430545772,70.0,1915.2739649689568,88.0,0.9766254214020519,0.0,-2.1,この先制限速度なし,124m先に下り勾配6.7‰あり,先行列車なし,後続列車なし,0,0,,0,70.0,0,normal,0.0,短時間で惰行→減速への不合理な切替（ノコギリ運転）と不要なブレーキにより評価上限が0.0となった。
125.0,Train11,巡航フェーズ（駅間走行中）,ブレーキ（減速）中,2.0,惰行,1.0,70.0,70.0,4.735016775388798,70.0,1865.5784696302824,55.0,1.2391488917784594,0.0,-2.1,この先制限速度なし,74m先に下り勾配6.7‰あり,先行列車なし,後続列車なし,0,0,,0,70.0,0,normal,0.0,直前の惰行から2秒のブレーキへの反転がノコギリ運転と判定され、上限が0.0点となったため。
136.0,Train11,巡航フェーズ（駅間走行中）,ブレーキ（減速）中,1.0,惰行,1.0,70.0,70.0,6.548880660390729,70.0,1848.741127334854,44.0,2.369249553560093,0.0,-2.1,この先制限速度なし,57m先に下り勾配6.7‰あり,先行列車なし,後続列車なし,0,0,,0,70.0,0,normal,0.0,ブレーキへの短時間切替と即時の惰行からノコギリ運転と判定され、上限0.0点となったため。
50.0,Train11,巡航フェーズ（駅間走行中）,ブレーキ（減速）中,4.0,惰行,1.0,70.0,70.0,5.479765245940026,70.0,2017.8388855551648,130.0,1.6592894920974377,0.0,-2.1,この先制限速度なし,226m先に下り勾配6.7‰あり,先行列車なし,後続列車なし,0,0,,0,70.0,0,normal,0.0,巡航フェーズでrequired_speed未達のまま不必要にブレーキし、保持時間が短くノコギリ運転と判定されたためrewardは0.0とした。
49.0,Train11,巡航フェーズ（駅間走行中）,ブレーキ（減速）中,2.0,惰行,1.0,70.0,70.0,10.70884102555134,70.0,2064.574132334073,131.0,6.3277301521392,0.0,-2.1,この先制限速度なし,271m先に下り勾配6.7‰あり,先行列車なし,後続列車なし,0,0,,0,70.0,0,normal,0.0,ブレーキへの短時間反転（持続2秒、前は惰行1秒）でノコギリ運転と判定され、上限0.0点となったため。
21.0,Train11,巡航フェーズ（駅間走行中）,ブレーキ（減速）中,1.0,惰行,11.0,70.0,70.0,24.342927752483384,57.8,2064.1211823433887,159.0,32.536946081596376,0.0,-2.1,この先制限速度なし,267m先に下り勾配6.7‰あり,先行列車なし,後続列車なし,0,0,,0,57.8,0,normal,0.1,巡航フェーズでrequired_speed 57.8km/hに対し24.3km/hのブレーキ走行は不必要な減速であり、エネルギー無駄と遅延リスクが大きく0.1とした。
24.0,Train11,巡航フェーズ（駅間走行中）,ブレーキ（減速）中,2.0,惰行,1.0,70.0,70.0,19.171827930108964,58.5,2045.9910157144775,156.0,20.22307317053787,0.0,-2.1,この先制限速度なし,251m先に下り勾配6.7‰あり,先行列車なし,後続列車なし,0,0,,0,58.5,0,normal,0.0,惰行1秒からブレーキ2秒への反転で保持時間が7秒未満、prev_notch_durationが1秒と2秒未満のためノコギリ運転と判定し、上限0.0点となった。
28.0,Train11,巡航フェーズ（駅間走行中）,ブレーキ（減速）中,6.0,惰行,1.0,70.0,70.0,8.955439726082403,61.3,2030.3842650755823,152.0,4.427526686373692,0.0,-2.1,この先制限速度なし,238m先に下り勾配6.7‰あり,先行列車なし,後続列車なし,0,0,,0,61.3,0,normal,0.0,短時間で惰行→減速への反転がノコギリ運転と判定され、上限0.0点となったためrewardは0.0。
47.0,Train11,巡航フェーズ（駅間走行中）,ブレーキ（減速）中,2.0,惰行,1.0,70.0,70.0,7.097698416525863,70.0,2013.1964211061263,133.0,2.7825800164700683,0.0,-2.1,この先制限速度なし,221m先に下り勾配6.7‰あり,先行列車なし,後続列車なし,0,0,,0,70.0,0,normal,0.0,巡航フェーズで必要速度70km/hに対し7km/hでブレーキし、保持時間2秒未満のノコギリ運転に該当するためrewardは0.0とした。
59.0,Train11,巡航フェーズ（駅間走行中）,ブレーキ（減速）中,1.0,惰行,1.0,70.0,70.0,8.924853009378003,70.0,1990.7578950059524,121.0,4.3973730756855405,0.0,-2.1,この先制限速度なし,198m先に下り勾配6.7‰あり,先行列車なし,後続列車なし,0,0,,0,70.0,0,normal,0.0,ブレーキへの短時間切替と直前の惰行が条件を満たしノコギリ運転と判定され、上限が0.0点のためrewardは0.0とした。
115.0,Train11,巡航フェーズ（駅間走行中）,ブレーキ（減速）中,1.0,惰行,1.0,70.0,70.0,4.9375931582284105,70.0,1897.410505007155,65.0,1.347376281969469,0.0,-2.1,この先制限速度なし,106m先に下り勾配6.7‰あり,先行列車なし,後続列車なし,0,0,,0,70.0,0,normal,0.0,ノコギリ運転（保持時間2秒未満）と巡航フェーズで必要速度70km/hを大幅下回りブレーキしているため、上限0.0点と判断した。
66.0,Train11,巡航フェーズ（駅間走行中）,ブレーキ（減速）中,1.0,惰行,1.0,70.0,70.0,7.280425537374329,70.0,2015.37555213768,114.0,2.9275513739150356,0.0,-2.1,この先制限速度なし,223m先に下り勾配6.7‰あり,先行列車なし,後続列車なし,0,0,,0,70.0,0,normal,0.0,惰行からブレーキへの1秒未満の反転がノコギリ運転と判定され、上限が0.0点となったためrewardは0.0。
111.0,Train11,巡航フェーズ（駅間走行中）,ブレーキ（減速）中,2.0,惰行,1.0,70.0,70.0,3.708463234592527,70.0,1937.502830081577,69.0,0.760288318111915,0.0,-2.1,この先制限速度なし,146m先に下り勾配6.7‰あり,先行列車なし,後続列車なし,0,0,,0,70.0,0,normal,0.0,ブレーキへの短時間反転がノコギリ運転と判定され、上限0.0点となったため。
37.0,Train11,巡航フェーズ（駅間走行中）,ブレーキ（減速）中,1.0,惰行,1.0,70.0,70.0,19.825959328899412,65.9,2065.213965865976,143.0,21.621283983012855,0.0,-2.1,この先制限速度なし,270m先に下り勾配6.7‰あり,先行列車なし,後続列車なし,0,0,,0,65.9,0,normal,0.0,惰行から1秒でブレーキへ反転し、保持時間が2秒未満のノコギリ運転と判定され、上限が0点となったためrewardは0.0。
82.0,Train11,巡航フェーズ（駅間走行中）,ブレーキ（減速）中,1.0,惰行,1.0,70.0,70.0,9.816871808173662,70.0,1965.793704679381,98.0,5.318936477637882,0.0,-2.1,この先制限速度なし,173m先に下り勾配6.7‰あり,先行列車なし,後続列車なし,0,0,,0,70.0,0,normal,0.0,惰行からブレーキへの1秒未満の反転がノコギリ運転と判定され、上限0.0点となったため。
29.0,Train11,巡航フェーズ（駅間走行中）,ブレーキ（減速）中,5.0,力行（加速）,5.0,70.0,70.0,6.776719016107856,64.1,2065.7228448078195,151.0,2.5368170527148837,0.0,-2.1,この先制限速度なし,274m先に下り勾配6.7‰あり,先行列車なし,後続列車なし,0,0,,0,64.1,0,normal,0.2,巡航フェーズで必要速度64.1km/hに対し6.8km/hと大幅に遅く、不要なブレーキと5秒保持のノコギリ運転により省エネ・定時性が著しく損なわれ、上限0.3とし0.2と評価した。
39.0,Train11,巡航フェーズ（駅間走行中）,ブレーキ（減速）中,5.0,力行（加速）,5.0,70.0,70.0,7.249651496240983,69.0,2034.951585277284,141.0,2.902878776545376,0.0,-2.1,この先制限速度なし,243m先に下り勾配6.7‰あり,先行列車なし,後続列車なし,0,0,,0,69.0,0,normal,0.1,巡航フェーズで必要速度69km/hに対し7.2km/hの低速走行かつブレーキを続け、ちんたら運転とノコギリ運転が重なるため、評価は最低の0.1とした。
46.0,Train11,巡航フェーズ（駅間走行中）,ブレーキ（減速）中,1.0,力行（加速）,5.0,70.0,70.0,15.790540884124374,70.0,2019.433392206036,134.0,13.735434842260283,0.0,-2.1,この先制限速度なし,225m先に下り勾配6.7‰あり,先行列車なし,後続列車なし,0,0,,0,70.0,0,normal,0.2,巡航フェーズでrequired_speed 70km/hに対し15.8km/hでブレーキし、力行→減速のノコギリ運転と判定されたため、エネルギー無駄と低速運転で減点し0.2とした。
47.0,Train11,巡航フェーズ（駅間走行中）,ブレーキ（減速）中,2.0,力行（加速）,5.0,70.0,70.0,13.235979250536008,70.0,2015.405563379158,133.0,9.658990401546818,0.0,-2.1,この先制限速度なし,222m先に下り勾配6.7‰あり,先行列車なし,後続列車なし,0,0,,0,70.0,0,normal,0.1,巡航フェーズでrequired_speed70km/hに対し13.2km/hのままブレーキを続け、ノコギリ運転と判定されたため評価は0.1とした。
49.0,Train11,巡航フェーズ（駅間走行中）,ブレーキ（減速）中,4.0,力行（加速）,5.0,70.0,70.0,8.13705816754065,70.0,2009.476284434875,131.0,3.656141508326422,0.0,-2.1,この先制限速度なし,217m先に下り勾配6.7‰あり,先行列車なし,後続列車なし,0,0,,0,70.0,0,normal,0.2,巡航フェーズでrequired_speed 70km/hに対し8.1km/hのままブレーキを続け、前後列車なしで不必要な減速と、直前の力行からの短時間切替によりノコギリ運転と判定し、評価上限0.3点となるため0.2とした。
50.0,Train11,巡航フェーズ（駅間走行中）,ブレーキ（減速）中,5.0,力行（加速）,5.0,70.0,70.0,5.592121898545102,70.0,2007.573052776696,130.0,1.727980884427887,0.0,-2.1,この先制限速度なし,216m先に下り勾配6.7‰あり,先行列車なし,後続列車なし,0,0,,0,70.0,0,normal,0.1,巡航フェーズでrequired_speed70km/hに対し5.6km/hのままブレーキを続け、不要な減速とエネルギー浪費が顕著で、ノコギリ運転も判定されたため0.1とした。
82.0,Train11,巡航フェーズ（駅間走行中）,ブレーキ（減速）中,1.0,力行（加速）,1.0,70.0,70.0,6.001340419283967,70.0,1949.2711613981264,98.0,1.9899217084203547,0.0,-2.1,この先制限速度なし,157m先に下り勾配6.7‰あり,先行列車なし,後続列車なし,0,0,,0,70.0,0,normal,0.0,required_speed70km/hに対し6km/hでブレーキし、保持時間が7秒未満の力行→ブレーキ反転は合理性がなくノコギリ運転と判定され上限0.0点となる。
85.0,Train11,巡航フェーズ（駅間走行中）,ブレーキ（減速）中,2.0,力行（加速）,1.0,70.0,70.0,3.95584276855996,70.0,1945.1214633690088,95.0,0.8650521193034525,0.0,-2.1,この先制限速度なし,154m先に下り勾配6.7‰あり,先行列車なし,後続列車なし,0,0,,0,70.0,0,normal,0.0,不必要なブレーキと1秒未満の加速からの即時反転でノコギリ運転と判定され、上限が0.0点となったため、結果として評価は0.0となります。
100.0,Train11,巡航フェーズ（駅間走行中）,ブレーキ（減速）中,1.0,力行（加速）,1.0,70.0,70.0,5.156388913602982,70.0,1929.152732867898,80.0,1.4693509113471335,0.0,-2.1,この先制限速度なし,138m先に下り勾配6.7‰あり,先行列車なし,後続列車なし,0,0,,0,70.0,0,normal,0.0,ブレーキと直前の力行が7秒未満で反転し、合理的理由がなくノコギリ運転と判定されたため、reward上限は0.0となる。
122.0,Train11,巡航フェーズ（駅間走行中）,ブレーキ（減速）中,2.0,力行（加速）,2.0,70.0,70.0,5.021427335609953,70.0,1901.0045080547009,58.0,1.393488692962135,0.0,-2.1,この先制限速度なし,109m先に下り勾配6.7‰あり,先行列車なし,後続列車なし,0,0,,0,70.0,0,normal,0.1,巡航フェーズでrequired_speed70km/hに対し5km/hでブレーキを継続し不必要な減速と省エネ性欠如、かつ2秒で力行→ブレーキへの反転でノコギリ運転と判定されたため、上限0.3点以下に抑え0.1とした。
216.0,Train11,巡航フェーズ（駅間走行中）,ブレーキ（減速）中,14.0,力行（加速）,21.0,70.0,70.0,9.967679800557862,70.0,1575.0205853893,0.0,5.326553435593945,37.0,0.0,この先制限速度なし,この先目立った勾配なし,先行列車なし,後続列車なし,0,0,,0,70.0,0,normal,0.2,巡航フェーズでrequired_speed 70km/hに対し10km/hでブレーキ走行はちんたら運転とみなされ、エネルギー無駄と遅延を招くためreward 0.2とした。
81.0,Train11,巡航フェーズ（駅間走行中）,ブレーキ（減速）中,1.0,力行（加速）,2.0,70.0,70.0,7.544478280527195,70.0,1961.122087622428,99.0,3.1435329198344237,0.0,-2.1,この先制限速度なし,169m先に下り勾配6.7‰あり,先行列車なし,後続列車なし,0,0,,0,70.0,0,normal,0.2,巡航フェーズでrequired_speed70km/hに対し7.5km/hのままブレーキし、2秒の力行→ブレーキの反転でノコギリ運転と判断し、上限0.3点以下に抑えて0.2点とした。
82.0,Train11,巡航フェーズ（駅間走行中）,ブレーキ（減速）中,2.0,力行（加速）,2.0,70.0,70.0,5.028389953040105,70.0,1959.379412561393,98.0,1.3973532761701601,0.0,-2.1,この先制限速度なし,168m先に下り勾配6.7‰あり,先行列車なし,後続列車なし,0,0,,0,70.0,0,normal,0.0,巡航フェーズでrequired_speed 70km/hに対し5km/hのままブレーキを継続し、不要な減速と2秒のノコギリ運転（力行→ブレーキ）となっているためrewardは0.0とした。
183.0,Train11,巡航フェーズ（駅間走行中）,ブレーキ（減速）中,1.0,力行（加速）,1.0,70.0,70.0,5.274446318137484,70.0,1834.42134159802,0.0,1.5373575145959197,4.0,-2.1,この先制限速度なし,43m先に下り勾配6.7‰あり,先行列車なし,後続列車なし,0,0,,0,70.0,0,normal,0.0,巡航フェーズでrequired_speed 70km/hに対し5.3km/hの低速ブレーキはちんたら運転であり、かつ1秒の力行→ブレーキはノコギリ運転と判定され上限0.0点となる。
203.0,Train11,巡航フェーズ（駅間走行中）,ブレーキ（減速）中,1.0,力行（加速）,19.0,70.0,70.0,40.76907509233573,70.0,1703.411574178464,0.0,96.69240794982663,24.0,-6.7,この先制限速度なし,この先目立った勾配なし,先行列車なし,後続列車なし,0,0,,0,70.0,0,normal,0.1,巡航フェーズでrequired_speed 70km/hに対し40.8km/hと大幅に遅く、不要なブレーキにより遅延が拡大しているため低評価とした。
214.0,Train11,巡航フェーズ（駅間走行中）,ブレーキ（減速）中,12.0,力行（加速）,19.0,70.0,70.0,13.580848320690484,70.0,1619.6537847291806,0.0,9.87728344556549,35.0,0.0,この先制限速度なし,この先目立った勾配なし,先行列車なし,後続列車なし,0,0,,0,70.0,0,normal,0.1,巡航フェーズでrequired_speed 70km/hに対し13.6km/hの低速でブレーキを続け、遅延とエネルギー無駄が顕著なため0.1とした。
41.0,Train11,巡航フェーズ（駅間走行中）,ブレーキ（減速）中,6.0,惰行,1.0,70.0,70.0,4.259957407578245,70.0,2059.5276102786,139.0,1.003095578486159,0.0,-2.1,この先制限速度なし,268m先に下り勾配6.7‰あり,先行列車なし,後続列車なし,0,0,,0,70.0,0,normal,0.0,巡航フェーズでrequired_speed 70km/hに対し4.3km/hのままブレーキ減速し、1s惰行→6sブレーキのノコギリ運転に該当し上限0.0点とした。
50.0,Train11,巡航フェーズ（駅間走行中）,ブレーキ（減速）中,3.0,力行（加速）,6.0,70.0,70.0,12.706353061382188,70.0,2033.1642408239536,130.0,8.902979036039328,0.0,-2.1,この先制限速度なし,239m先に下り勾配6.7‰あり,先行列車なし,後続列車なし,0,0,,0,70.0,0,normal,0.2,巡航フェーズでrequired_speed 70km/hに対し12.7km/hの低速ブレーキはちんたら運転とみなされ、ノコギリ運転も判定されたため低評価とした。
51.0,Train11,巡航フェーズ（駅間走行中）,ブレーキ（減速）中,4.0,力行（加速）,6.0,70.0,70.0,10.155977913124682,70.0,2029.9925354683385,129.0,5.692178037176892,0.0,-2.1,この先制限速度なし,237m先に下り勾配6.7‰あり,先行列車なし,後続列車なし,0,0,,0,70.0,0,normal,0.2,巡航フェーズでrequired_speed 70km/hに対し10.2km/hでブレーキし、加速が必要なのに減速している上、2秒で力行→ブレーキへの反転がノコギリ運転と判定されたため低評価とした。
78.0,Train11,巡航フェーズ（駅間走行中）,ブレーキ（減速）中,1.0,力行（加速）,2.0,70.0,70.0,8.774481067014307,70.0,1974.63282622531,102.0,4.2506245217949985,0.0,-2.1,この先制限速度なし,182m先に下り勾配6.7‰あり,先行列車なし,後続列車なし,0,0,,0,70.0,0,normal,0.0,2秒未満の前後ノッチで力行→ブレーキへの反転がノコギリ運転と判定され、上限が0.0点となったため。
79.0,Train11,巡航フェーズ（駅間走行中）,ブレーキ（減速）中,2.0,力行（加速）,2.0,70.0,70.0,6.257049422134991,70.0,1972.5486753279677,101.0,2.1629647507711978,0.0,-2.1,この先制限速度なし,181m先に下り勾配6.7‰あり,先行列車なし,後続列車なし,0,0,,0,70.0,0,normal,0.1,巡航フェーズで必要速度70km/hに対し6.3km/hの低速ブレーキ走行し、2秒の力行→ブレーキ反転がノコギリ運転と判定されたため、0.1点に抑える。
83.0,Train11,巡航フェーズ（駅間走行中）,ブレーキ（減速）中,1.0,力行（加速）,2.0,70.0,70.0,7.271404945431859,70.0,1968.076570969263,97.0,2.9203084652323077,0.0,-2.1,この先制限速度なし,176m先に下り勾配6.7‰あり,先行列車なし,後続列車なし,0,0,,0,70.0,0,normal,0.1,巡航フェーズでrequired_speed70km/hに対し7.3km/hのままブレーキし、不要な減速と2秒の加速後すぐのブレーキというノコギリ運転で定時性・省エネ性が大きく損なわれ、上限0.3点以下に制限されるため0.1とした。
93.0,Train11,巡航フェーズ（駅間走行中）,ブレーキ（減速）中,1.0,力行（加速）,1.0,70.0,70.0,4.351845848127407,70.0,1956.6064217373016,87.0,1.0468125863507367,0.0,-2.1,この先制限速度なし,165m先に下り勾配6.7‰あり,先行列車なし,後続列車なし,0,0,,0,70.0,0,normal,0.0,ブレーキへの短時間反転がノコギリ運転と判定され、prev_notch_durationが1秒で上限0.0点となり、巡航フェーズで必要速度70km/hに対し4.4km/hの不必要な減速も評価を0.0とした。
120.0,Train11,巡航フェーズ（駅間走行中）,ブレーキ（減速）中,2.0,力行（加速）,3.0,70.0,70.0,8.035762027481692,70.0,1920.9893320237195,60.0,3.5657804026668907,0.0,-2.1,この先制限速度なし,129m先に下り勾配6.7‰あり,先行列車なし,後続列車なし,0,0,,0,70.0,0,normal,0.1,巡航フェーズで必要速度70km/hに対し8km/hでブレーキをかけ、不要減速と2秒のノコギリ運転で評価を大幅に下げ、上限0.3を下回り0.1とした。
204.0,Train11,巡航フェーズ（駅間走行中）,ブレーキ（減速）中,1.0,力行（加速）,18.0,70.0,70.0,39.29686745748688,70.0,1722.1693338930208,0.0,89.91240036124026,25.0,-6.7,この先制限速度なし,この先目立った勾配なし,先行列車なし,後続列車なし,0,0,,0,70.0,0,normal,0.1,巡航フェーズでrequired_speed 70km/hに対し39.3km/hのままブレーキを続け、遅延が拡大しエネルギー無駄が顕著なためrewardを0.1とした。
211.0,Train11,巡航フェーズ（駅間走行中）,ブレーキ（減速）中,8.0,力行（加速）,18.0,70.0,70.0,22.54040637004268,70.0,1662.1137590666492,0.0,29.83288765630552,32.0,-6.7,この先制限速度なし,この先目立った勾配なし,先行列車なし,後続列車なし,0,0,,0,70.0,0,normal,0.1,巡航フェーズでrequired_speed 70km/hに対し22.5km/hのブレーキ走行は不必要な減速で遅延を拡大し、省エネ性も欠如しているため低評価とした。
232.0,Train11,巡航フェーズ（駅間走行中）,ブレーキ（減速）中,6.0,力行（加速）,1.0,70.0,70.0,8.394327548523995,70.0,1552.0474337922856,0.0,3.7793908842429382,53.0,0.0,この先制限速度なし,この先目立った勾配なし,先行列車なし,後続列車なし,0,0,,0,70.0,0,normal,0.0,巡航フェーズでrequired_speed 70km/hに対し8.4km/hのままブレーキを掛け、1秒の力行から6秒のブレーキへの反転でノコギリ運転と判定され、評価上限が0.0となった。
57.0,Train11,巡航フェーズ（駅間走行中）,ブレーキ（減速）中,5.0,惰行,1.0,70.0,70.0,5.23749589028363,70.0,2030.50724807234,123.0,1.5159071826560495,0.0,-2.1,この先制限速度なし,239m先に下り勾配6.7‰あり,先行列車なし,後続列車なし,0,0,,0,70.0,0,normal,0.0,巡航フェーズでrequired_speed70km/hに対し5.2km/hでブレーキし、保持時間が短く逆転操作のためノコギリ運転と判定され上限0.0点となった。
109.0,Train11,巡航フェーズ（駅間走行中）,ブレーキ（減速）中,1.0,力行（加速）,2.0,70.0,70.0,7.503994342752192,70.0,1947.525420804954,71.0,3.109921428145235,0.0,-2.1,この先制限速度なし,155m先に下り勾配6.7‰あり,先行列車なし,後続列車なし,0,0,,0,70.0,0,normal,0.2,ブレーキで速度を不必要に低下させ、2秒で加速から減速への反転がノコギリ運転と判定され、エネルギー効率が著しく低下しているため0.2とした。
117.0,Train11,巡航フェーズ（駅間走行中）,ブレーキ（減速）中,1.0,力行（加速）,2.0,70.0,70.0,9.183378939893068,70.0,1934.9292602173591,63.0,4.655473389424857,0.0,-2.1,この先制限速度なし,142m先に下り勾配6.7‰あり,先行列車なし,後続列車なし,0,0,,0,70.0,0,normal,0.2,ノコギリ運転と不必要なブレーキにより省エネ性が低く、評価を0.2点とした。
123.0,Train11,巡航フェーズ（駅間走行中）,ブレーキ（減速）中,1.0,力行（加速）,3.0,70.0,70.0,10.404839236620752,70.0,1925.3048965820449,57.0,5.974113534559841,0.0,-2.1,この先制限速度なし,132m先に下り勾配6.7‰あり,先行列車なし,後続列車なし,0,0,,0,70.0,0,normal,0.1,巡航フェーズでrequired_speed70km/hに対し10.4km/hでブレーキをかけ、3秒の力行から1秒のブレーキへのノコギリ運転となり、定時性と省エネが大幅に損なわれるためrewardは0.1とした。
146.0,Train11,巡航フェーズ（駅間走行中）,ブレーキ（減速）中,1.0,力行（加速）,2.0,70.0,70.0,7.460033377527517,70.0,1891.3359594076908,34.0,3.073627271868645,0.0,-2.1,この先制限速度なし,99m先に下り勾配6.7‰あり,先行列車なし,後続列車なし,0,0,,0,70.0,0,normal,0.1,巡航フェーズでrequired_speed 70km/hに対し7.5km/hのブレーキ走行は不必要で、ノコギリ運転(2秒反転)によりreward上限0.1とした。
204.0,Train11,巡航フェーズ（駅間走行中）,ブレーキ（減速）中,2.0,力行（加速）,20.0,70.0,70.0,39.51159345322645,70.0,1696.325681140184,0.0,90.88640124852584,25.0,-6.7,この先制限速度なし,この先目立った勾配なし,先行列車なし,後続列車なし,0,0,,0,70.0,0,normal,0.2,巡航フェーズでrequired_speed 70km/hに対し39.5km/hでブレーキしており、不要な減速で遅延とエネルギー損失が大きく評価を低下させた。
209.0,Train11,巡航フェーズ（駅間走行中）,ブレーキ（減速）中,7.0,力行（加速）,20.0,70.0,70.0,27.51529740234002,70.0,1649.8115562122848,0.0,44.355077533710144,30.0,-6.7,この先制限速度なし,この先目立った勾配なし,先行列車なし,後続列車なし,0,0,,0,70.0,0,normal,0.1,巡航フェーズでrequired_speed 70km/hに対し27.5km/hのブレーキ走行は不必要な減速であり、遅延拡大とエネルギー無駄となるためrewardを0.1とした。
210.0,Train11,巡航フェーズ（駅間走行中）,ブレーキ（減速）中,8.0,力行（加速）,20.0,70.0,70.0,25.131362254099084,70.0,1642.5029383463752,0.0,33.68104530799487,31.0,0.0,この先制限速度なし,この先目立った勾配なし,先行列車なし,後続列車なし,0,0,,0,70.0,0,normal,0.1,巡航フェーズでrequired_speed 70km/hに対し25km/hに減速・ブレーキしており、遅延拡大とエネルギー無駄が顕著なため低評価とした。
212.0,Train11,巡航フェーズ（駅間走行中）,ブレーキ（減速）中,10.0,力行（加速）,20.0,70.0,70.0,19.991989704593905,70.0,1629.9568658757407,0.0,21.356918307838384,33.0,0.0,この先制限速度なし,この先目立った勾配なし,先行列車なし,後続列車なし,0,0,,0,70.0,0,normal,0.1,巡航フェーズでrequired_speed 70km/hに対し20km/hのブレーキ走行は不必要で遅延を拡大し省エネ性も低く、0.1点とした。
214.0,Train11,巡航フェーズ（駅間走行中）,ブレーキ（減速）中,12.0,力行（加速）,20.0,70.0,70.0,14.782509325372269,70.0,1620.3052665388568,0.0,11.698006288114353,35.0,0.0,この先制限速度なし,この先目立った勾配なし,先行列車なし,後続列車なし,0,0,,0,70.0,0,normal,0.1,巡航フェーズでrequired_speed 70km/hに対し14.8km/hの低速でブレーキを続け、加速すべきところを遅延させたため、ちんたら運転と判断し低評価とした。
216.0,Train11,巡航フェーズ（駅間走行中）,ブレーキ（減速）中,14.0,力行（加速）,20.0,70.0,70.0,9.587986290815044,70.0,1613.5435357745785,0.0,4.929014088334102,37.0,0.0,この先制限速度なし,この先目立った勾配なし,先行列車なし,後続列車なし,0,0,,0,70.0,0,normal,0.1,巡航フェーズでrequired_speed 70km/hに対し現在速度9.6km/hでブレーキを継続し、加速すべきところで減速しているため大幅なちんたら運転と判断し低評価とした。
21.0,Train11,巡航フェーズ（駅間走行中）,ブレーキ（減速）中,8.0,力行（加速）,14.0,70.0,70.0,13.842883037514488,58.4,2063.615496968509,159.0,10.562985376242963,0.0,-2.1,この先制限速度なし,270m先に下り勾配6.7‰あり,先行列車なし,後続列車なし,0,0,,0,58.4,0,normal,0.1,巡航フェーズでrequired_speed 58.4km/hに対し13.8km/hの低速でブレーキを続け、遅延とエネルギー無駄が顕著なため低評価とした。
23.0,Train11,巡航フェーズ（駅間走行中）,ブレーキ（減速）中,10.0,力行（加速）,14.0,70.0,70.0,8.791461291932174,60.0,2057.334022458445,157.0,4.267071212182687,0.0,-2.1,この先制限速度なし,265m先に下り勾配6.7‰あり,先行列車なし,後続列車なし,0,0,,0,60.0,0,normal,0.1,巡航フェーズでrequired_speed 60km/hに対し8.8km/hの低速ブレーキはちんたら運転とみなされ、大幅減点となる。
34.0,Train11,巡航フェーズ（駅間走行中）,ブレーキ（減速）中,1.0,力行（加速）,10.0,70.0,70.0,28.57956447347546,60.6,2004.0796354620163,146.0,44.765314053722506,0.0,-2.1,この先制限速度なし,206m先に下り勾配6.7‰あり,先行列車なし,後続列車なし,0,0,,0,60.6,0,normal,0.1,巡航フェーズでrequired_speed 60.6km/hに対し28.6km/hの低速ブレーキを続けており、遅延とエネルギー無駄が顕著なため低評価とした。
42.0,Train11,巡航フェーズ（駅間走行中）,ブレーキ（減速）中,9.0,力行（加速）,10.0,70.0,70.0,8.315661879806244,67.9,1963.161029970831,138.0,3.8182117960040323,0.0,-2.1,この先制限速度なし,171m先に下り勾配6.7‰あり,先行列車なし,後続列車なし,0,0,,0,67.9,0,normal,0.1,巡航フェーズでrequired_speed 67.9km/hに対し8.3km/hのままブレーキを続け、遅延とエネルギー無駄が顕著なため低評価とした。
43.0,Train11,巡航フェーズ（駅間走行中）,ブレーキ（減速）中,10.0,力行（加速）,10.0,70.0,70.0,5.798739050029789,68.8,1961.2042562903905,137.0,1.857930874344427,0.0,-2.1,この先制限速度なし,169m先に下り勾配6.7‰あり,先行列車なし,後続列車なし,0,0,,0,68.8,0,normal,0.2,巡航フェーズでrequired_speed 68.8km/hに対し5.8km/hの低速でブレーキしており、必要以上の減速でエネルギー無駄となるため低評価。
75.0,Train11,巡航フェーズ（駅間走行中）,ブレーキ（減速）中,7.0,力行（加速）,7.0,70.0,70.0,5.52858981043178,70.0,1842.074906173625,105.0,1.6889684361478372,0.0,-2.1,この先制限速度なし,50m先に下り勾配6.7‰あり,先行列車なし,後続列車なし,0,0,,0,70.0,0,normal,0.1,巡航フェーズでrequired_speed 70km/hに対し5.5km/hのブレーキ走行は大幅なちんたら運転でエネルギー効率が著しく低く、0.1点とした。
81.0,Train11,巡航フェーズ（駅間走行中）,ブレーキ（減速）中,2.0,力行（加速）,4.0,70.0,70.0,11.61387266188959,70.0,1827.553103627146,99.0,7.440409842750049,0.0,-2.1,この先制限速度なし,34m先に下り勾配6.7‰あり,先行列車なし,後続列車なし,0,0,,0,70.0,0,normal,0.1,required_speed70km/hに対し11.6km/hの低速でブレーキし、ノコギリ運転と判定されたため上限0.3点に抑え、さらに速度不足で0.1点とした。
82.0,Train11,巡航フェーズ（駅間走行中）,ブレーキ（減速）中,3.0,力行（加速）,4.0,70.0,70.0,9.093087735234857,70.0,1824.6807105633775,98.0,4.5644969466108725,0.0,-2.1,この先制限速度なし,32m先に下り勾配6.7‰あり,先行列車なし,後続列車なし,0,0,,0,70.0,0,normal,0.1,巡航フェーズでrequired_speed 70km/hに対し9.1km/hの低速でブレーキを継続し、不要な減速と2秒でのノコギリ運転により省エネ性が著しく低下したため、上限0.3のうち最も低い0.1とした。
105.0,Train11,巡航フェーズ（駅間走行中）,ブレーキ（減速）中,1.0,力行（加速）,4.0,70.0,70.0,14.588911575434503,70.0,1795.340609719755,75.0,11.72929162457943,0.0,-2.1,この先制限速度なし,1m先に下り勾配6.7‰あり,先行列車なし,後続列車なし,0,0,,0,70.0,0,normal,0.2,巡航フェーズでrequired_speed 70km/hに対し14.6km/hの低速でブレーキを続け、不要な減速とエネルギー浪費があり、かつノコギリ運転（4→1秒）と判定されたため。
109.0,Train11,巡航フェーズ（駅間走行中）,ブレーキ（減速）中,5.0,力行（加速）,4.0,70.0,70.0,4.91097714848165,70.0,1784.6100871613116,71.0,1.4249156499966793,0.0,-6.7,この先制限速度なし,この先目立った勾配なし,先行列車なし,後続列車なし,0,0,,0,70.0,0,normal,0.1,巡航フェーズでrequired_speed70km/hに対し4.9km/hでブレーキ中、保持時間が短く力行→ブレーキの反転があり、定時性と省エネ性が大幅に欠如しているため0.1とした。
29.0,Train11,巡航フェーズ（駅間走行中）,ブレーキ（減速）中,11.0,力行（加速）,14.0,70.0,70.0,6.245802020878681,63.7,2055.2491152798884,151.0,2.1552020336223228,0.0,-2.1,この先制限速度なし,263m先に下り勾配6.7‰あり,先行列車なし,後続列車なし,0,0,,0,63.7,0,normal,0.2,巡航フェーズでrequired_speed 63.7km/hに対し6.2km/hと大幅に遅く、先行列車なしで低速走行は遅延を招くため0.2とした。
43.0,Train11,巡航フェーズ（駅間走行中）,ブレーキ（減速）中,2.0,力行（加速）,12.0,70.0,70.0,27.924132998749137,65.1,1984.0422796363875,137.0,42.748210599993705,0.0,-2.1,この先制限速度なし,186m先に下り勾配6.7‰あり,先行列車なし,後続列車なし,0,0,,0,65.1,0,normal,0.1,巡航フェーズでrequired_speed 65.1km/hに対し27.9km/hの低速でブレーキを続け、ちんたら運転となるため0.1点とした。
45.0,Train11,巡航フェーズ（駅間走行中）,ブレーキ（減速）中,4.0,力行（加速）,12.0,70.0,70.0,22.83524142047334,66.4,1969.9504170682897,135.0,28.649143149194284,0.0,-2.1,この先制限速度なし,173m先に下り勾配6.7‰あり,先行列車なし,後続列車なし,0,0,,0,66.4,0,normal,0.2,巡航フェーズでrequired_speed66.4km/hに対し22.8km/hのままブレーキを続け、遅延とエネルギー無駄が顕著なため低評価とした。
48.0,Train11,巡航フェーズ（駅間走行中）,ブレーキ（減速）中,7.0,力行（加速）,12.0,70.0,70.0,15.235279097572974,70.0,1954.1008261420884,132.0,12.788863709475697,0.0,-2.1,この先制限速度なし,160m先に下り勾配6.7‰あり,先行列車なし,後続列車なし,0,0,,0,70.0,0,normal,0.2,巡航フェーズで必要速度70km/hに対し15.2km/hのままブレーキを続けているため、遅延とエネルギー無駄が顕著で大幅減点とした。
64.0,Train11,巡航フェーズ（駅間走行中）,ブレーキ（減速）中,4.0,力行（加速）,8.0,70.0,70.0,15.258327572759253,70.0,1895.8774301416631,116.0,12.8274871219996,0.0,-2.1,この先制限速度なし,101m先に下り勾配6.7‰あり,先行列車なし,後続列車なし,0,0,,0,70.0,0,normal,0.2,巡航フェーズでrequired_speed 70km/hに対し15.3km/hのままブレーキを続けており、不要な減速で遅延とエネルギー損失を拡大しているため低評価とした。
65.0,Train11,巡航フェーズ（駅間走行中）,ブレーキ（減速）中,5.0,力行（加速）,8.0,70.0,70.0,12.732722688201225,70.0,1891.9933740773515,115.0,8.939895006479116,0.0,-2.1,この先制限速度なし,98m先に下り勾配6.7‰あり,先行列車なし,後続列車なし,0,0,,0,70.0,0,normal,0.2,巡航フェーズでrequired_speed 70km/hに対し12.7km/hのままブレーキを続けており、速度不足かつ不必要な減速は大幅減点対象となるため0.2とした。
66.0,Train11,巡航フェーズ（駅間走行中）,ブレーキ（減速）中,6.0,力行（加速）,8.0,70.0,70.0,10.210519720192154,70.0,1888.8103911557575,114.0,5.7533875247239035,0.0,-2.1,この先制限速度なし,96m先に下り勾配6.7‰あり,先行列車なし,後続列車なし,0,0,,0,70.0,0,normal,0.2,巡航フェーズでrequired_speed 70km/hに対し10.2km/hのままブレーキを続け、遅延とエネルギー無駄が顕著なため0.2とした。
67.0,Train11,巡航フェーズ（駅間走行中）,ブレーキ（減速）中,7.0,力行（加速）,8.0,70.0,70.0,7.691436137229394,70.0,1886.327576066442,113.0,3.26705819681075,0.0,-2.1,この先制限速度なし,94m先に下り勾配6.7‰あり,先行列車なし,後続列車なし,0,0,,0,70.0,0,normal,0.2,巡航フェーズでrequired_speed 70km/hに対し7.7km/hのブレーキ走行は遅延拡大と省エネ欠如と判断し、低評価とした。
77.0,Train11,巡航フェーズ（駅間走行中）,ブレーキ（減速）中,3.0,力行（加速）,6.0,70.0,70.0,13.549867635408528,70.0,1856.074507456789,103.0,10.121511577291734,0.0,-2.1,この先制限速度なし,62m先に下り勾配6.7‰あり,先行列車なし,後続列車なし,0,0,,0,70.0,0,normal,0.1,巡航フェーズでrequired_speed70km/hに対し13.5km/hのままブレーキを続け速度不足と無駄な減速が顕著で、ノコギリ運転（2秒で反転）にも該当するため低評価とした。
78.0,Train11,巡航フェーズ（駅間走行中）,ブレーキ（減速）中,4.0,力行（加速）,6.0,70.0,70.0,11.026594472649611,70.0,1852.664692070636,102.0,6.70816804906234,0.0,-2.1,この先制限速度なし,59m先に下り勾配6.7‰あり,先行列車なし,後続列車なし,0,0,,0,70.0,0,normal,0.2,巡航フェーズでrequired_speed 70km/hに対し11km/hでブレーキ走行し、不要な減速とノコギリ運転が判定され、エネルギー効率が低下したため0.2とした。
81.0,Train11,巡航フェーズ（駅間走行中）,ブレーキ（減速）中,7.0,力行（加速）,6.0,70.0,70.0,3.4749140402852103,70.0,1846.634628392323,99.0,0.6675794478788722,0.0,-2.1,この先制限速度なし,56m先に下り勾配6.7‰あり,先行列車なし,後続列車なし,0,0,,0,70.0,0,normal,0.2,巡航フェーズでrequired_speed 70km/hに対し3.5km/hと大幅に遅く、不要なブレーキで省エネ性が低く評価し0.2とした。
100.0,Train11,巡航フェーズ（駅間走行中）,ブレーキ（減速）中,1.0,惰行,1.0,70.0,70.0,5.344738687385029,70.0,1822.2375795160133,80.0,1.5785787851622233,0.0,-2.1,この先制限速度なし,31m先に下り勾配6.7‰あり,先行列車なし,後続列車なし,0,0,,0,70.0,0,normal,0.0,ブレーキから惰行への短時間反転がノコギリ運転と判定され、上限0.0点となったためrewardは0.0。
33.0,Train11,巡航フェーズ（駅間走行中）,ブレーキ（減速）中,9.0,力行（加速）,15.0,70.0,70.0,12.774571249883849,64.8,2047.8205721720717,147.0,8.998636627108443,0.0,-2.1,この先制限速度なし,254m先に下り勾配6.7‰あり,先行列車なし,後続列車なし,0,0,,0,64.8,0,normal,0.2,巡航フェーズでrequired_speed 64.8km/hに対し12.8km/hのブレーキ走行は不必要な減速で遅延リスクが高く、0.2点とした。
34.0,Train11,巡航フェーズ（駅間走行中）,ブレーキ（減速）中,10.0,力行（加速）,15.0,70.0,70.0,10.224107993458103,65.8,2044.6299298579795,146.0,5.768687709127746,0.0,-2.1,この先制限速度なし,252m先に下り勾配6.7‰あり,先行列車なし,後続列車なし,0,0,,0,65.8,0,normal,0.1,巡航フェーズで必要速度65.8km/hに対し10.2km/hのままブレーキを継続し、不要な減速で省エネ性が著しく低下しているため0.1とした。
49.0,Train11,巡航フェーズ（駅間走行中）,ブレーキ（減速）中,2.0,力行（加速）,11.0,70.0,70.0,25.71014278451892,69.8,1980.871962802585,131.0,36.27344759579307,0.0,-2.1,この先制限速度なし,184m先に下り勾配6.7‰あり,先行列車なし,後続列車なし,0,0,,0,69.8,0,normal,0.1,巡航フェーズでrequired_speed 69.8km/hに対し25.7km/hの不必要なブレーキは遅延を大幅に増やすため、rewardを0.1とした。
51.0,Train11,巡航フェーズ（駅間走行中）,ブレーキ（減速）中,4.0,力行（加速）,11.0,70.0,70.0,20.62943987130796,70.0,1968.0077618753628,129.0,23.402071192398115,0.0,-2.1,この先制限速度なし,172m先に下り勾配6.7‰あり,先行列車なし,後続列車なし,0,0,,0,70.0,0,normal,0.1,巡航フェーズで必要速度70km/hに対し20.6km/hでブレーキを続け、遅延とエネルギー無駄が顕著なため0.1とした。
52.0,Train11,巡航フェーズ（駅間走行中）,ブレーキ（減速）中,5.0,力行（加速）,11.0,70.0,70.0,18.09567450040429,70.0,1962.6328889423733,128.0,18.02363391926134,0.0,-2.1,この先制限速度なし,167m先に下り勾配6.7‰あり,先行列車なし,後続列車なし,0,0,,0,70.0,0,normal,0.1,巡航フェーズでrequired_speed 70km/hに対し18.1km/hのままブレーキを続け、不要な減速で遅延とエネルギー損失が生じるため0.1とした。
65.0,Train11,巡航フェーズ（駅間走行中）,ブレーキ（減速）中,1.0,力行（加速）,7.0,70.0,70.0,21.00776866157492,70.0,1920.683177589556,115.0,24.26473400270245,0.0,-2.1,この先制限速度なし,125m先に下り勾配6.7‰あり,先行列車なし,後続列車なし,0,0,,0,70.0,0,normal,0.1,巡航フェーズでrequired_speed 70km/hに対し21km/hのブレーキ走行は大幅な遅延運転と判断し、rewardを0.1に設定した。
66.0,Train11,巡航フェーズ（駅間走行中）,ブレーキ（減速）中,2.0,力行（加速）,7.0,70.0,70.0,18.47338101668126,70.0,1915.2033016108237,114.0,18.781291483864,0.0,-2.1,この先制限速度なし,120m先に下り勾配6.7‰あり,先行列車なし,後続列車なし,0,0,,0,70.0,0,normal,0.1,巡航フェーズでrequired_speed 70km/hに対し18.5km/hのままブレーキを継続しており、必要以上の減速で遅延とエネルギー損失が顕著なためrewardを0.1とした。
72.0,Train11,巡航フェーズ（駅間走行中）,ブレーキ（減速）中,8.0,力行（加速）,7.0,70.0,70.0,3.3421315514614265,70.0,1897.0607080193104,108.0,0.617555111469868,0.0,-2.1,この先制限速度なし,106m先に下り勾配6.7‰あり,先行列車なし,後続列車なし,0,0,,0,70.0,0,normal,0.1,巡航フェーズでrequired_speed 70km/hに対し3.3km/hでブレーキを続け、不要な減速となっているため大幅減点し0.1とした。
79.0,Train11,巡航フェーズ（駅間走行中）,ブレーキ（減速）中,1.0,力行（加速）,6.0,70.0,70.0,17.280937465671403,70.0,1880.633808502104,101.0,16.442025633507832,0.0,-2.1,この先制限速度なし,86m先に下り勾配6.7‰あり,先行列車なし,後続列車なし,0,0,,0,70.0,0,normal,0.2,巡航フェーズでrequired_speed 70km/hに対し17.3km/hと大幅に遅く、不要なブレーキとノコギリ運転（力行→減速）によりエネルギー効率が低下したため0.2とした。
80.0,Train11,巡航フェーズ（駅間走行中）,ブレーキ（減速）中,2.0,力行（加速）,6.0,70.0,70.0,14.752407381670004,70.0,1876.188331966695,100.0,11.993003016406014,0.0,-2.1,この先制限速度なし,82m先に下り勾配6.7‰あり,先行列車なし,後続列車なし,0,0,,0,70.0,0,normal,0.2,巡航フェーズでrequired_speed 70km/hに対し14.8km/hの低速でブレーキし、ノコギリ運転（2秒で力行→減速）と判定されたため、評価は0.2とした。
84.0,Train11,巡航フェーズ（駅間走行中）,ブレーキ（減速）中,6.0,力行（加速）,6.0,70.0,70.0,4.671746696960691,70.0,1865.4156745466607,96.0,1.206273832205649,0.0,-2.1,この先制限速度なし,74m先に下り勾配6.7‰あり,先行列車なし,後続列車なし,0,0,,0,70.0,0,normal,0.2,巡航フェーズでrequired_speed70km/hに対し4.7km/hのブレーキ走行は不要な減速であり、6秒未満の反転でノコギリ運転に該当するため上限0.3、さらに速度不足で0.1‑0.3に留め0.2とした。
55.0,Train11,巡航フェーズ（駅間走行中）,ブレーキ（減速）中,4.0,力行（加速）,10.0,70.0,70.0,18.864992909224554,70.0,1977.0896713444124,125.0,19.583173610400078,0.0,-2.1,この先制限速度なし,182m先に下り勾配6.7‰あり,先行列車なし,後続列車なし,0,0,,0,70.0,0,normal,0.1,巡航フェーズでrequired_speed 70km/hに対し18.9km/hのままブレーキをかけており、先行列車なしで速度低下は遅延と省エネ性の大幅低下を招くため0.1とした。
56.0,Train11,巡航フェーズ（駅間走行中）,ブレーキ（減速）中,5.0,力行（加速）,10.0,70.0,70.0,16.33404719422894,70.0,1972.2045224072745,124.0,14.694470207272131,0.0,-2.1,この先制限速度なし,178m先に下り勾配6.7‰あり,先行列車なし,後続列車なし,0,0,,0,70.0,0,normal,0.1,巡航フェーズで必要速度70km/hに対し16.3km/hの減速走行で、定時到着が危険なほど遅れ、エネルギー無駄となるため低評価とした。
61.0,Train11,巡航フェーズ（駅間走行中）,ブレーキ（減速）中,10.0,力行（加速）,10.0,70.0,70.0,3.730756415693766,70.0,1958.2971029462187,119.0,0.7694524883733321,0.0,-2.1,この先制限速度なし,167m先に下り勾配6.7‰あり,先行列車なし,後続列車なし,0,0,,0,70.0,0,normal,0.1,巡航フェーズで必要速度70km/hに対し3.7km/hのブレーキ走行は不必要でエネルギー無駄となり大幅減点とした。
70.0,Train11,巡航フェーズ（駅間走行中）,ブレーキ（減速）中,1.0,力行（加速）,8.0,70.0,70.0,21.9356740005158,70.0,1930.2094744490823,110.0,26.445945434036993,0.0,-2.1,この先制限速度なし,134m先に下り勾配6.7‰あり,先行列車なし,後続列車なし,0,0,,0,70.0,0,normal,0.2,巡航フェーズでrequired_speed 70km/h に対し21.9km/h のままブレーキを続けており、必要以上の減速で遅延とエネルギー無駄が顕著なため低評価とした。
71.0,Train11,巡航フェーズ（駅間走行中）,ブレーキ（減速）中,2.0,力行（加速）,8.0,70.0,70.0,19.399733693333268,70.0,1924.4720672314947,109.0,20.70496619769539,0.0,-2.1,この先制限速度なし,129m先に下り勾配6.7‰あり,先行列車なし,後続列車なし,0,0,,0,70.0,0,normal,0.1,巡航フェーズでrequired_speed 70km/hに対し19.4km/hでブレーキ中は不必要な減速であり、遅延とエネルギー無駄が顕著なためrewardを0.1とした。
93.0,Train11,巡航フェーズ（駅間走行中）,ブレーキ（減速）中,1.0,力行（加速）,5.0,70.0,70.0,15.507649448861931,70.0,1886.9129324856856,87.0,13.24898601149301,0.0,-2.1,この先制限速度なし,92m先に下り勾配6.7‰あり,先行列車なし,後続列車なし,0,0,,0,70.0,0,normal,0.2,巡航フェーズでrequired_speed 70km/hに対し15.5km/hのブレーキ走行は不適切で、かつ5→1秒のノコギリ運転と判断し、上限0.3を下回る0.2とした。
94.0,Train11,巡航フェーズ（駅間走行中）,ブレーキ（減速）中,2.0,力行（加速）,5.0,70.0,70.0,12.981693632608744,70.0,1882.959670221229,86.0,9.292186498026743,0.0,-2.1,この先制限速度なし,89m先に下り勾配6.7‰あり,先行列車なし,後続列車なし,0,0,,0,70.0,0,normal,0.1,巡航フェーズでrequired_speed 70km/hに対し13km/hの低速でブレーキをかけ、不要な減速とノコギリ運転が判定されたため、上限0.3点以下に抑え0.1点とした。
96.0,Train11,巡航フェーズ（駅間走行中）,ブレーキ（減速）中,4.0,力行（加速）,5.0,70.0,70.0,7.93978892123878,70.0,1877.1557327378475,84.0,3.4812081686754017,0.0,-2.1,この先制限速度なし,85m先に下り勾配6.7‰あり,先行列車なし,後続列車なし,0,0,,0,70.0,0,normal,0.1,巡航フェーズでrequired_speed70km/hに対し7.9km/hのブレーキ走行は早すぎる減速であり、ノコギリ運転も認められるためrewardは0.1とした。
98.0,Train11,巡航フェーズ（駅間走行中）,力行（加速）中,3.0,ブレーキ（減速）,4.0,70.0,70.0,7.497438730525723,70.0,1949.5849715575205,82.0,3.1044956344913994,0.0,-2.1,この先制限速度なし,157m先に下り勾配6.7‰あり,先行列車なし,後続列車なし,0,0,,0,70.0,0,normal,0.1,ブレーキから3秒の力行への短時間反転がノコギリ運転と判定され、必要速度70km/hに対し7.5km/hの低速走行で遅延リスクが高く、rewardは上限0.3に抑えて0.1とした。
114.0,Train11,巡航フェーズ（駅間走行中）,力行（加速）中,3.0,ブレーキ（減速）,3.0,70.0,70.0,9.601917739020791,70.0,1912.332499515653,66.0,5.0888767337472665,0.0,-2.1,この先制限速度なし,119m先に下り勾配6.7‰あり,先行列車なし,後続列車なし,0,0,,0,70.0,0,normal,0.2,ノコギリ運転と判定され、3秒の短時間反転により上限0.3点となり、他項目は適正のため0.2点とした。
115.0,Train11,巡航フェーズ（駅間走行中）,力行（加速）中,4.0,ブレーキ（減速）,3.0,70.0,70.0,12.266257328713994,70.0,1909.2882339939017,65.0,8.298093096615803,0.0,-2.1,この先制限速度なし,115m先に下り勾配6.7‰あり,先行列車なし,後続列車なし,0,0,,0,70.0,0,normal,1.0,巡航フェーズでrequired_speed未達のため加速は妥当、速度・信号超過なし、ノコギリ運転もなく最高評価とした。
117.0,Train11,巡航フェーズ（駅間走行中）,力行（加速）中,6.0,ブレーキ（減速）,3.0,70.0,70.0,17.182795834925688,70.0,1901.0765438440912,63.0,16.256371933754966,0.0,-2.1,この先制限速度なし,105m先に下り勾配6.7‰あり,先行列車なし,後続列車なし,0,0,,0,70.0,0,normal,0.3,ノコギリ運転と判定され、前ノッチ継続時間3秒が2〜5秒区間に該当するため、reward上限を0.3点に制限した。
123.0,Train11,巡航フェーズ（駅間走行中）,力行（加速）中,12.0,ブレーキ（減速）,3.0,70.0,70.0,29.10393714687459,70.0,1861.9486350789068,57.0,46.412001092886726,0.0,-2.1,この先制限速度なし,63m先に下り勾配6.7‰あり,先行列車なし,後続列車なし,0,0,,0,70.0,0,normal,1.0,巡航フェーズで必要速度未達だが加速が適切で、制限・CBTC遵守、ノコギリ運転なし、定時性・省エネも問題なく評価し1.0とした。
48.0,Train11,巡航フェーズ（駅間走行中）,力行（加速）中,1.0,ブレーキ（減速）,3.0,70.0,70.0,2.285935455274327,70.0,2044.3727439695715,132.0,0.288977612611791,0.0,-2.1,この先制限速度なし,253m先に下り勾配6.7‰あり,先行列車なし,後続列車なし,0,0,,0,70.0,0,normal,0.1,巡航フェーズでrequired_speed 70km/hに対し2.3km/hの低速のまま力行し、前後列車不在でノコギリ運転（ブレーキ→力行）となっているため評価は0.1とした。
101.0,Train11,巡航フェーズ（駅間走行中）,力行（加速）中,2.0,ブレーキ（減速）,4.0,70.0,70.0,4.677910540643473,70.0,1935.413728739128,79.0,1.209457150751747,0.0,-2.1,この先制限速度なし,143m先に下り勾配6.7‰あり,先行列車なし,後続列車なし,0,0,,0,70.0,0,normal,0.1,ノコギリ運転と巡航フェーズでのrequired_speed未達によるちんたら運転が重複し、上限0.1点に留めた。
107.0,Train11,巡航フェーズ（駅間走行中）,力行（加速）中,1.0,ブレーキ（減速）,3.0,70.0,70.0,2.798675903438049,70.0,1922.8548888383089,73.0,0.43310155511085974,0.0,-2.1,この先制限速度なし,131m先に下り勾配6.7‰あり,先行列車なし,後続列車なし,0,0,,0,70.0,0,normal,0.2,直前のブレーキから1秒で力行への反転が7秒未満で合理的根拠がなく、ノコギリ運転と判定し上限0.3点となったため。
108.0,Train11,巡航フェーズ（駅間走行中）,力行（加速）中,2.0,ブレーキ（減速）,3.0,70.0,70.0,5.818519800540956,70.0,1921.6501208391107,72.0,1.8706184719937784,0.0,-2.1,この先制限速度なし,129m先に下り勾配6.7‰あり,先行列車なし,後続列車なし,0,0,,0,70.0,0,normal,0.2,ノコギリ運転と判定され、prev_notch_durationが3秒で上限0.3点となり、他は適正なので0.2とした。
109.0,Train11,巡航フェーズ（駅間走行中）,力行（加速）中,3.0,ブレーキ（減速）,3.0,70.0,70.0,8.680792151841578,70.0,1919.628797773616,71.0,4.1604487654201145,0.0,-2.1,この先制限速度なし,126m先に下り勾配6.7‰あり,先行列車なし,後続列車なし,0,0,,0,70.0,0,normal,0.3,ブレーキから3秒で加速への反転が2秒未満でありノコギリ運転と判定、上限0.3点のためreward=0.3とした。 他の項目は全て適切である。
121.0,Train11,巡航フェーズ（駅間走行中）,力行（加速）中,8.0,ブレーキ（減速）,3.0,70.0,70.0,21.59145142447339,70.0,1881.5419960255256,59.0,25.625950938440223,0.0,-2.1,この先制限速度なし,85m先に下り勾配6.7‰あり,先行列車なし,後続列車なし,0,0,,0,70.0,0,normal,0.9,巡航フェーズでrequired_speed未達のため加速は適切で、速度制限・CBTC超過なし、ノコギリ運転も発生せず、全体として高評価とした。
71.0,Train11,巡航フェーズ（駅間走行中）,力行（加速）中,4.0,ブレーキ（減速）,4.0,70.0,70.0,10.142802047848829,70.0,2008.2690623740723,109.0,5.677440357158072,0.0,-2.1,この先制限速度なし,215m先に下り勾配6.7‰あり,先行列車なし,後続列車なし,0,0,,0,70.0,0,normal,0.3,前ブレーキから加速への短時間切替がノコギリ運転と判定され、上限0.3点に抑えられたため評価は0.3とした。
77.0,Train11,巡航フェーズ（駅間走行中）,力行（加速）中,1.0,ブレーキ（減速）,4.0,70.0,70.0,2.6720233762238155,70.0,1992.992215872068,103.0,0.3948006804116248,0.0,-2.1,この先制限速度なし,201m先に下り勾配6.7‰あり,先行列車なし,後続列車なし,0,0,,0,70.0,0,normal,1.0,巡航フェーズでrequired_speed未達だが加速操作は妥当で、制限速度・CBTC遵守、ノコギリ運転なし、遅延なしのため高評価。
78.0,Train11,巡航フェーズ（駅間走行中）,力行（加速）中,2.0,ブレーキ（減速）,4.0,70.0,70.0,5.698467786856185,70.0,1991.8216954264096,102.0,1.7942787773744018,0.0,-2.1,この先制限速度なし,199m先に下り勾配6.7‰あり,先行列車なし,後続列車なし,0,0,,0,70.0,0,normal,0.3,ノコギリ運転と判定され、前ノッチ継続時間4秒によりreward上限が0.3点に制限されたため。
115.0,Train11,巡航フェーズ（駅間走行中）,力行（加速）中,4.0,ブレーキ（減速）,3.0,70.0,70.0,11.003204321129552,70.0,1911.8088882993547,65.0,6.679786461842473,0.0,-2.1,この先制限速度なし,118m先に下り勾配6.7‰あり,先行列車なし,後続列車なし,0,0,,0,70.0,0,normal,0.3,ブレーキから力行への短時間切替がノコギリ運転と判定され、上限0.3点になるため0.3とした。
125.0,Train11,巡航フェーズ（駅間走行中）,力行（加速）中,14.0,ブレーキ（減速）,3.0,70.0,70.0,31.55311843620776,70.0,1850.103955362968,55.0,54.4896896916146,0.0,-2.1,この先制限速度なし,51m先に下り勾配6.7‰あり,先行列車なし,後続列車なし,0,0,,0,70.0,0,normal,1.0,巡航フェーズでrequired_speed未達のため加速は適切で、速度・信号超過なし、ノコギリ運転もなく評価は最高点とした。
61.0,Train11,巡航フェーズ（駅間走行中）,力行（加速）中,1.0,ブレーキ（減速）,2.0,70.0,70.0,3.628879693999108,70.0,1947.4353559289132,119.0,0.728020917878123,0.0,-2.1,この先制限速度なし,156m先に下り勾配6.7‰あり,先行列車なし,後続列車なし,0,0,,0,70.0,0,normal,0.2,巡航フェーズでrequired_speed(70km/h)に対し3.6km/hと大幅に遅く、先行列車もなくCBTC制限も守っているが、低速のまま力行を続けたためエネルギー無駄かつノコギリ運転（2秒→1秒の反転）と判断し、上限0.3点に抑えて0.2とした。
64.0,Train11,巡航フェーズ（駅間走行中）,力行（加速）中,1.0,ブレーキ（減速）,1.0,70.0,70.0,4.07395396199779,70.0,1942.6961349891592,116.0,0.917453178067344,0.0,-2.1,この先制限速度なし,151m先に下り勾配6.7‰あり,先行列車なし,後続列車なし,0,0,,0,70.0,0,normal,0.0,ブレーキから力行への短時間反転がノコギリ運転と判定され、上限が0.0点となったためrewardは0.0。
101.0,Train11,巡航フェーズ（駅間走行中）,力行（加速）中,1.0,ブレーキ（減速）,2.0,70.0,70.0,1.6171120883453205,70.0,1881.539504981113,79.0,0.14463806493492895,0.0,-2.1,この先制限速度なし,90m先に下り勾配6.7‰あり,先行列車なし,後続列車なし,0,0,,0,70.0,0,normal,0.2,ノコギリ運転と判定され、prev_notch_durationが2秒のため上限0.3点に抑えた結果0.2点とした。
127.0,Train11,巡航フェーズ（駅間走行中）,力行（加速）中,12.0,ブレーキ（減速）,2.0,70.0,70.0,27.81415466907424,70.0,1811.6127377707585,53.0,42.414233390553775,0.0,-2.1,この先制限速度なし,13m先に下り勾配6.7‰あり,先行列車なし,後続列車なし,0,0,,0,70.0,0,normal,1.0,制限速度・CBTCを遵守し安全であり、巡航フェーズで必要速度未達のため加速は適切、ノコギリ運転や列車間隔の問題もなし。
128.0,Train11,巡航フェーズ（駅間走行中）,力行（加速）中,13.0,ブレーキ（減速）,2.0,70.0,70.0,29.517612454801892,70.0,1803.6454741172815,52.0,47.731690735782735,0.0,-2.1,この先制限速度なし,5m先に下り勾配6.7‰あり,先行列車なし,後続列車なし,0,0,,0,70.0,0,normal,1.0,巡航フェーズでrequired_speed未達のため加速は必要で、速度制限・CBTC遵守、ノコギリ運転なしと評価し高評価とした。
130.0,Train11,巡航フェーズ（駅間走行中）,力行（加速）中,15.0,ブレーキ（減速）,2.0,70.0,70.0,32.72178316566535,70.0,1786.350663500464,50.0,62.56688531205329,0.0,-6.7,この先制限速度なし,この先目立った勾配なし,先行列車なし,後続列車なし,0,0,,0,70.0,0,normal,1.0,巡航フェーズでrequired_speed未達のため加速は適切で、速度・信号・制限を遵守し安全上の問題はなく高評価とした。
82.0,Train11,巡航フェーズ（駅間走行中）,力行（加速）中,1.0,ブレーキ（減速）,2.0,70.0,70.0,3.780610600825937,70.0,1918.1028617018253,98.0,0.7901447583265827,0.0,-2.1,この先制限速度なし,126m先に下り勾配6.7‰あり,先行列車なし,後続列車なし,0,0,,0,70.0,0,normal,0.0,ブレーキ→力行が7秒未満で反転しノコギリ運転と判定、上限0.0点のため評価0.0。
124.0,Train11,巡航フェーズ（駅間走行中）,力行（加速）中,10.0,ブレーキ（減速）,2.0,70.0,70.0,23.97512428338907,70.0,1834.9235985927091,56.0,31.56598528292757,0.0,-2.1,この先制限速度なし,37m先に下り勾配6.7‰あり,先行列車なし,後続列車なし,0,0,,0,70.0,0,normal,1.0,巡航フェーズでrequired_speed未達のため加速は適切で、速度制限・CBTC遵守、ノコギリ運転なし、他列車なしで安全かつ定時性に寄与するため高評価。
30.0,Train11,巡航フェーズ（駅間走行中）,力行（加速）中,5.0,ブレーキ（減速）,11.0,70.0,70.0,14.520464070365732,62.2,2034.960954867504,150.0,11.61975442676513,0.0,-2.1,この先制限速度なし,240m先に下り勾配6.7‰あり,先行列車なし,後続列車なし,0,0,,0,62.2,0,normal,0.9,巡航フェーズでrequired_speed未達のため加速は適切で、速度・信号・制限を遵守し、無駄な加速やノコギリ運転はなく高評価とした。
43.0,Train11,巡航フェーズ（駅間走行中）,力行（加速）中,2.0,ブレーキ（減速）,8.0,70.0,70.0,4.119148908162413,70.0,1988.7340219783384,137.0,0.9379114539026585,0.0,-2.1,この先制限速度なし,197m先に下り勾配6.7‰あり,先行列車なし,後続列車なし,0,0,,0,70.0,0,normal,0.2,巡航フェーズでrequired_speed 70km/hに対し現在速度4.1km/hと大幅に遅く、先行列車なしで低速走行はちんたら運転とみなされ評価を低くした。
108.0,Train11,巡航フェーズ（駅間走行中）,力行（加速）中,1.0,ブレーキ（減速）,3.0,70.0,70.0,3.009433428917551,70.0,1851.477218006384,72.0,0.5007632738901076,0.0,-2.1,この先制限速度なし,60m先に下り勾配6.7‰あり,先行列車なし,後続列車なし,0,0,,0,70.0,0,normal,0.2,ノコギリ運転と判定され、prev_notch_durationが3秒のためreward上限は0.1〜0.3に制限される。
110.0,Train11,巡航フェーズ（駅間走行中）,力行（加速）中,3.0,ブレーキ（減速）,3.0,70.0,70.0,8.870127722843245,70.0,1848.14012124782,70.0,4.3436790425881755,0.0,-2.1,この先制限速度なし,55m先に下り勾配6.7‰あり,先行列車なし,後続列車なし,0,0,,0,70.0,0,normal,0.2,先行列車なしで速度がrequired_speed(70km/h)に遠く及ばず、3秒の加速はノコギリ運転とみなされ上限0.3点に抑えられる。
111.0,Train11,巡航フェーズ（駅間走行中）,力行（加速）中,4.0,ブレーキ（減速）,3.0,70.0,70.0,11.57279684386152,70.0,1845.293708159648,69.0,7.387966574163592,0.0,-2.1,この先制限速度なし,51m先に下り勾配6.7‰あり,先行列車なし,後続列車なし,0,0,,0,70.0,0,normal,0.2,ノコギリ運転と判定され、前ノッチ継続時間3秒のため上限0.3点に抑え、他項目は問題なし。
117.0,Train11,巡航フェーズ（駅間走行中）,力行（加速）中,10.0,ブレーキ（減速）,3.0,70.0,70.0,25.052787067553712,70.0,1814.1464479894155,63.0,34.45193571380475,0.0,-2.1,この先制限速度なし,16m先に下り勾配6.7‰あり,先行列車なし,後続列車なし,0,0,,0,70.0,0,normal,1.0,巡航フェーズでrequired_speed未達のため加速は適切で、速度・信号制限を遵守しノコギリ運転もなく、全項目で問題なしと判断した。
60.0,Train11,巡航フェーズ（駅間走行中）,力行（加速）中,1.0,ブレーキ（減速）,4.0,70.0,70.0,1.3096123745735782,70.0,1973.8703024250408,120.0,0.09486758071329407,0.0,-2.1,この先制限速度なし,183m先に下り勾配6.7‰あり,先行列車なし,後続列車なし,0,0,,0,70.0,0,normal,0.2,ブレーキから力行への短時間切替がノコギリ運転と判定され、上限0.3点に制限されるため0.2とした。
68.0,Train11,巡航フェーズ（駅間走行中）,力行（加速）中,1.0,ブレーキ（減速）,3.0,70.0,70.0,5.18105599728295,70.0,1954.813218907706,112.0,1.48343335418665,0.0,-2.1,この先制限速度なし,162m先に下り勾配6.7‰あり,先行列車なし,後続列車なし,0,0,,0,70.0,0,normal,0.3,ブレーキから加速への短時間切替がノコギリ運転と判定され、3秒の前ノッチで上限0.3点となる。
91.0,Train11,巡航フェーズ（駅間走行中）,力行（加速）中,1.0,ブレーキ（減速）,4.0,70.0,70.0,2.544759457695935,70.0,1898.5079074748728,89.0,0.3580995228964446,0.0,-2.1,この先制限速度なし,107m先に下り勾配6.7‰あり,先行列車なし,後続列車なし,0,0,,0,70.0,0,normal,0.3,ノコギリ運転と判定され、prev_notch_durationが4秒のためreward上限0.3とし、他は問題なし。
110.0,Train11,巡航フェーズ（駅間走行中）,力行（加速）中,1.0,ブレーキ（減速）,3.0,70.0,70.0,1.9469011199399435,70.0,1871.5009470098637,70.0,0.2096320830096986,0.0,-2.1,この先制限速度なし,80m先に下り勾配6.7‰あり,先行列車なし,後続列車なし,0,0,,0,70.0,0,normal,0.2,ノコギリ運転と巡航フェーズでの必要速度未達による低速走行が評価を制限し、上限0.2点とした。
116.0,Train11,巡航フェーズ（駅間走行中）,力行（加速）中,7.0,ブレーキ（減速）,3.0,70.0,70.0,18.08974319862233,70.0,1854.058981650724,64.0,18.011859466528904,0.0,-2.1,この先制限速度なし,58m先に下り勾配6.7‰あり,先行列車なし,後続列車なし,0,0,,0,70.0,0,normal,1.0,巡航フェーズでrequired_speed未達のため力行は適切で、速度・信号・制限を遵守し、ノコギリ運転もなく評価は最高点とした。
123.0,Train11,巡航フェーズ（駅間走行中）,力行（加速）中,14.0,ブレーキ（減速）,3.0,70.0,70.0,31.35848135053096,70.0,1805.148641802184,57.0,53.82451077525393,0.0,-2.1,この先制限速度なし,6m先に下り勾配6.7‰あり,先行列車なし,後続列車なし,0,0,,0,70.0,0,normal,1.0,全ての安全基準を満たし、巡航フェーズで必要な加速を行っているため最高評価とした。
110.0,Train11,巡航フェーズ（駅間走行中）,力行（加速）中,1.0,ブレーキ（減速）,4.0,70.0,70.0,2.2221225245162293,70.0,1890.0582812989555,70.0,0.27307292700874974,0.0,-2.1,この先制限速度なし,99m先に下り勾配6.7‰あり,先行列車なし,後続列車なし,0,0,,0,70.0,0,normal,0.3,ノコギリ運転と判定され、前ノッチ保持時間が4秒で2〜5秒区間に該当するためreward上限が0.3点に制限され、他の評価は問題なしと判断し0.3点とした。
119.0,Train11,巡航フェーズ（駅間走行中）,力行（加速）中,1.0,ブレーキ（減速）,4.0,70.0,70.0,3.399214733488042,70.0,1867.9830572695337,61.0,0.6388220622776593,0.0,-2.1,この先制限速度なし,76m先に下り勾配6.7‰あり,先行列車なし,後続列車なし,0,0,,0,70.0,0,normal,0.1,巡航フェーズで必要速度70km/hに対し3.4km/hと大幅に遅く、現在の力行は遅延を拡大し省エネ性に欠けるため低評価とした。
129.0,Train11,巡航フェーズ（駅間走行中）,力行（加速）中,11.0,ブレーキ（減速）,4.0,70.0,70.0,27.129840789678283,70.0,1822.5943922138083,51.0,40.36511772116697,0.0,-2.1,この先制限速度なし,24m先に下り勾配6.7‰あり,先行列車なし,後続列車なし,0,0,,0,70.0,0,normal,1.0,巡航フェーズでrequired_speed未達のため加速は適切、速度・信号超過なし、ノコギリ運転もなく最高評価とした。
131.0,Train11,巡航フェーズ（駅間走行中）,力行（加速）中,13.0,ブレーキ（減速）,4.0,70.0,70.0,30.517004654979303,70.0,1806.559555423576,49.0,50.994867446160754,0.0,-2.1,この先制限速度なし,7m先に下り勾配6.7‰あり,先行列車なし,後続列車なし,0,0,,0,70.0,0,normal,1.0,巡航フェーズでrequired_speed未達のため加速は必要で、速度・信号超過なくノコギリ運転もなく最高評価とした。
30.0,Train11,巡航フェーズ（駅間走行中）,力行（加速）中,2.0,ブレーキ（減速）,3.0,70.0,70.0,5.1326744855886055,64.8,2072.4522325155376,150.0,1.4558755731693362,0.0,-2.1,この先制限速度なし,280m先に下り勾配6.7‰あり,先行列車なし,後続列車なし,0,0,,0,64.8,0,normal,0.3,ブレーキから力行への短時間切替がノコギリ運転と判定され、上限0.3点に抑えられたため0.3とした。
36.0,Train11,巡航フェーズ（駅間走行中）,力行（加速）中,1.0,ブレーキ（減速）,3.0,70.0,70.0,3.098161182672793,69.2,2059.350844161404,144.0,0.5307156269028015,0.0,-2.1,この先制限速度なし,268m先に下り勾配6.7‰あり,先行列車なし,後続列車なし,0,0,,0,69.2,0,normal,0.2,先行列車なしでrequired_speed 69.2km/hに対し3.1km/hの低速走行かつノコギリ運転（2秒反転）となり、巡航フェーズのちんたら運転と評価され上限0.3点になる。
47.0,Train11,巡航フェーズ（駅間走行中）,力行（加速）中,1.0,ブレーキ（減速）,2.0,70.0,70.0,6.760953849355955,70.0,2031.3100228566404,133.0,2.5250383094520976,0.0,-2.1,この先制限速度なし,239m先に下り勾配6.7‰あり,先行列車なし,後続列車なし,0,0,,0,70.0,0,normal,0.2,ブレーキから1秒の力行への短時間反転がノコギリ運転と判定され、上限0.3点に抑えられたため。
81.0,Train11,巡航フェーズ（駅間走行中）,力行（加速）中,3.0,ブレーキ（減速）,3.0,70.0,70.0,12.130856194503393,70.0,1935.693990023367,99.0,8.116253113162037,0.0,-2.1,この先制限速度なし,141m先に下り勾配6.7‰あり,先行列車なし,後続列車なし,0,0,,0,70.0,0,normal,0.2,ノコギリ運転と巡航フェーズでrequired_speed未達の低速走行により定時性と省エネ性が損なわれ、上限0.3点のうち0.2点とした。
87.0,Train11,巡航フェーズ（駅間走行中）,力行（加速）中,1.0,ブレーキ（減速）,4.0,70.0,70.0,4.555969050515065,70.0,1917.253065039361,93.0,1.1472588860971915,0.0,-2.1,この先制限速度なし,125m先に下り勾配6.7‰あり,先行列車なし,後続列車なし,0,0,,0,70.0,0,normal,0.1,巡航フェーズでrequired_speed 70km/hに対し4.6km/hと大幅に遅く、先行列車なしで不必要な低速走行かつノコギリ運転と判断し、rewardは0.1とした。
126.0,Train11,巡航フェーズ（駅間走行中）,力行（加速）中,1.0,ブレーキ（減速）,2.0,70.0,70.0,2.4056336729497048,70.0,1845.6856091393129,54.0,0.3200245161438934,0.0,-2.1,この先制限速度なし,54m先に下り勾配6.7‰あり,先行列車なし,後続列車なし,0,0,,0,70.0,0,normal,0.2,ノコギリ運転と判定され、prev_notch_durationが2秒のためreward上限は0.1〜0.3に抑え、他は適切なので0.2とした。
144.0,Train11,巡航フェーズ（駅間走行中）,力行（加速）中,10.0,ブレーキ（減速）,2.0,70.0,70.0,24.33111334312859,70.0,1799.16260389831,36.0,32.50553160976164,0.0,-2.1,この先制限速度なし,2m先に下り勾配6.7‰あり,先行列車なし,後続列車なし,0,0,,0,70.0,0,normal,1.0,巡航フェーズでrequired_speed 70km/hに対し現在速度24.3km/hと大きく遅れており、加速は必須であり制限速度・CBTCを遵守しているため高評価。
146.0,Train11,巡航フェーズ（駅間走行中）,力行（加速）中,12.0,ブレーキ（減速）,2.0,70.0,70.0,28.11899684562078,70.0,1784.5893870300174,34.0,46.30943927380377,0.0,-6.7,この先制限速度なし,この先目立った勾配なし,先行列車なし,後続列車なし,0,0,,0,70.0,0,normal,1.0,required_speedが70km/hで現在速度28.1km/hと大きく不足しているため加速は必須であり、制限速度・CBTC信号を遵守し、ノコギリ運転もなく適切に力行しているので高評価とした。
133.0,Train11,巡航フェーズ（駅間走行中）,力行（加速）中,4.0,ブレーキ（減速）,2.0,70.0,70.0,11.227770328050235,70.0,1843.4492823557243,47.0,6.954748990564244,0.0,-2.1,この先制限速度なし,49m先に下り勾配6.7‰あり,先行列車なし,後続列車なし,0,0,,0,70.0,0,normal,0.2,ブレーキからすぐ加速への2秒反転と、required_speed70km/hに対し11.2km/hの低速走行でチンタラ運転と判定され、上限0.3点となり0.2とした。
135.0,Train11,巡航フェーズ（駅間走行中）,力行（加速）中,6.0,ブレーキ（減速）,2.0,70.0,70.0,16.25054809411725,70.0,1835.7843601032823,45.0,14.545043629133756,0.0,-2.1,この先制限速度なし,40m先に下り勾配6.7‰あり,先行列車なし,後続列車なし,0,0,,0,70.0,0,normal,0.2,ノコギリ運転と判定され、prev_notch_durationが2秒のためreward上限0.3に制限された。
137.0,Train11,巡航フェーズ（駅間走行中）,力行（加速）中,8.0,ブレーキ（減速）,2.0,70.0,70.0,20.758740346219483,70.0,1825.4751433554864,43.0,23.695162502940196,0.0,-2.1,この先制限速度なし,29m先に下り勾配6.7‰あり,先行列車なし,後続列車なし,0,0,,0,70.0,0,normal,1.0,巡航フェーズでrequired_speed未達のため加速は必要かつ適切で、速度・信号超過なし、ノコギリ運転もなくエネルギー無駄もないため最高評価。
54.0,Train11,巡航フェーズ（駅間走行中）,力行（加速）中,3.0,ブレーキ（減速）,3.0,70.0,70.0,11.069683494169569,70.0,2028.5645417379783,126.0,6.760609124271941,0.0,-2.1,この先制限速度なし,235m先に下り勾配6.7‰あり,先行列車なし,後続列車なし,0,0,,0,70.0,0,normal,0.2,ブレーキから3秒で力行への短時間切替がノコギリ運転と判定され、評価上限が0.1〜0.3点に制限されたため0.2とした。
59.0,Train11,巡航フェーズ（駅間走行中）,力行（加速）中,1.0,ブレーキ（減速）,3.0,70.0,70.0,5.931251522247768,70.0,2013.2332052553325,121.0,1.9437486446735952,0.0,-2.1,この先制限速度なし,221m先に下り勾配6.7‰あり,先行列車なし,後続列車なし,0,0,,0,70.0,0,normal,0.1,巡航フェーズで必要速度70km/hに対し5.9km/hの低速のまま力行を続け、保持時間が1秒・直前ブレーキ3秒でノコギリ運転と判定され、遅延リスクが高いため低評価とした。
38.0,Train11,巡航フェーズ（駅間走行中）,力行（加速）中,3.0,ブレーキ（減速）,9.0,70.0,70.0,9.498998012016552,69.8,2082.9312875335545,142.0,4.980519273920874,0.0,-2.1,この先制限速度なし,289m先に下り勾配6.7‰あり,先行列車なし,後続列車なし,0,0,,0,69.8,0,normal,1.0,巡航フェーズでrequired_speed未達のため加速は必要であり、速度・信号超過やノコギリ運転はなく安全かつ適切な操作と判断した。
44.0,Train11,巡航フェーズ（駅間走行中）,力行（加速）中,2.0,惰行,6.0,70.0,70.0,4.988398542178154,69.7,1968.3084077509784,136.0,1.3752289432915383,0.0,-2.1,この先制限速度なし,176m先に下り勾配6.7‰あり,先行列車なし,後続列車なし,0,0,,0,69.7,0,normal,0.2,巡航フェーズでrequired_speed 69.7km/hに対し5km/hと大幅に遅れ、ノコギリ運転とちんたら運転が重なり評価を低くした。
141.0,Train11,巡航フェーズ（駅間走行中）,力行（加速）中,7.0,ブレーキ（減速）,2.0,70.0,70.0,17.70034139935417,70.0,1807.99880210672,39.0,17.247194703515888,0.0,-2.1,この先制限速度なし,12m先に下り勾配6.7‰あり,先行列車なし,後続列車なし,0,0,,0,70.0,0,normal,1.0,巡航フェーズでrequired_speed未達のため加速は適切で、速度・信号・制限を遵守し、ノコギリ運転もなく安全かつ省エネ的に問題なしと判断した。
145.0,Train11,巡航フェーズ（駅間走行中）,力行（加速）中,11.0,ブレーキ（減速）,2.0,70.0,70.0,26.11602318268534,70.0,1783.5406681936165,35.0,39.9846635915754,0.0,-6.7,この先制限速度なし,この先目立った勾配なし,先行列車なし,後続列車なし,0,0,,0,70.0,0,normal,1.0,巡航フェーズでrequired_speed未達のため加速は適切で、速度・信号超過なし、ノコギリ運転もなく安全かつ定時性を保つため評価を1.0とした。
39.0,Train11,巡航フェーズ（駅間走行中）,力行（加速）中,1.0,惰行,1.0,70.0,70.0,1.7631649833980017,69.7,2011.8781137862848,141.0,0.17193883935573104,0.0,-2.1,この先制限速度なし,220m先に下り勾配6.7‰あり,先行列車なし,後続列車なし,0,0,,0,69.7,0,normal,0.0,持続時間が7秒未満で惰行→力行への不合理な切替がノコギリ運転と判定され、上限0.0点となったため。
50.0,Train11,巡航フェーズ（駅間走行中）,力行（加速）中,3.0,惰行,4.0,70.0,70.0,8.54705306751538,70.0,2001.085586144878,130.0,4.033395137151463,0.0,-2.1,この先制限速度なし,208m先に下り勾配6.7‰あり,先行列車なし,後続列車なし,0,0,,0,70.0,0,normal,0.2,巡航フェーズでrequired_speed 70km/hに対し8.5km/hの低速走行で力行のみ、ノコギリ運転とちんたら運転と判断し上限0.3点となる。
64.0,Train11,巡航フェーズ（駅間走行中）,力行（加速）中,2.0,ブレーキ（減速）,3.0,70.0,70.0,5.484768268108284,70.0,1974.4792097289971,116.0,1.6623185970396672,0.0,-2.1,この先制限速度なし,182m先に下り勾配6.7‰あり,先行列車なし,後続列車なし,0,0,,0,70.0,0,normal,0.3,ノコギリ運転と判定され、前ノッチ継続時間3秒によりreward上限が0.3点となったため0.3とした。
66.0,Train11,巡航フェーズ（駅間走行中）,力行（加速）中,4.0,ブレーキ（減速）,3.0,70.0,70.0,11.093614981500291,70.0,1969.838430632432,114.0,6.789822556045526,0.0,-2.1,この先制限速度なし,176m先に下り勾配6.7‰あり,先行列車なし,後続列車なし,0,0,,0,70.0,0,normal,0.2,ノコギリ運転と判定され、prev_notch_durationが3秒で上限0.3点となり、他は問題なしのため0.2点とした。
82.0,Train11,巡航フェーズ（駅間走行中）,力行（加速）中,3.0,ブレーキ（減速）,3.0,70.0,70.0,8.278384194683612,70.0,1936.8737233617849,98.0,3.7840954600985173,0.0,-2.1,この先制限速度なし,144m先に下り勾配6.7‰あり,先行列車なし,後続列車なし,0,0,,0,70.0,0,normal,0.2,ブレーキ→力行への短時間反転がノコギリ運転と判定され、持続時間3秒のためreward上限は0.3に制限される。
61.0,Train11,巡航フェーズ（駅間走行中）,力行（加速）中,3.0,ブレーキ（減速）,4.0,70.0,70.0,7.346785947268713,70.0,1997.932124447999,119.0,2.9811092983460368,0.0,-2.1,この先制限速度なし,205m先に下り勾配6.7‰あり,先行列車なし,後続列車なし,0,0,,0,70.0,0,normal,0.1,巡航フェーズでrequired_speed 70km/hに対し7.3km/hと大幅遅れ、かつブレーキ→力行への短時間切替がノコギリ運転と判定され、上限0.3点以下に制限されるため0.1とした。
62.0,Train11,巡航フェーズ（駅間走行中）,力行（加速）中,1.0,ブレーキ（減速）,5.0,70.0,70.0,1.3832298983791431,70.0,2034.2755446701588,118.0,0.10583123283329494,0.0,-2.1,この先制限速度なし,243m先に下り勾配6.7‰あり,先行列車なし,後続列車なし,0,0,,0,70.0,0,normal,1.0,巡航フェーズでrequired_speed未達のため加速は適切で、速度・信号超過なし、ノコギリ運転もなく、エネルギー過剰使用もなく、定時性確保のため最高評価とした。
74.0,Train11,巡航フェーズ（駅間走行中）,力行（加速）中,4.0,ブレーキ（減速）,4.0,70.0,70.0,11.047810208863938,70.0,2008.5273515039576,106.0,6.7339630374004615,0.0,-2.1,この先制限速度なし,215m先に下り勾配6.7‰あり,先行列車なし,後続列車なし,0,0,,0,70.0,0,normal,0.2,ブレーキ→力行への4秒保持の反転がノコギリ運転と判定され、上限0.3点に抑えたため0.2点とした。
81.0,Train11,巡航フェーズ（駅間走行中）,力行（加速）中,2.0,ブレーキ（減速）,4.0,70.0,70.0,6.505203950301697,70.0,1990.420014120456,99.0,2.337779475155755,0.0,-2.1,この先制限速度なし,198m先に下り勾配6.7‰あり,先行列車なし,後続列車なし,0,0,,0,70.0,0,normal,0.3,巡航フェーズでrequired_speed未達のため加速は適切だが、ブレーキから2秒の力行への短時間反転がノコギリ運転と判定され、上限0.3点となる。
148.0,Train11,巡航フェーズ（駅間走行中）,力行（加速）中,12.0,ブレーキ（減速）,2.0,70.0,70.0,28.05997845175845,70.0,1834.155064512075,32.0,43.162519115002276,0.0,-2.1,この先制限速度なし,36m先に下り勾配6.7‰あり,先行列車なし,後続列車なし,0,0,,0,70.0,0,normal,1.0,巡航フェーズでrequired_speed未達のため加速は適切で、速度・信号遵守、ノコギリ運転なし、間隔問題もなく最高評価とした。
80.0,Train11,巡航フェーズ（駅間走行中）,力行（加速）中,2.0,ブレーキ（減速）,2.0,70.0,70.0,6.966831902217119,70.0,1950.4309815364957,100.0,2.6810111683174305,0.0,-2.1,この先制限速度なし,158m先に下り勾配6.7‰あり,先行列車なし,後続列車なし,0,0,,0,70.0,0,normal,0.2,ノコギリ運転と判定され、prev_notch_durationが2秒のため上限0.3点、他は問題なしで0.2点とした。
37.0,Train11,巡航フェーズ（駅間走行中）,力行（加速）中,3.0,ブレーキ（減速）,7.0,70.0,70.0,9.58648853038656,65.9,2023.056915003828,143.0,5.0725582621067975,0.0,-2.1,この先制限速度なし,230m先に下り勾配6.7‰あり,先行列車なし,後続列車なし,0,0,,0,65.9,0,normal,1.0,巡航フェーズでrequired_speed未達のため加速は適切で、速度・信号超過なし、ノコギリ運転でも不要な力行でもないため最高評価とした。
108.0,Train11,巡航フェーズ（駅間走行中）,力行（加速）中,1.0,ブレーキ（減速）,1.0,70.0,70.0,1.491865878197021,70.0,1893.5408280937372,72.0,0.12310457108072904,0.0,-2.1,この先制限速度なし,102m先に下り勾配6.7‰あり,先行列車なし,後続列車なし,0,0,,0,70.0,0,normal,0.0,ノコギリ運転と判定され、prev_notch_durationが1秒で上限0.0点となるためrewardは0.0とした。
64.0,Train11,巡航フェーズ（駅間走行中）,力行（加速）中,1.0,ブレーキ（減速）,2.0,70.0,70.0,4.417906834608668,70.0,2019.0428518001968,116.0,1.0788173485236683,0.0,-2.1,この先制限速度なし,227m先に下り勾配6.7‰あり,先行列車なし,後続列車なし,0,0,,0,70.0,0,normal,0.2,ノコギリ運転と判定され、prev_notch_durationが2秒のためreward上限0.3に抑え、他は問題なし。
68.0,Train11,巡航フェーズ（駅間走行中）,力行（加速）中,1.0,ブレーキ（減速）,2.0,70.0,70.0,2.1949271327024085,70.0,2012.751042877472,112.0,0.2664314937554432,0.0,-2.1,この先制限速度なし,221m先に下り勾配6.7‰あり,先行列車なし,後続列車なし,0,0,,0,70.0,0,normal,0.0,ブレーキから1秒の力行への短時間反転がノコギリ運転と判定され、prev_notch_durationが2秒未満のため上限が0.0点となった。
134.0,Train11,巡航フェーズ（駅間走行中）,力行（加速）中,2.0,ブレーキ（減速）,1.0,70.0,70.0,5.216309693643652,70.0,1908.071992814726,46.0,1.503676116189707,0.0,-2.1,この先制限速度なし,116m先に下り勾配6.7‰あり,先行列車なし,後続列車なし,0,0,,0,70.0,0,normal,0.0,ブレーキ→力行への短時間切替がノコギリ運転と判定され、prev_notch_durationが1秒で上限0.0点となったため。
44.0,Train11,巡航フェーズ（駅間走行中）,力行（加速）中,2.0,ブレーキ（減速）,6.0,70.0,70.0,7.456841376547867,70.0,2043.2316640778647,136.0,3.0710002337936797,0.0,-2.1,この先制限速度なし,250m先に下り勾配6.7‰あり,先行列車なし,後続列車なし,0,0,,0,70.0,0,normal,0.1,巡航フェーズでrequired_speed 70km/hに対し7.5km/hと大幅に遅く、不要な力行とノコギリ運転が重なり評価上限は0.1となる。
149.0,Train11,巡航フェーズ（駅間走行中）,力行（加速）中,10.0,ブレーキ（減速）,2.0,70.0,70.0,24.0937419314299,70.0,1852.3609701091889,31.0,31.877536224267782,0.0,-2.1,この先制限速度なし,55m先に下り勾配6.7‰あり,先行列車なし,後続列車なし,0,0,,0,70.0,0,normal,1.0,巡航フェーズでrequired_speed 70km/hに対し現在速度24km/hと遅れているため加速は必要であり、速度・信号制限を遵守しノコギリ運転もなく評価は最高とした。
24.0,Train11,巡航フェーズ（駅間走行中）,力行（加速）中,5.0,ブレーキ（減速）,9.0,70.0,70.0,14.695166588680877,60.6,2083.3233143030475,156.0,11.900344616505683,0.0,-2.1,この先制限速度なし,288m先に下り勾配6.7‰あり,先行列車なし,後続列車なし,0,0,,0,60.6,0,normal,1.0,巡航フェーズで必要速度60.6km/hに遠く及ばず、加速は必須であり速度・信号超過なし、ノコギリ運転もなく適切な力行と判断した。
31.0,Train11,巡航フェーズ（駅間走行中）,力行（加速）中,2.0,ブレーキ（減速）,5.0,70.0,70.0,7.205000682419386,65.2,2062.5930216337947,149.0,2.8672659131306184,0.0,-2.1,この先制限速度なし,270m先に下り勾配6.7‰あり,先行列車なし,後続列車なし,0,0,,0,65.2,0,normal,0.3,ノコギリ運転と判定され、prev_notch_durationが5秒のためreward上限0.3とし、他は適切なので0.3とした。
88.0,Train11,巡航フェーズ（駅間走行中）,力行（加速）中,1.0,ブレーキ（減速）,1.0,70.0,70.0,2.0206630015891416,70.0,1942.630075346969,92.0,0.2258137902230312,0.0,-2.1,この先制限速度なし,151m先に下り勾配6.7‰あり,先行列車なし,後続列車なし,0,0,,0,70.0,0,normal,0.0,ノコギリ運転と巡航フェーズでの大幅な低速走行により上限0.0点と判断し、reward=0.0とした。
192.0,Train11,巡航フェーズ（駅間走行中）,力行（加速）中,11.0,ブレーキ（減速）,1.0,70.0,70.0,27.341454959097184,70.0,1782.4992248213896,0.0,43.79997987959927,13.0,-6.7,この先制限速度なし,この先目立った勾配なし,先行列車なし,後続列車なし,0,0,,0,70.0,0,normal,0.9,巡航フェーズでrequired_speed未達のため加速は適切で、速度・信号超過なし、ノコギリ運転もなく、遅延解消のための加速で過剰なエネルギー消費はない。
221.0,Train11,巡航フェーズ（駅間走行中）,力行（加速）中,4.0,ブレーキ（減速）,15.0,70.0,70.0,12.878773880482854,70.0,1563.4687344592105,0.0,8.884410561498123,42.0,0.0,この先制限速度なし,この先目立った勾配なし,先行列車なし,後続列車なし,0,0,,0,70.0,0,normal,0.8,巡航フェーズでrequired_speed未達だが加速は適切で、速度制限・信号超過なし、ノコギリ運転もなく評価し0.8とした。
222.0,Train11,巡航フェーズ（駅間走行中）,力行（加速）中,5.0,ブレーキ（減速）,15.0,70.0,70.0,15.299070149307166,70.0,1559.5487612026914,0.0,12.527710366655153,43.0,0.0,この先制限速度なし,この先目立った勾配なし,先行列車なし,後続列車なし,0,0,,0,70.0,0,normal,1.0,現在速度がrequired_speedを大きく下回っているため、加速は必要であり、速度・信号制限を超えておらず、ノコギリ運転もなく、他項目で問題なしと判断した。
227.0,Train11,巡航フェーズ（駅間走行中）,力行（加速）中,10.0,ブレーキ（減速）,15.0,70.0,70.0,25.616844362504303,70.0,1530.7971380967906,0.0,34.987866332642746,48.0,0.0,この先制限速度なし,この先目立った勾配なし,先行列車なし,後続列車なし,0,0,,0,70.0,0,normal,1.0,巡航フェーズでrequired_speed未達のため加速は適切で、速度・信号遵守、ノコギリ運転なし、遅延回復に寄与し最高評価とした。
192.0,Train11,巡航フェーズ（駅間走行中）,力行（加速）中,9.0,ブレーキ（減速）,1.0,70.0,70.0,22.937698890043738,70.0,1803.120243432833,0.0,28.90560618619182,13.0,-2.1,この先制限速度なし,6m先に下り勾配6.7‰あり,先行列車なし,後続列車なし,0,0,,0,70.0,0,normal,1.0,巡航フェーズでrequired_speed未達のため加速は適切で、速度・信号制限を遵守し、ノコギリ運転もなく、間隔問題もなし。
198.0,Train11,巡航フェーズ（駅間走行中）,力行（加速）中,15.0,ブレーキ（減速）,1.0,70.0,70.0,33.84933523365527,70.0,1755.4593929108826,0.0,66.91350723260895,19.0,-6.7,この先制限速度なし,この先目立った勾配なし,先行列車なし,後続列車なし,0,0,,0,70.0,0,normal,0.2,巡航フェーズでrequired_speed 70km/hに対し現在速度33.8km/hと大きく遅れ、低速走行が遅延を拡大するため0.2点とした。
223.0,Train11,巡航フェーズ（駅間走行中）,力行（加速）中,6.0,ブレーキ（減速）,15.0,70.0,70.0,16.388771875691006,70.0,1596.3061499797284,0.0,14.370617507550254,44.0,0.0,この先制限速度なし,この先目立った勾配なし,先行列車なし,後続列車なし,0,0,,0,70.0,0,normal,1.0,安全違反なし、制限速度・CBTC遵守、巡航フェーズで必要速度未達のため加速は適切であり、ノコギリ運転や間隔問題も無く評価は最高とした。
225.0,Train11,巡航フェーズ（駅間走行中）,力行（加速）中,8.0,ブレーキ（減速）,15.0,70.0,70.0,20.742308979342337,70.0,1585.9640909577097,0.0,22.983656861632202,46.0,0.0,この先制限速度なし,この先目立った勾配なし,先行列車なし,後続列車なし,0,0,,0,70.0,0,normal,1.0,巡航フェーズで必要速度未達のため加速は適切で、速度・信号超過なし、ノコギリ運転もなく、遅延回復に寄与するため評価は最高とした。
229.0,Train11,巡航フェーズ（駅間走行中）,力行（加速）中,12.0,ブレーキ（減速）,15.0,70.0,70.0,28.15150743707744,70.0,1558.6413765549664,0.0,42.20853143538007,50.0,0.0,この先制限速度なし,この先目立った勾配なし,先行列車なし,後続列車なし,0,0,,0,70.0,0,normal,0.9,巡航フェーズでrequired_speed未達のため加速は適切で、速度・信号超過なし、ノコギリ運転もなく高評価とした。
196.0,Train11,巡航フェーズ（駅間走行中）,力行（加速）中,11.0,ブレーキ（減速）,1.0,70.0,70.0,26.54414921480465,70.0,1796.2493569082376,0.0,41.29816453013268,17.0,-6.7,この先制限速度なし,この先目立った勾配なし,先行列車なし,後続列車なし,0,0,,0,70.0,0,normal,1.0,巡航フェーズでrequired_speed未達のため加速は適切で、速度・信号・制限を遵守し、ノコギリ運転もなく、列車間隔も問題なし。
226.0,Train11,巡航フェーズ（駅間走行中）,力行（加速）中,1.0,惰行,14.0,70.0,70.0,19.319469009926543,70.0,1578.3705369862132,0.0,19.949142021058872,47.0,0.0,この先制限速度なし,この先目立った勾配なし,先行列車なし,後続列車なし,0,0,,0,70.0,0,normal,1.0,現在速度が制限・信号速度を下回り、required_speed未達のため加速は適切であり、違反やノコギリ運転はなく評価は高い。
234.0,Train11,巡航フェーズ（駅間走行中）,力行（加速）中,2.0,ブレーキ（減速）,6.0,70.0,70.0,8.59418465622568,70.0,1548.0722216741967,0.0,3.9612793993594106,55.0,0.0,この先制限速度なし,この先目立った勾配なし,先行列車なし,後続列車なし,0,0,,0,70.0,0,normal,0.4,ノコギリ運転と判定され、prev_notch_durationが6秒のため上限0.5点に抑え、他項目は適合するため0.4点とした。
235.0,Train11,巡航フェーズ（駅間走行中）,力行（加速）中,3.0,ブレーキ（減速）,6.0,70.0,70.0,11.239151424867943,70.0,1545.3106264403473,0.0,6.769609201769424,56.0,0.0,この先制限速度なし,この先目立った勾配なし,先行列車なし,後続列車なし,0,0,,0,70.0,0,normal,0.5,ノコギリ運転と判定されたが、加速は必要速度未達で妥当であり、他項目は全て適合するため上限0.5点とした。
236.0,Train11,巡航フェーズ（駅間走行中）,力行（加速）中,4.0,ブレーキ（減速）,6.0,70.0,70.0,13.745511961890086,70.0,1541.833927544854,0.0,10.117723793725425,57.0,0.0,この先制限速度なし,この先目立った勾配なし,先行列車なし,後続列車なし,0,0,,0,70.0,0,normal,0.9,巡航フェーズでrequired_speed未達のため加速は妥当で、速度・CBTC制限を遵守しノコギリ運転もなく、遅延はあるが加速が必要なため高評価とした。
239.0,Train11,巡航フェーズ（駅間走行中）,力行（加速）中,7.0,ブレーキ（減速）,6.0,70.0,70.0,20.50136315955774,70.0,1527.4789192880612,0.0,22.454825306266915,60.0,0.0,この先制限速度なし,この先目立った勾配なし,先行列車なし,後続列車なし,0,0,,0,70.0,0,normal,1.0,全ての安全・信号基準を遵守し、巡航フェーズで必要な加速を行っているため最高評価とした。
85.0,Train11,巡航フェーズ（駅間走行中）,力行（加速）中,1.0,ブレーキ（減速）,2.0,70.0,70.0,1.4158220094502048,70.0,1975.9128045236985,95.0,0.11087644115319471,0.0,-2.1,この先制限速度なし,185m先に下り勾配6.7‰あり,先行列車なし,後続列車なし,0,0,,0,70.0,0,normal,0.2,前ブレーキから1秒の力行への反転が2秒未満でノコギリ運転と判定され、必要速度70km/hに対し1.4km/hと大幅に遅れているため評価は低く0.2とした。
192.0,Train11,巡航フェーズ（駅間走行中）,力行（加速）中,10.0,ブレーキ（減速）,1.0,70.0,70.0,25.23669159803072,70.0,1812.316787115723,0.0,34.956866191623924,13.0,-2.1,この先制限速度なし,15m先に下り勾配6.7‰あり,先行列車なし,後続列車なし,0,0,,0,70.0,0,normal,0.1,巡航フェーズでrequired_speed 70km/hに対し25.2km/hと大幅に遅く、先行列車なしで無駄な力行は遅延拡大と省エネ欠如と判断し0.1とした。
