time,position,speed,action,source
0.0,21.112,0.0,1,DQN
1.0,21.112448,3.1655,1,DQN
2.0,21.113752,6.1663,1,DQN
3.0,21.115867,9.0104,1,DQN
4.0,21.118752,11.7057,1,DQN
5.0,21.122365,14.2597,1,DQN
6.0,21.126668,16.6796,1,DQN
7.0,21.131626,18.9721,1,DQN
8.0,21.137203,21.1437,1,DQN
9.0,21.143368,23.2007,1,DQN
10.0,21.150088,25.1488,1,DQN
11.0,21.157335,26.9937,1,DQN
12.0,21.16508,28.7408,1,DQN
13.0,21.173298,30.395,1,DQN
14.0,21.181963,31.9612,1,DQN
15.0,21.191043,33.3896,1,DQN
16.0,21.200509,34.7412,1,DQN
17.0,21.210341,36.0208,1,DQN
18.0,21.220518,37.2319,1,DQN
19.0,21.231028,38.4252,1,DQN
20.0,21.24186,39.5379,1,DQN
21.0,21.252991,40.5882,1,DQN
22.0,21.264406,41.5823,1,DQN
23.0,21.27609,42.5287,1,DQN
24.0,21.288035,43.4676,1,DQN
25.0,21.300242,44.4073,1,DQN
26.0,21.312707,45.3313,1,DQN
27.0,21.325427,46.2398,1,DQN
28.0,21.338397,47.1331,1,DQN
29.0,21.351613,48.0114,1,DQN
30.0,21.365071,48.8748,1,DQN
31.0,21.378767,49.7237,1,DQN
32.0,21.392696,50.5582,1,DQN
33.0,21.406856,51.3785,1,DQN
34.0,21.421241,52.1849,1,DQN
35.0,21.435848,52.9775,1,DQN
36.0,21.450674,53.7566,1,DQN
37.0,21.465714,54.5224,1,DQN
38.0,21.480965,55.275,1,DQN
39.0,21.496423,56.0147,1,DQN
40.0,21.512098,56.8659,1,DQN
41.0,21.528017,57.7391,1,DQN
42.0,21.544177,58.5972,1,DQN
43.0,21.560572,59.4405,1,DQN
44.0,21.5772,60.2691,0,DQN
45.0,21.593945,60.2941,0,DQN
46.0,21.610697,60.3189,0,DQN
47.0,21.627456,60.3437,0,DQN
48.0,21.644221,60.3683,0,DQN
49.0,21.66098,60.2395,0,DQN
50.0,21.677683,60.0285,0,DQN
51.0,21.694328,59.8183,0,DQN
52.0,21.710915,59.6088,0,DQN
53.0,21.727444,59.4,0,DQN
54.0,21.743914,59.1919,0,DQN
55.0,21.760328,58.9845,0,DQN
56.0,21.776683,58.7778,0,DQN
57.0,21.792981,58.5718,0,DQN
58.0,21.809223,58.3665,0,DQN
59.0,21.825407,58.1619,0,DQN
60.0,21.841534,57.958,0,DQN
61.0,21.857605,57.7547,0,DQN
62.0,21.87362,57.5521,0,DQN
63.0,21.889578,57.3502,0,DQN
64.0,21.90548,57.1489,0,DQN
65.0,21.921327,56.9483,0,DQN
66.0,21.937118,56.7484,0,DQN
67.0,21.952853,56.5491,0,DQN
68.0,21.968534,56.3505,0,DQN
69.0,21.984159,56.1525,0,DQN
70.0,21.999729,55.9551,0,DQN
71.0,22.015244,55.7584,0,DQN
72.0,22.030705,55.5624,0,DQN
73.0,22.046112,55.3669,0,DQN
74.0,22.061464,55.1721,0,DQN
75.0,22.076763,54.9779,0,DQN
76.0,22.092007,54.7843,0,DQN
77.0,22.107198,54.5914,0,DQN
78.0,22.122335,54.399,0,DQN
79.0,22.137419,54.2073,0,DQN
80.0,22.15245,54.0161,0,DQN
81.0,22.167427,53.8256,0,DQN
82.0,22.182352,53.6357,0,DQN
83.0,22.197225,53.4463,0,DQN
84.0,22.212044,53.2576,0,DQN
85.0,22.226812,53.0694,0,DQN
86.0,22.241527,52.8819,0,DQN
87.0,22.25619,52.6949,0,DQN
88.0,22.270801,52.5085,0,DQN
89.0,22.285361,52.3226,0,DQN
90.0,22.299869,52.1374,0,DQN
91.0,22.314265,51.5167,1,DQN
92.0,22.328617,51.81,1,DQN
93.0,22.343049,52.0983,1,DQN
94.0,22.35756,52.3817,1,DQN
95.0,22.37215,52.6602,1,DQN
96.0,22.386816,52.934,1,DQN
97.0,22.401558,53.2031,1,DQN
98.0,22.416374,53.4677,1,DQN
99.0,22.431263,53.7277,1,DQN
100.0,22.446223,53.9832,1,DQN
101.0,22.461254,54.2344,1,TASC
101.1,22.462761,54.2593,1,TASC
101.2,22.464268,54.2841,1,TASC
101.3,22.465776,54.3089,1,TASC
101.4,22.467285,54.3337,1,TASC
101.5,22.468795,54.3584,1,TASC
101.6,22.470305,54.383,1,TASC
101.7,22.471816,54.4077,1,TASC
101.8,22.473328,54.4323,1,TASC
101.9,22.47484,54.4568,1,TASC
102.0,22.476354,54.4813,1,TASC
102.1,22.477867,54.5057,1,TASC
102.2,22.479382,54.5302,1,TASC
102.3,22.480897,54.5545,1,TASC
102.4,22.482413,54.5789,1,TASC
102.5,22.483929,54.6031,1,TASC
102.6,22.485446,54.6274,1,TASC
102.7,22.486964,54.6516,1,TASC
102.8,22.488482,54.6757,1,TASC
102.9,22.490002,54.6999,1,TASC
103.0,22.491521,54.7239,1,TASC
103.1,22.493042,54.748,1,TASC
103.2,22.494563,54.772,1,TASC
103.3,22.496085,54.7959,1,TASC
103.4,22.497607,54.8198,1,TASC
103.5,22.49913,54.8437,1,TASC
103.6,22.500654,54.8852,1,TASC
103.7,22.50218,54.953,1,TASC
103.8,22.503707,55.0207,1,TASC
103.9,22.505237,55.0883,1,TASC
104.0,22.506768,55.1557,1,TASC
104.1,22.508301,55.2231,1,TASC
104.2,22.509836,55.2903,1,TASC
104.3,22.511373,55.3575,1,TASC
104.4,22.512912,55.4245,1,TASC
104.5,22.514452,55.4913,1,TASC
104.6,22.515995,55.5581,1,TASC
104.7,22.517539,55.6248,1,TASC
104.8,22.519085,55.6913,1,TASC
104.9,22.520633,55.7577,1,TASC
105.0,22.522183,55.8241,1,TASC
105.1,22.523735,55.8903,1,TASC
105.2,22.525288,55.9563,1,TASC
105.3,22.526844,56.0223,1,TASC
105.4,22.528401,56.0882,1,TASC
105.5,22.52996,56.1539,1,TASC
105.6,22.531521,56.2195,1,TASC
105.7,22.533083,56.285,1,TASC
105.8,22.534648,56.3504,1,TASC
105.9,22.536214,56.4157,1,TASC
106.0,22.537782,56.4809,1,TASC
106.1,22.539352,56.5459,1,TASC
106.2,22.540924,56.6109,1,TASC
106.3,22.542497,56.6757,1,TASC
106.4,22.544073,56.7404,1,TASC
106.5,22.54565,56.805,1,TASC
106.6,22.547229,56.8695,1,TASC
106.7,22.548809,56.9339,1,TASC
106.8,22.550392,56.9982,1,TASC
106.9,22.551976,57.0623,1,TASC
107.0,22.553562,57.1264,1,TASC
107.1,22.55515,57.1903,1,TASC
107.2,22.55674,57.2541,1,TASC
107.3,22.558331,57.3179,1,TASC
107.4,22.559924,57.3815,1,TASC
107.5,22.561519,57.445,1,TASC
107.6,22.563116,57.5083,1,TASC
107.7,22.564714,57.5716,1,TASC
107.8,22.566314,57.6348,1,TASC
107.9,22.567916,57.6978,1,TASC
108.0,22.56952,57.7608,1,TASC
108.1,22.571125,57.8236,1,TASC
108.2,22.572732,57.8863,1,TASC
108.3,22.574341,57.9489,1,TASC
108.4,22.575952,58.0114,1,TASC
108.5,22.577564,58.0738,1,TASC
108.6,22.579179,58.1361,1,TASC
108.7,22.580794,58.1983,1,TASC
108.8,22.582412,58.2604,1,TASC
108.9,22.584031,58.3223,1,TASC
109.0,22.585652,58.3842,1,TASC
109.1,22.587275,58.4459,1,TASC
109.2,22.588899,58.5076,1,TASC
109.3,22.590526,58.5691,1,TASC
109.4,22.592153,58.6305,1,TASC
109.5,22.593783,58.6918,1,TASC
109.6,22.595414,58.753,1,TASC
109.7,22.597047,58.8141,1,TASC
109.8,22.598682,58.8751,1,TASC
109.9,22.600318,58.936,1,TASC
110.0,22.601956,58.9968,1,TASC
110.1,22.603596,59.0575,1,TASC
110.2,22.605237,59.118,1,TASC
110.3,22.60688,59.1785,1,TASC
110.4,22.608525,59.2389,1,TASC
110.5,22.610172,59.2991,1,TASC
110.6,22.61182,59.3593,1,TASC
110.7,22.61347,59.4193,1,TASC
110.8,22.615121,59.4792,1,TASC
110.9,22.616774,59.5391,1,TASC
111.0,22.618429,59.5988,1,TASC
111.1,22.620085,59.6584,1,TASC
111.2,22.621743,59.7179,1,TASC
111.3,22.623403,59.7774,1,TASC
111.4,22.625065,59.8367,1,TASC
111.5,22.626728,59.8959,1,TASC
111.6,22.628392,59.955,1,TASC
111.7,22.630059,60.014,1,TASC
111.8,22.631727,60.0729,1,TASC
111.9,22.633396,60.1317,1,TASC
112.0,22.635067,60.1903,1,TASC
112.1,22.63674,60.2489,1,TASC
112.2,22.638415,60.3074,1,TASC
112.3,22.640091,60.3658,1,TASC
112.4,22.641769,60.4241,1,TASC
112.5,22.643448,60.4823,1,TASC
112.6,22.645129,60.5403,1,TASC
112.7,22.646811,60.5983,1,TASC
112.8,22.648496,60.6562,1,TASC
112.9,22.650181,60.7139,1,TASC
113.0,22.651869,60.7716,1,TASC
113.1,22.653558,60.8292,1,TASC
113.2,22.655248,60.8867,1,TASC
113.3,22.65694,60.944,1,TASC
113.4,22.658634,61.0013,1,TASC
113.5,22.66033,61.0584,1,TASC
113.6,22.662026,61.1155,1,TASC
113.7,22.663725,61.1725,1,TASC
113.8,22.665425,61.2293,1,TASC
113.9,22.667127,61.2861,1,TASC
114.0,22.66883,61.3428,1,TASC
114.1,22.670535,61.3993,1,TASC
114.2,22.672241,61.4558,1,TASC
114.3,22.673949,61.5122,1,TASC
114.4,22.675659,61.5684,1,TASC
114.5,22.67737,61.6246,1,TASC
114.6,22.679083,61.6807,1,TASC
114.7,22.680797,61.7366,1,TASC
114.8,22.682512,61.7925,1,TASC
114.9,22.68423,61.8483,1,TASC
115.0,22.685949,61.904,1,TASC
115.1,22.687669,61.9595,1,TASC
115.2,22.689391,62.015,1,TASC
115.3,22.691114,62.0704,1,TASC
115.4,22.69284,62.1257,1,TASC
115.5,22.694566,62.1809,1,TASC
115.6,22.696294,62.236,1,TASC
115.7,22.698024,62.291,1,TASC
115.8,22.699755,62.3459,1,TASC
115.9,22.701487,62.3835,1,TASC
116.0,22.703221,62.4167,1,TASC
116.1,22.704955,62.4499,1,TASC
116.2,22.70669,62.483,1,TASC
116.3,22.708426,62.516,1,TASC
116.4,22.710163,62.549,1,TASC
116.5,22.711901,62.582,1,TASC
116.6,22.71364,62.6148,1,TASC
116.7,22.71538,62.6477,1,TASC
116.8,22.717121,62.6804,1,TASC
116.9,22.718862,62.7131,1,TASC
117.0,22.720605,62.7458,1,TASC
117.1,22.722348,62.7784,1,TASC
117.2,22.724093,62.8109,1,TASC
117.3,22.725838,62.8434,1,TASC
117.4,22.727584,62.8758,1,TASC
117.5,22.729331,62.9082,1,TASC
117.6,22.731079,62.9405,1,TASC
117.7,22.732828,62.9727,1,TASC
117.8,22.734578,63.0049,1,TASC
117.9,22.736328,63.037,1,TASC
118.0,22.73808,63.0691,1,TASC
118.1,22.739832,63.1011,1,TASC
118.2,22.741586,63.1331,1,TASC
118.3,22.74334,63.165,1,TASC
118.4,22.745095,63.1969,1,TASC
118.5,22.746851,63.2287,1,TASC
118.6,22.748608,63.2604,1,TASC
118.7,22.750365,63.2921,1,TASC
118.8,22.752124,63.3237,1,TASC
118.9,22.753883,63.3553,1,TASC
119.0,22.755644,63.3868,1,TASC
119.1,22.757405,63.4183,1,TASC
119.2,22.759167,63.4497,1,TASC
119.3,22.76093,63.481,1,TASC
119.4,22.762694,63.5123,1,TASC
119.5,22.764459,63.5435,1,TASC
119.6,22.766224,63.5747,1,TASC
119.7,22.767991,63.6058,1,TASC
119.8,22.769758,63.6369,1,TASC
119.9,22.771526,63.6679,1,TASC
120.0,22.773295,63.6989,1,TASC
120.1,22.775065,63.7298,1,TASC
120.2,22.776836,63.7607,1,TASC
120.3,22.778607,63.7915,1,TASC
120.4,22.78038,63.8222,1,TASC
120.5,22.782153,63.8529,1,TASC
120.6,22.783927,63.8835,1,TASC
120.7,22.785702,63.9141,1,TASC
120.8,22.787478,63.9446,1,TASC
120.9,22.789255,63.9751,1,TASC
121.0,22.791032,64.0055,1,TASC
121.1,22.792811,64.0359,1,TASC
121.2,22.79459,64.0662,1,TASC
121.3,22.79637,64.0965,1,TASC
121.4,22.798151,64.1267,1,TASC
121.5,22.799933,64.1568,1,TASC
121.6,22.801715,64.1869,1,TASC
121.7,22.803499,64.217,1,TASC
121.8,22.805283,64.247,1,TASC
121.9,22.807068,64.2769,1,TASC
122.0,22.808854,64.3068,1,TASC
122.1,22.810641,64.3366,1,TASC
122.2,22.812428,64.3664,1,TASC
122.3,22.814217,64.3961,1,TASC
122.4,22.816006,64.4258,1,TASC
122.5,22.817796,64.4554,1,TASC
122.6,22.819587,64.485,1,TASC
122.7,22.821379,64.5145,1,TASC
122.8,22.823171,64.544,1,TASC
122.9,22.824965,64.5734,1,TASC
123.0,22.826759,64.6028,1,TASC
123.1,22.828554,64.6321,1,TASC
123.2,22.830349,64.6613,1,TASC
123.3,22.832146,64.6905,1,TASC
123.4,22.833943,64.7197,1,TASC
123.5,22.835742,64.7488,1,TASC
123.6,22.837541,64.7778,1,TASC
123.7,22.839341,64.8068,1,TASC
123.8,22.841141,64.8358,1,TASC
123.9,22.842943,64.8647,1,TASC
124.0,22.844745,64.8935,1,TASC
124.1,22.846548,64.9223,1,TASC
124.2,22.848352,64.9511,1,TASC
124.3,22.850156,64.9798,1,TASC
124.4,22.851962,65.0084,1,TASC
124.5,22.853768,65.037,1,TASC
124.6,22.855575,65.0655,1,TASC
124.7,22.857383,65.094,1,TASC
124.8,22.859191,65.1225,1,TASC
124.9,22.861001,65.1508,1,TASC
125.0,22.862811,65.1792,1,TASC
125.1,22.864622,65.2075,1,TASC
125.2,22.866434,65.2357,1,TASC
125.3,22.868246,65.2639,1,TASC
125.4,22.87006,65.292,1,TASC
125.5,22.871874,65.3201,1,TASC
125.6,22.873689,65.3482,1,TASC
125.7,22.875504,65.3761,1,TASC
125.8,22.877321,65.4041,1,TASC
125.9,22.879138,65.432,1,TASC
126.0,22.880956,65.4598,1,TASC
126.1,22.882775,65.4876,1,TASC
126.2,22.884594,65.5153,1,TASC
126.3,22.886414,65.543,1,TASC
126.4,22.888235,65.5707,1,TASC
126.5,22.890057,65.5983,1,TASC
126.6,22.89188,65.6258,1,TASC
126.7,22.893703,65.6533,1,TASC
126.8,22.895527,65.6807,1,TASC
126.9,22.897352,65.7081,1,TASC
127.0,22.899178,65.7355,1,TASC
127.1,22.901004,65.7628,1,TASC
127.2,22.902831,65.79,1,TASC
127.3,22.904659,65.8172,1,TASC
127.4,22.906488,65.8444,1,TASC
127.5,22.908317,65.8715,1,TASC
127.6,22.910148,65.8986,1,TASC
127.7,22.911979,65.9256,1,TASC
127.8,22.91381,65.9525,1,TASC
127.9,22.915643,65.9794,1,TASC
128.0,22.917476,66.0063,1,TASC
128.1,22.91931,66.0331,1,TASC
128.2,22.921144,66.0599,1,TASC
128.3,22.92298,66.0866,1,TASC
128.4,22.924816,66.1133,1,TASC
128.5,22.926653,66.1399,1,TASC
128.6,22.928491,66.1665,1,TASC
128.7,22.930329,66.193,1,TASC
128.8,22.932168,66.2195,1,TASC
128.9,22.934008,66.246,1,TASC
129.0,22.935848,66.2724,1,TASC
129.1,22.93769,66.2987,1,TASC
129.2,22.939532,66.325,1,TASC
129.3,22.941374,66.3513,1,TASC
129.4,22.943218,66.3775,1,TASC
129.5,22.945062,66.4036,1,TASC
129.6,22.946907,66.4297,1,TASC
129.7,22.948753,66.4558,1,TASC
129.8,22.950599,66.4818,1,TASC
129.9,22.952446,66.5078,1,TASC
130.0,22.954294,66.5337,1,TASC
130.1,22.956143,66.5596,1,TASC
130.2,22.957992,66.5854,1,TASC
130.3,22.959842,66.6112,1,TASC
130.4,22.961693,66.637,1,TASC
130.5,22.963544,66.6627,1,TASC
130.6,22.965396,66.6883,1,TASC
130.7,22.967249,66.7139,1,TASC
130.8,22.969103,66.7395,1,TASC
130.9,22.970957,66.765,1,TASC
131.0,22.972812,66.7905,1,TASC
131.1,22.974668,66.8159,1,TASC
131.2,22.976524,66.8413,1,TASC
131.3,22.978381,66.8666,1,TASC
131.4,22.980239,66.8919,1,TASC
131.5,22.982097,66.9171,1,TASC
131.6,22.983956,66.9423,1,TASC
131.7,22.985816,66.9675,1,TASC
131.8,22.987677,66.9926,1,TASC
131.9,22.989538,67.0176,1,TASC
132.0,22.9914,67.0427,1,TASC
132.1,22.993263,67.0676,1,TASC
132.2,22.995126,67.0926,1,TASC
132.3,22.99699,67.1175,1,TASC
132.4,22.998855,67.1423,1,TASC
132.5,23.000721,67.1671,1,TASC
132.6,23.002587,67.1918,1,TASC
132.7,23.004453,67.2165,1,TASC
132.8,23.006321,67.2412,1,TASC
132.9,23.008189,67.2658,1,TASC
133.0,23.010058,67.2904,1,TASC
133.1,23.011928,67.3149,1,TASC
133.2,23.013798,67.3394,1,TASC
133.3,23.015669,67.3639,1,TASC
133.4,23.01754,67.3883,1,TASC
133.5,23.019413,67.4126,1,TASC
133.6,23.021286,67.4369,1,TASC
133.7,23.023159,67.4612,1,TASC
133.8,23.025033,67.4854,1,TASC
133.9,23.026908,67.5096,1,TASC
134.0,23.028784,67.5338,1,TASC
134.1,23.03066,67.5579,1,TASC
134.2,23.032537,67.5819,1,TASC
134.3,23.034415,67.6059,1,TASC
134.4,23.036293,67.6299,1,TASC
134.5,23.038172,67.6538,1,TASC
134.6,23.040052,67.6777,1,TASC
134.7,23.041932,67.7016,1,TASC
134.8,23.043813,67.7254,1,TASC
134.9,23.045695,67.7491,1,TASC
135.0,23.047577,67.7728,1,TASC
135.1,23.04946,67.7965,1,TASC
135.2,23.051344,67.8201,1,TASC
135.3,23.053228,67.8437,1,TASC
135.4,23.055113,67.8673,1,TASC
135.5,23.056998,67.8908,1,TASC
135.6,23.058885,67.9142,1,TASC
135.7,23.060771,67.9376,1,TASC
135.8,23.062659,67.961,1,TASC
135.9,23.064547,67.9844,1,TASC
136.0,23.066436,68.0076,1,TASC
136.1,23.068325,68.0309,1,TASC
136.2,23.070215,68.0542,1,TASC
136.3,23.072106,68.0774,1,TASC
136.4,23.073998,68.1006,2,TASC
136.41,23.074187,68.0711,2,TASC
136.42,23.074376,68.0415,2,TASC
136.43,23.074565,68.012,2,TASC
136.44,23.074753,67.9824,2,TASC
136.45,23.074942,67.9529,2,TASC
136.46,23.075131,67.9234,2,TASC
136.47,23.075319,67.8938,2,TASC
136.48,23.075508,67.8643,2,TASC
136.49,23.075696,67.8347,2,TASC
136.5,23.075885,67.8052,2,TASC
136.51,23.076073,67.7757,2,TASC
136.52,23.076261,67.7461,2,TASC
136.53,23.076449,67.7166,2,TASC
136.54,23.076637,67.6871,2,TASC
136.55,23.076825,67.6575,2,TASC
136.56,23.077013,67.628,2,TASC
136.57,23.077201,67.5985,2,TASC
136.58,23.077389,67.5689,2,TASC
136.59,23.077576,67.5394,2,TASC
136.6,23.077764,67.5099,2,TASC
136.61,23.077951,67.4804,2,TASC
136.62,23.078139,67.4508,2,TASC
136.63,23.078326,67.4213,2,TASC
136.64,23.078513,67.3918,2,TASC
136.65,23.0787,67.3623,2,TASC
136.66,23.078887,67.3328,2,TASC
136.67,23.079074,67.3032,2,TASC
136.68,23.079261,67.2737,2,TASC
136.69,23.079448,67.2442,2,TASC
136.7,23.079635,67.2147,2,TASC
136.71,23.079821,67.1852,2,TASC
136.72,23.080008,67.1557,2,TASC
136.73,23.080194,67.1261,2,TASC
136.74,23.080381,67.0966,2,TASC
136.75,23.080567,67.0671,2,TASC
136.76,23.080753,67.0376,2,TASC
136.77,23.080939,67.0081,2,TASC
136.78,23.081125,66.9786,2,TASC
136.79,23.081311,66.9491,2,TASC
136.8,23.081497,66.9196,2,TASC
136.81,23.081683,66.8901,2,TASC
136.82,23.081869,66.8606,2,TASC
136.83,23.082054,66.8311,2,TASC
136.84,23.08224,66.8016,2,TASC
136.85,23.082425,66.7721,2,TASC
136.86,23.082611,66.7426,2,TASC
136.87,23.082796,66.7131,2,TASC
136.88,23.082981,66.6836,2,TASC
136.89,23.083166,66.6541,2,TASC
136.9,23.083351,66.6246,2,TASC
136.91,23.083536,66.5951,2,TASC
136.92,23.083721,66.5656,2,TASC
136.93,23.083906,66.5361,2,TASC
136.94,23.084091,66.5066,2,TASC
136.95,23.084276,66.4771,2,TASC
136.96,23.08446,66.4477,2,TASC
136.97,23.084645,66.4182,2,TASC
136.98,23.084829,66.3887,2,TASC
136.99,23.085013,66.3592,2,TASC
137.0,23.085198,66.3297,2,TASC
137.01,23.085382,66.3002,2,TASC
137.02,23.085566,66.2708,2,TASC
137.03,23.08575,66.2413,2,TASC
137.04,23.085934,66.2118,2,TASC
137.05,23.086118,66.1823,2,TASC
137.06,23.086301,66.1528,2,TASC
137.07,23.086485,66.1234,2,TASC
137.08,23.086669,66.0939,2,TASC
137.09,23.086852,66.0644,2,TASC
137.1,23.087036,66.0349,2,TASC
137.11,23.087219,66.0055,2,TASC
137.12,23.087402,65.976,2,TASC
137.13,23.087585,65.9465,2,TASC
137.14,23.087769,65.9171,2,TASC
137.15,23.087952,65.8876,2,TASC
137.16,23.088134,65.8581,2,TASC
137.17,23.088317,65.8287,2,TASC
137.18,23.0885,65.7992,2,TASC
137.19,23.088683,65.7697,2,TASC
137.2,23.088865,65.7403,2,TASC
137.21,23.089048,65.7108,2,TASC
137.22,23.08923,65.6814,2,TASC
137.23,23.089413,65.6519,2,TASC
137.24,23.089595,65.6225,2,TASC
137.25,23.089777,65.593,2,TASC
137.26,23.089959,65.5635,2,TASC
137.27,23.090141,65.5341,2,TASC
137.28,23.090323,65.5046,2,TASC
137.29,23.090505,65.4752,2,TASC
137.3,23.090687,65.4457,2,TASC
137.31,23.090869,65.4163,2,TASC
137.32,23.09105,65.3868,2,TASC
137.33,23.091232,65.3574,2,TASC
137.34,23.091413,65.3279,2,TASC
137.35,23.091595,65.2985,2,TASC
137.36,23.091776,65.2691,2,TASC
137.37,23.091957,65.2396,2,TASC
137.38,23.092138,65.2102,2,TASC
137.39,23.092319,65.1807,2,TASC
137.4,23.0925,65.1513,2,TASC
137.41,23.092681,65.1219,2,TASC
137.42,23.092862,65.0924,2,TASC
137.43,23.093043,65.063,2,TASC
137.44,23.093224,65.0335,2,TASC
137.45,23.093404,65.0041,2,TASC
137.46,23.093585,64.9747,2,TASC
137.47,23.093765,64.9452,2,TASC
137.48,23.093945,64.9158,2,TASC
137.49,23.094126,64.8864,2,TASC
137.5,23.094306,64.857,2,TASC
137.51,23.094486,64.8275,2,TASC
137.52,23.094666,64.7981,2,TASC
137.53,23.094846,64.7687,2,TASC
137.54,23.095026,64.7392,2,TASC
137.55,23.095205,64.7098,2,TASC
137.56,23.095385,64.6804,2,TASC
137.57,23.095565,64.651,2,TASC
137.58,23.095744,64.6216,2,TASC
137.59,23.095923,64.5921,2,TASC
137.6,23.096103,64.5627,2,TASC
137.61,23.096282,64.5333,2,TASC
137.62,23.096461,64.5039,2,TASC
137.63,23.09664,64.4745,2,TASC
137.64,23.096819,64.4451,2,TASC
137.65,23.096998,64.4156,2,TASC
137.66,23.097177,64.3862,2,TASC
137.67,23.097356,64.3568,2,TASC
137.68,23.097535,64.3274,2,TASC
137.69,23.097713,64.298,2,TASC
137.7,23.097892,64.2686,2,TASC
137.71,23.09807,64.2392,2,TASC
137.72,23.098249,64.2098,2,TASC
137.73,23.098427,64.1804,2,TASC
137.74,23.098605,64.151,2,TASC
137.75,23.098783,64.1216,2,TASC
137.76,23.098961,64.0922,2,TASC
137.77,23.099139,64.0628,2,TASC
137.78,23.099317,64.0334,2,TASC
137.79,23.099495,64.004,2,TASC
137.8,23.099672,63.9746,2,TASC
137.81,23.09985,63.9452,2,TASC
137.82,23.100028,63.9158,2,TASC
137.83,23.100205,63.8853,2,TASC
137.84,23.100382,63.8548,2,TASC
137.85,23.10056,63.8243,2,TASC
137.86,23.100737,63.7938,2,TASC
137.87,23.100914,63.7634,2,TASC
137.88,23.101091,63.7329,2,TASC
137.89,23.101268,63.7024,2,TASC
137.9,23.101445,63.6719,2,TASC
137.91,23.101622,63.6414,2,TASC
137.92,23.101798,63.611,2,TASC
137.93,23.101975,63.5805,2,TASC
137.94,23.102152,63.55,2,TASC
137.95,23.102328,63.5195,2,TASC
137.96,23.102504,63.4891,2,TASC
137.97,23.102681,63.4586,2,TASC
137.98,23.102857,63.4281,2,TASC
137.99,23.103033,63.3976,2,TASC
138.0,23.103209,63.3672,2,TASC
138.01,23.103385,63.3367,2,TASC
138.02,23.103561,63.3062,2,TASC
138.03,23.103737,63.2758,2,TASC
138.04,23.103912,63.2453,2,TASC
138.05,23.104088,63.2148,2,TASC
138.06,23.104263,63.1844,2,TASC
138.07,23.104439,63.1539,2,TASC
138.08,23.104614,63.1235,2,TASC
138.09,23.104789,63.093,2,TASC
138.1,23.104965,63.0625,2,TASC
138.11,23.10514,63.0321,2,TASC
138.12,23.105315,63.0016,2,TASC
138.13,23.10549,62.9712,2,TASC
138.14,23.105664,62.9407,2,TASC
138.15,23.105839,62.9103,2,TASC
138.16,23.106014,62.8798,2,TASC
138.17,23.106188,62.8494,2,TASC
138.18,23.106363,62.8189,2,TASC
138.19,23.106537,62.7885,2,TASC
138.2,23.106712,62.758,2,TASC
138.21,23.106886,62.7276,2,TASC
138.22,23.10706,62.6971,2,TASC
138.23,23.107234,62.6667,2,TASC
138.24,23.107408,62.6362,2,TASC
138.25,23.107582,62.6058,2,TASC
138.26,23.107756,62.5754,2,TASC
138.27,23.10793,62.5449,2,TASC
138.28,23.108103,62.5145,2,TASC
138.29,23.108277,62.484,2,TASC
138.3,23.10845,62.4536,2,TASC
138.31,23.108624,62.4232,2,TASC
138.32,23.108797,62.3927,2,TASC
138.33,23.10897,62.3623,2,TASC
138.34,23.109143,62.3319,2,TASC
138.35,23.109316,62.3014,2,TASC
138.36,23.109489,62.271,2,TASC
138.37,23.109662,62.2406,2,TASC
138.38,23.109835,62.2101,2,TASC
138.39,23.110008,62.1797,2,TASC
138.4,23.11018,62.1493,2,TASC
138.41,23.110353,62.1189,2,TASC
138.42,23.110525,62.0884,2,TASC
138.43,23.110698,62.058,2,TASC
138.44,23.11087,62.0276,2,TASC
138.45,23.111042,61.9972,2,TASC
138.46,23.111214,61.9668,2,TASC
138.47,23.111386,61.9363,2,TASC
138.48,23.111558,61.9059,2,TASC
138.49,23.11173,61.8755,2,TASC
138.5,23.111902,61.8451,2,TASC
138.51,23.112074,61.8147,2,TASC
138.52,23.112245,61.7843,2,TASC
138.53,23.112417,61.7539,2,TASC
138.54,23.112588,61.7234,2,TASC
138.55,23.11276,61.693,2,TASC
138.56,23.112931,61.6626,2,TASC
138.57,23.113102,61.6322,2,TASC
138.58,23.113273,61.6018,2,TASC
138.59,23.113444,61.5714,2,TASC
138.6,23.113615,61.541,2,TASC
138.61,23.113786,61.5106,2,TASC
138.62,23.113957,61.4802,2,TASC
138.63,23.114128,61.4498,2,TASC
138.64,23.114298,61.4194,2,TASC
138.65,23.114469,61.389,2,TASC
138.66,23.114639,61.3586,2,TASC
138.67,23.11481,61.3282,2,TASC
138.68,23.11498,61.2978,2,TASC
138.69,23.11515,61.2674,2,TASC
138.7,23.11532,61.237,2,TASC
138.71,23.11549,61.2066,2,TASC
138.72,23.11566,61.1762,2,TASC
138.73,23.11583,61.1458,2,TASC
138.74,23.116,61.1154,2,TASC
138.75,23.116169,61.0851,2,TASC
138.76,23.116339,61.0547,2,TASC
138.77,23.116509,61.0243,2,TASC
138.78,23.116678,60.9939,2,TASC
138.79,23.116847,60.9635,2,TASC
138.8,23.117017,60.9331,2,TASC
138.81,23.117186,60.9027,2,TASC
138.82,23.117355,60.8724,2,TASC
138.83,23.117524,60.842,2,TASC
138.84,23.117693,60.8116,2,TASC
138.85,23.117862,60.7812,2,TASC
138.86,23.11803,60.7508,2,TASC
138.87,23.118199,60.7205,2,TASC
138.88,23.118368,60.6901,2,TASC
138.89,23.118536,60.6597,2,TASC
138.9,23.118705,60.6293,2,TASC
138.91,23.118873,60.599,2,TASC
138.92,23.119041,60.5686,2,TASC
138.93,23.119209,60.5382,2,TASC
138.94,23.119377,60.5079,2,TASC
138.95,23.119545,60.4775,2,TASC
138.96,23.119713,60.4471,2,TASC
138.97,23.119881,60.4168,2,TASC
138.98,23.120049,60.3864,2,TASC
138.99,23.120216,60.356,2,TASC
139.0,23.120384,60.3257,2,TASC
139.01,23.120552,60.2953,2,TASC
139.02,23.120719,60.2649,2,TASC
139.03,23.120886,60.2346,2,TASC
139.04,23.121053,60.2042,2,TASC
139.05,23.121221,60.1739,2,TASC
139.06,23.121388,60.1435,2,TASC
139.07,23.121555,60.1132,2,TASC
139.08,23.121722,60.0828,2,TASC
139.09,23.121888,60.0525,2,TASC
139.1,23.122055,60.0221,2,TASC
139.11,23.122222,59.9918,2,TASC
139.12,23.122388,59.9614,2,TASC
139.13,23.122555,59.9311,2,TASC
139.14,23.122721,59.9007,2,TASC
139.15,23.122888,59.8704,2,TASC
139.16,23.123054,59.84,2,TASC
139.17,23.12322,59.8097,2,TASC
139.18,23.123386,59.7793,2,TASC
139.19,23.123552,59.749,2,TASC
139.2,23.123718,59.7186,2,TASC
139.21,23.123884,59.6883,2,TASC
139.22,23.124049,59.658,2,TASC
139.23,23.124215,59.6276,2,TASC
139.24,23.12438,59.5973,2,TASC
139.25,23.124546,59.5669,2,TASC
139.26,23.124711,59.5366,2,TASC
139.27,23.124877,59.5063,2,TASC
139.28,23.125042,59.4759,2,TASC
139.29,23.125207,59.4456,2,TASC
139.3,23.125372,59.4153,2,TASC
139.31,23.125537,59.3849,2,TASC
139.32,23.125702,59.3546,2,TASC
139.33,23.125867,59.3243,2,TASC
139.34,23.126031,59.294,2,TASC
139.35,23.126196,59.2636,2,TASC
139.36,23.12636,59.2333,2,TASC
139.37,23.126525,59.203,2,TASC
139.38,23.126689,59.1727,2,TASC
139.39,23.126854,59.1423,2,TASC
139.4,23.127018,59.112,2,TASC
139.41,23.127182,59.0817,2,TASC
139.42,23.127346,59.0514,2,TASC
139.43,23.12751,59.0211,2,TASC
139.44,23.127674,58.9907,2,TASC
139.45,23.127838,58.9604,2,TASC
139.46,23.128001,58.9301,2,TASC
139.47,23.128165,58.8998,2,TASC
139.48,23.128328,58.8695,2,TASC
139.49,23.128492,58.8392,2,TASC
139.5,23.128655,58.8089,2,TASC
139.51,23.128818,58.7785,2,TASC
139.52,23.128982,58.7482,2,TASC
139.53,23.129145,58.7179,2,TASC
139.54,23.129308,58.6876,2,TASC
139.55,23.129471,58.6573,2,TASC
139.56,23.129634,58.627,2,TASC
139.57,23.129796,58.5967,2,TASC
139.58,23.129959,58.5664,2,TASC
139.59,23.130122,58.5361,2,TASC
139.6,23.130284,58.5058,2,TASC
139.61,23.130447,58.4755,2,TASC
139.62,23.130609,58.4452,2,TASC
139.63,23.130771,58.4149,2,TASC
139.64,23.130933,58.3846,2,TASC
139.65,23.131095,58.3543,2,TASC
139.66,23.131257,58.324,2,TASC
139.67,23.131419,58.2937,2,TASC
139.68,23.131581,58.2634,2,TASC
139.69,23.131743,58.2331,2,TASC
139.7,23.131905,58.2028,2,TASC
139.71,23.132066,58.1726,2,TASC
139.72,23.132228,58.1423,2,TASC
139.73,23.132389,58.112,2,TASC
139.74,23.13255,58.0817,2,TASC
139.75,23.132712,58.0514,2,TASC
139.76,23.132873,58.0211,2,TASC
139.77,23.133034,57.9908,2,TASC
139.78,23.133195,57.9606,2,TASC
139.79,23.133356,57.9303,2,TASC
139.8,23.133517,57.9,2,TASC
139.81,23.133677,57.8697,2,TASC
139.82,23.133838,57.8394,2,TASC
139.83,23.133999,57.8092,2,TASC
139.84,23.134159,57.7789,2,TASC
139.85,23.13432,57.7486,2,TASC
139.86,23.13448,57.7183,2,TASC
139.87,23.13464,57.6881,2,TASC
139.88,23.1348,57.6578,2,TASC
139.89,23.13496,57.6275,2,TASC
139.9,23.13512,57.5972,2,TASC
139.91,23.13528,57.567,2,TASC
139.92,23.13544,57.5367,2,TASC
139.93,23.1356,57.5064,2,TASC
139.94,23.13576,57.4762,2,TASC
139.95,23.135919,57.4459,2,TASC
139.96,23.136079,57.4156,2,TASC
139.97,23.136238,57.3854,2,TASC
139.98,23.136397,57.3551,2,TASC
139.99,23.136557,57.3248,2,TASC
140.0,23.136716,57.2946,2,TASC
140.01,23.136875,57.2643,2,TASC
140.02,23.137034,57.2341,2,TASC
140.03,23.137193,57.2038,2,TASC
140.04,23.137352,57.1735,2,TASC
140.05,23.13751,57.1433,2,TASC
140.06,23.137669,57.113,2,TASC
140.07,23.137827,57.0828,2,TASC
140.08,23.137986,57.0525,2,TASC
140.09,23.138144,57.0223,2,TASC
140.1,23.138303,56.992,2,TASC
140.11,23.138461,56.9618,2,TASC
140.12,23.138619,56.9315,2,TASC
140.13,23.138777,56.9013,2,TASC
140.14,23.138935,56.871,2,TASC
140.15,23.139093,56.8408,2,TASC
140.16,23.139251,56.8105,2,TASC
140.17,23.139408,56.7803,2,TASC
140.18,23.139566,56.7501,2,TASC
140.19,23.139724,56.7198,2,TASC
140.2,23.139881,56.6896,2,TASC
140.21,23.140039,56.6593,2,TASC
140.22,23.140196,56.6291,2,TASC
140.23,23.140353,56.5989,2,TASC
140.24,23.14051,56.5686,2,TASC
140.25,23.140667,56.5384,2,TASC
140.26,23.140824,56.5082,2,TASC
140.27,23.140981,56.4779,2,TASC
140.28,23.141138,56.4477,2,TASC
140.29,23.141295,56.4175,2,TASC
140.3,23.141451,56.3872,2,TASC
140.31,23.141608,56.357,2,TASC
140.32,23.141764,56.3268,2,TASC
140.33,23.141921,56.2965,2,TASC
140.34,23.142077,56.2663,2,TASC
140.35,23.142233,56.2361,2,TASC
140.36,23.142389,56.2059,2,TASC
140.37,23.142545,56.1756,2,TASC
140.38,23.142701,56.1454,2,TASC
140.39,23.142857,56.1152,2,TASC
140.4,23.143013,56.085,2,TASC
140.41,23.143169,56.0547,2,TASC
140.42,23.143324,56.0245,2,TASC
140.43,23.14348,55.9943,2,TASC
140.44,23.143635,55.9641,2,TASC
140.45,23.143791,55.9339,2,TASC
140.46,23.143946,55.9037,0,TASC
140.47,23.144101,55.8984,2,TASC
140.48,23.144256,55.8682,2,TASC
140.49,23.144411,55.838,2,TASC
140.5,23.144567,55.8078,2,TASC
140.51,23.144721,55.7776,2,TASC
140.52,23.144876,55.7474,2,TASC
140.53,23.145031,55.7172,2,TASC
140.54,23.145186,55.687,2,TASC
140.55,23.14534,55.6568,2,TASC
140.56,23.145495,55.6266,2,TASC
140.57,23.145649,55.5963,2,TASC
140.58,23.145804,55.5661,2,TASC
140.59,23.145958,55.5359,2,TASC
140.6,23.146112,55.5057,2,TASC
140.61,23.146266,55.4755,2,TASC
140.62,23.14642,55.4453,2,TASC
140.63,23.146574,55.4151,2,TASC
140.64,23.146728,55.3849,2,TASC
140.65,23.146882,55.3547,2,TASC
140.66,23.147035,55.3245,2,TASC
140.67,23.147189,55.2943,2,TASC
140.68,23.147343,55.2642,2,TASC
140.69,23.147496,55.234,2,TASC
140.7,23.147649,55.2038,2,TASC
140.71,23.147803,55.1736,2,TASC
140.72,23.147956,55.1434,2,TASC
140.73,23.148109,55.1132,2,TASC
140.74,23.148262,55.083,2,TASC
140.75,23.148415,55.0528,2,TASC
140.76,23.148568,55.0226,2,TASC
140.77,23.14872,54.9924,2,TASC
140.78,23.148873,54.9623,2,TASC
140.79,23.149026,54.9321,2,TASC
140.8,23.149178,54.9019,2,TASC
140.81,23.149331,54.8717,2,TASC
140.82,23.149483,54.8415,2,TASC
140.83,23.149635,54.8113,2,TASC
140.84,23.149787,54.7812,2,TASC
140.85,23.149939,54.751,2,TASC
140.86,23.150091,54.7208,2,TASC
140.87,23.150243,54.6906,2,TASC
140.88,23.150395,54.6605,2,TASC
140.89,23.150547,54.6303,2,TASC
140.9,23.150699,54.6001,2,TASC
140.91,23.15085,54.5699,2,TASC
140.92,23.151002,54.5398,2,TASC
140.93,23.151153,54.5096,2,TASC
140.94,23.151304,54.4794,2,TASC
140.95,23.151456,54.4493,2,TASC
140.96,23.151607,54.4191,2,TASC
140.97,23.151758,54.3889,2,TASC
140.98,23.151909,54.3588,2,TASC
140.99,23.15206,54.3286,2,TASC
141.0,23.152211,54.2984,2,TASC
141.01,23.152361,54.2683,2,TASC
141.02,23.152512,54.2381,2,TASC
141.03,23.152663,54.2079,2,TASC
141.04,23.152813,54.1778,2,TASC
141.05,23.152964,54.1476,2,TASC
141.06,23.153114,54.1175,2,TASC
141.07,23.153264,54.0873,2,TASC
141.08,23.153414,54.0572,2,TASC
141.09,23.153564,54.027,2,TASC
141.1,23.153714,53.9968,2,TASC
141.11,23.153864,53.9667,2,TASC
141.12,23.154014,53.9365,2,TASC
141.13,23.154164,53.9064,2,TASC
141.14,23.154313,53.8762,2,TASC
141.15,23.154463,53.8461,2,TASC
141.16,23.154613,53.8159,2,TASC
141.17,23.154762,53.7858,2,TASC
141.18,23.154911,53.7556,2,TASC
141.19,23.15506,53.7255,2,TASC
141.2,23.15521,53.6954,2,TASC
141.21,23.155359,53.6652,2,TASC
141.22,23.155508,53.6351,2,TASC
141.23,23.155657,53.6049,2,TASC
141.24,23.155805,53.5748,2,TASC
141.25,23.155954,53.5446,2,TASC
141.26,23.156103,53.5145,2,TASC
141.27,23.156251,53.4844,2,TASC
141.28,23.1564,53.4542,2,TASC
141.29,23.156548,53.4241,2,TASC
141.3,23.156697,53.394,2,TASC
141.31,23.156845,53.3638,2,TASC
141.32,23.156993,53.3337,2,TASC
141.33,23.157141,53.3036,2,TASC
141.34,23.157289,53.2734,2,TASC
141.35,23.157437,53.2433,2,TASC
141.36,23.157585,53.2132,2,TASC
141.37,23.157732,53.183,2,TASC
141.38,23.15788,53.1529,2,TASC
141.39,23.158028,53.1228,2,TASC
141.4,23.158175,53.0927,2,TASC
141.41,23.158323,53.0625,2,TASC
141.42,23.15847,53.0324,2,TASC
141.43,23.158617,53.0023,2,TASC
141.44,23.158764,52.9722,2,TASC
141.45,23.158911,52.942,2,TASC
141.46,23.159058,52.9119,2,TASC
141.47,23.159205,52.8818,2,TASC
141.48,23.159352,52.8517,2,TASC
141.49,23.159499,52.8216,2,TASC
141.5,23.159645,52.7914,2,TASC
141.51,23.159792,52.7613,2,TASC
141.52,23.159938,52.7312,2,TASC
141.53,23.160085,52.7011,2,TASC
141.54,23.160231,52.671,2,TASC
141.55,23.160377,52.6409,2,TASC
141.56,23.160523,52.6108,2,TASC
141.57,23.160669,52.5807,2,TASC
141.58,23.160815,52.5505,2,TASC
141.59,23.160961,52.5204,2,TASC
141.6,23.161107,52.4903,2,TASC
141.61,23.161253,52.4602,2,TASC
141.62,23.161399,52.4301,2,TASC
141.63,23.161544,52.4,2,TASC
141.64,23.16169,52.3699,2,TASC
141.65,23.161835,52.3398,2,TASC
141.66,23.16198,52.3097,2,TASC
141.67,23.162125,52.2796,2,TASC
141.68,23.162271,52.2495,2,TASC
141.69,23.162416,52.2194,2,TASC
141.7,23.162561,52.1893,2,TASC
141.71,23.162705,52.1592,2,TASC
141.72,23.16285,52.1291,2,TASC
141.73,23.162995,52.099,2,TASC
141.74,23.16314,52.0689,2,TASC
141.75,23.163284,52.0388,2,TASC
141.76,23.163429,52.0087,2,TASC
141.77,23.163573,51.9786,2,TASC
141.78,23.163717,51.9486,2,TASC
141.79,23.163862,51.9185,2,TASC
141.8,23.164006,51.8884,2,TASC
141.81,23.16415,51.8583,2,TASC
141.82,23.164294,51.8282,2,TASC
141.83,23.164438,51.7981,2,TASC
141.84,23.164581,51.768,2,TASC
141.85,23.164725,51.7379,2,TASC
141.86,23.164869,51.7079,2,TASC
141.87,23.165012,51.6778,2,TASC
141.88,23.165156,51.6477,2,TASC
141.89,23.165299,51.6176,2,TASC
141.9,23.165442,51.5875,2,TASC
141.91,23.165586,51.5575,2,TASC
141.92,23.165729,51.5274,2,TASC
141.93,23.165872,51.4973,2,TASC
141.94,23.166015,51.4672,2,TASC
141.95,23.166158,51.4372,2,TASC
141.96,23.166301,51.4071,2,TASC
141.97,23.166443,51.377,2,TASC
141.98,23.166586,51.3469,2,TASC
141.99,23.166728,51.3169,2,TASC
142.0,23.166871,51.2868,2,TASC
142.01,23.167013,51.2567,2,TASC
142.02,23.167156,51.2267,2,TASC
142.03,23.167298,51.1966,2,TASC
142.04,23.16744,51.1665,2,TASC
142.05,23.167582,51.1365,2,TASC
142.06,23.167724,51.1064,2,TASC
142.07,23.167866,51.0763,2,TASC
142.08,23.168008,51.0463,2,TASC
142.09,23.168149,51.0162,2,TASC
142.1,23.168291,50.9861,2,TASC
142.11,23.168432,50.9561,2,TASC
142.12,23.168574,50.926,2,TASC
142.13,23.168715,50.896,2,TASC
142.14,23.168857,50.8659,2,TASC
142.15,23.168998,50.8358,2,TASC
142.16,23.169139,50.8058,2,TASC
142.17,23.16928,50.7757,2,TASC
142.18,23.169421,50.7457,2,TASC
142.19,23.169562,50.7156,2,TASC
142.2,23.169703,50.6856,2,TASC
142.21,23.169843,50.6555,2,TASC
142.22,23.169984,50.6255,2,TASC
142.23,23.170124,50.5954,2,TASC
142.24,23.170265,50.5654,2,TASC
142.25,23.170405,50.5353,2,TASC
142.26,23.170546,50.5053,2,TASC
142.27,23.170686,50.4752,2,TASC
142.28,23.170826,50.4452,2,TASC
142.29,23.170966,50.4151,2,TASC
142.3,23.171106,50.3851,2,TASC
142.31,23.171246,50.3551,2,TASC
142.32,23.171386,50.325,2,TASC
142.33,23.171525,50.295,2,TASC
142.34,23.171665,50.2649,2,TASC
142.35,23.171804,50.2349,2,TASC
142.36,23.171944,50.2049,2,TASC
142.37,23.172083,50.1748,2,TASC
142.38,23.172223,50.1448,2,TASC
142.39,23.172362,50.1147,2,TASC
142.4,23.172501,50.0847,2,TASC
142.41,23.17264,50.0547,2,TASC
142.42,23.172779,50.0246,2,TASC
142.43,23.172918,49.9946,2,TASC
142.44,23.173057,49.9646,2,TASC
142.45,23.173195,49.9346,2,TASC
142.46,23.173334,49.9045,2,TASC
142.47,23.173472,49.8745,2,TASC
142.48,23.173611,49.8445,2,TASC
142.49,23.173749,49.8144,2,TASC
142.5,23.173888,49.7844,2,TASC
142.51,23.174026,49.7544,2,TASC
142.52,23.174164,49.7244,2,TASC
142.53,23.174302,49.6943,2,TASC
142.54,23.17444,49.6643,2,TASC
142.55,23.174578,49.6343,2,TASC
142.56,23.174716,49.6043,2,TASC
142.57,23.174853,49.5743,2,TASC
142.58,23.174991,49.5442,2,TASC
142.59,23.175128,49.5142,2,TASC
142.6,23.175266,49.4842,2,TASC
142.61,23.175403,49.4542,2,TASC
142.62,23.175541,49.4242,2,TASC
142.63,23.175678,49.3942,2,TASC
142.64,23.175815,49.3642,2,TASC
142.65,23.175952,49.3341,2,TASC
142.66,23.176089,49.3041,2,TASC
142.67,23.176226,49.2741,2,TASC
142.68,23.176363,49.2441,2,TASC
142.69,23.176499,49.2141,2,TASC
142.7,23.176636,49.1841,2,TASC
142.71,23.176772,49.1541,2,TASC
142.72,23.176909,49.1241,2,TASC
142.73,23.177045,49.0941,2,TASC
142.74,23.177182,49.0641,2,TASC
142.75,23.177318,49.0341,2,TASC
142.76,23.177454,49.0041,2,TASC
142.77,23.17759,48.9741,2,TASC
142.78,23.177726,48.9441,2,TASC
142.79,23.177862,48.9141,2,TASC
142.8,23.177998,48.8841,2,TASC
142.81,23.178133,48.8541,2,TASC
142.82,23.178269,48.8241,2,TASC
142.83,23.178404,48.7941,2,TASC
142.84,23.17854,48.7641,2,TASC
142.85,23.178675,48.7341,2,TASC
142.86,23.17881,48.7041,2,TASC
142.87,23.178946,48.6741,2,TASC
142.88,23.179081,48.6441,2,TASC
142.89,23.179216,48.6141,2,TASC
142.9,23.179351,48.5841,2,TASC
142.91,23.179486,48.5541,2,TASC
142.92,23.17962,48.5242,2,TASC
142.93,23.179755,48.4942,2,TASC
142.94,23.17989,48.4642,2,TASC
142.95,23.180024,48.4342,2,TASC
142.96,23.180159,48.4042,2,TASC
142.97,23.180293,48.3742,2,TASC
142.98,23.180427,48.3442,2,TASC
142.99,23.180562,48.3143,2,TASC
143.0,23.180696,48.2843,2,TASC
143.01,23.18083,48.2543,2,TASC
143.02,23.180964,48.2243,2,TASC
143.03,23.181098,48.1943,2,TASC
143.04,23.181231,48.1644,2,TASC
143.05,23.181365,48.1344,2,TASC
143.06,23.181499,48.1044,2,TASC
143.07,23.181632,48.0744,2,TASC
143.08,23.181766,48.0445,2,TASC
143.09,23.181899,48.0145,2,TASC
143.1,23.182032,47.9845,2,TASC
143.11,23.182166,47.9545,2,TASC
143.12,23.182299,47.9246,2,TASC
143.13,23.182432,47.8946,2,TASC
143.14,23.182565,47.8646,2,TASC
143.15,23.182698,47.8347,2,TASC
143.16,23.18283,47.8047,2,TASC
143.17,23.182963,47.7747,2,TASC
143.18,23.183096,47.7448,2,TASC
143.19,23.183228,47.7148,2,TASC
143.2,23.183361,47.6848,2,TASC
143.21,23.183493,47.6549,2,TASC
143.22,23.183625,47.6249,2,TASC
143.23,23.183758,47.5949,2,TASC
143.24,23.18389,47.565,2,TASC
143.25,23.184022,47.535,2,TASC
143.26,23.184154,47.5051,2,TASC
143.27,23.184286,47.4751,2,TASC
143.28,23.184417,47.4452,2,TASC
143.29,23.184549,47.4152,2,TASC
143.3,23.184681,47.3852,2,TASC
143.31,23.184812,47.3553,2,TASC
143.32,23.184944,47.3253,2,TASC
143.33,23.185075,47.2954,2,TASC
143.34,23.185206,47.2654,2,TASC
143.35,23.185338,47.2355,2,TASC
143.36,23.185469,47.2055,2,TASC
143.37,23.1856,47.1756,2,TASC
143.38,23.185731,47.1456,2,TASC
143.39,23.185862,47.1157,2,TASC
143.4,23.185992,47.0857,2,TASC
143.41,23.186123,47.0558,2,TASC
143.42,23.186254,47.0258,2,TASC
143.43,23.186384,46.9959,2,TASC
143.44,23.186515,46.966,2,TASC
143.45,23.186645,46.936,2,TASC
143.46,23.186775,46.9061,2,TASC
143.47,23.186906,46.8761,2,TASC
143.48,23.187036,46.8462,2,TASC
143.49,23.187166,46.8162,2,TASC
143.5,23.187296,46.7863,2,TASC
143.51,23.187426,46.7564,2,TASC
143.52,23.187555,46.7264,2,TASC
143.53,23.187685,46.6965,2,TASC
143.54,23.187815,46.6666,2,TASC
143.55,23.187944,46.6366,2,TASC
143.56,23.188074,46.6067,2,TASC
143.57,23.188203,46.5768,2,TASC
143.58,23.188333,46.5468,2,TASC
143.59,23.188462,46.5169,2,TASC
143.6,23.188591,46.487,2,TASC
143.61,23.18872,46.457,2,TASC
143.62,23.188849,46.4271,2,TASC
143.63,23.188978,46.3972,2,TASC
143.64,23.189107,46.3673,2,TASC
143.65,23.189235,46.3373,2,TASC
143.66,23.189364,46.3074,2,TASC
143.67,23.189492,46.2775,2,TASC
143.68,23.189621,46.2476,2,TASC
143.69,23.189749,46.2176,2,TASC
143.7,23.189878,46.1877,2,TASC
143.71,23.190006,46.1578,2,TASC
143.72,23.190134,46.1279,2,TASC
143.73,23.190262,46.098,2,TASC
143.74,23.19039,46.068,2,TASC
143.75,23.190518,46.0381,2,TASC
143.76,23.190646,46.0082,2,TASC
143.77,23.190773,45.9783,2,TASC
143.78,23.190901,45.9484,2,TASC
143.79,23.191029,45.9185,2,TASC
143.8,23.191156,45.8886,2,TASC
143.81,23.191283,45.8586,2,TASC
143.82,23.191411,45.8287,2,TASC
143.83,23.191538,45.7988,2,TASC
143.84,23.191665,45.7689,2,TASC
143.85,23.191792,45.739,2,TASC
143.86,23.191919,45.7091,2,TASC
143.87,23.192046,45.6792,2,TASC
143.88,23.192173,45.6493,2,TASC
143.89,23.192299,45.6194,2,TASC
143.9,23.192426,45.5895,2,TASC
143.91,23.192553,45.5596,2,TASC
143.92,23.192679,45.5297,2,TASC
143.93,23.192806,45.4998,2,TASC
143.94,23.192932,45.4699,2,TASC
143.95,23.193058,45.44,2,TASC
143.96,23.193184,45.4101,2,TASC
143.97,23.19331,45.3802,2,TASC
143.98,23.193436,45.3503,2,TASC
143.99,23.193562,45.3204,2,TASC
144.0,23.193688,45.2905,2,TASC
144.01,23.193814,45.2606,2,TASC
144.02,23.193939,45.2307,2,TASC
144.03,23.194065,45.2008,2,TASC
144.04,23.19419,45.1709,2,TASC
144.05,23.194316,45.141,2,TASC
144.06,23.194441,45.1111,2,TASC
144.07,23.194566,45.0812,2,TASC
144.08,23.194691,45.0513,2,TASC
144.09,23.194816,45.0214,2,TASC
144.1,23.194941,44.9915,2,TASC
144.11,23.195066,44.9617,2,TASC
144.12,23.195191,44.9318,2,TASC
144.13,23.195316,44.9019,2,TASC
144.14,23.195441,44.872,2,TASC
144.15,23.195565,44.8421,2,TASC
144.16,23.19569,44.8122,2,TASC
144.17,23.195814,44.7824,2,TASC
144.18,23.195938,44.7525,2,TASC
144.19,23.196062,44.7226,2,TASC
144.2,23.196187,44.6927,2,TASC
144.21,23.196311,44.6628,2,TASC
144.22,23.196435,44.633,2,TASC
144.23,23.196559,44.6031,2,TASC
144.24,23.196682,44.5732,2,TASC
144.25,23.196806,44.5433,2,TASC
144.26,23.19693,44.5135,2,TASC
144.27,23.197053,44.4836,2,TASC
144.28,23.197177,44.4537,2,TASC
144.29,23.1973,44.4238,2,TASC
144.3,23.197424,44.394,2,TASC
144.31,23.197547,44.3641,2,TASC
144.32,23.19767,44.3342,2,TASC
144.33,23.197793,44.3043,2,TASC
144.34,23.197916,44.2745,2,TASC
144.35,23.198039,44.2446,2,TASC
144.36,23.198162,44.2147,2,TASC
144.37,23.198284,44.1849,2,TASC
144.38,23.198407,44.155,2,TASC
144.39,23.19853,44.1252,2,TASC
144.4,23.198652,44.0953,2,TASC
144.41,23.198775,44.0654,2,TASC
144.42,23.198897,44.0356,2,TASC
144.43,23.199019,44.0057,2,TASC
144.44,23.199141,43.9758,2,TASC
144.45,23.199263,43.946,2,TASC
144.46,23.199385,43.9161,2,TASC
144.47,23.199507,43.8863,2,TASC
144.48,23.199629,43.8564,2,TASC
144.49,23.199751,43.8266,2,TASC
144.5,23.199872,43.7967,2,TASC
144.51,23.199994,43.7668,2,TASC
144.52,23.200116,43.737,2,TASC
144.53,23.200237,43.7071,2,TASC
144.54,23.200358,43.6773,2,TASC
144.55,23.200479,43.6474,2,TASC
144.56,23.200601,43.6176,2,TASC
144.57,23.200722,43.5877,2,TASC
144.58,23.200843,43.5579,2,TASC
144.59,23.200964,43.528,2,TASC
144.6,23.201084,43.4982,2,TASC
144.61,23.201205,43.4683,2,TASC
144.62,23.201326,43.4385,2,TASC
144.63,23.201446,43.4086,2,TASC
144.64,23.201567,43.3788,2,TASC
144.65,23.201687,43.349,2,TASC
144.66,23.201808,43.3191,2,TASC
144.67,23.201928,43.2893,2,TASC
144.68,23.202048,43.2594,2,TASC
144.69,23.202168,43.2296,2,TASC
144.7,23.202288,43.1998,2,TASC
144.71,23.202408,43.1699,2,TASC
144.72,23.202528,43.1401,2,TASC
144.73,23.202648,43.1102,2,TASC
144.74,23.202767,43.0804,2,TASC
144.75,23.202887,43.0506,2,TASC
144.76,23.203006,43.0207,2,TASC
144.77,23.203126,42.9909,2,TASC
144.78,23.203245,42.9611,2,TASC
144.79,23.203364,42.9312,2,TASC
144.8,23.203484,42.9014,2,TASC
144.81,23.203603,42.8716,2,TASC
144.82,23.203722,42.8417,2,TASC
144.83,23.203841,42.8119,2,TASC
144.84,23.203959,42.7821,2,TASC
144.85,23.204078,42.7523,2,TASC
144.86,23.204197,42.7224,2,TASC
144.87,23.204315,42.6926,2,TASC
144.88,23.204434,42.6628,2,TASC
144.89,23.204552,42.633,2,TASC
144.9,23.204671,42.6031,2,TASC
144.91,23.204789,42.5733,2,TASC
144.92,23.204907,42.5435,2,TASC
144.93,23.205025,42.5137,2,TASC
144.94,23.205143,42.4839,2,TASC
144.95,23.205261,42.454,2,TASC
144.96,23.205379,42.4242,2,TASC
144.97,23.205497,42.3944,2,TASC
144.98,23.205615,42.3646,2,TASC
144.99,23.205732,42.3348,2,TASC
145.0,23.20585,42.3049,2,TASC
145.01,23.205967,42.2751,2,TASC
145.02,23.206084,42.2453,2,TASC
145.03,23.206202,42.2155,2,TASC
145.04,23.206319,42.1857,2,TASC
145.05,23.206436,42.1559,2,TASC
145.06,23.206553,42.1261,2,TASC
145.07,23.20667,42.0963,2,TASC
145.08,23.206787,42.0665,2,TASC
145.09,23.206904,42.0366,2,TASC
145.1,23.20702,42.0068,2,TASC
145.11,23.207137,41.977,2,TASC
145.12,23.207253,41.9472,2,TASC
145.13,23.20737,41.9174,2,TASC
145.14,23.207486,41.8876,2,TASC
145.15,23.207602,41.8578,2,TASC
145.16,23.207719,41.828,2,TASC
145.17,23.207835,41.7982,2,TASC
145.18,23.207951,41.7684,2,TASC
145.19,23.208067,41.7386,2,TASC
145.2,23.208183,41.7088,2,TASC
145.21,23.208298,41.679,2,TASC
145.22,23.208414,41.6492,2,TASC
145.23,23.20853,41.6194,2,TASC
145.24,23.208645,41.5896,2,TASC
145.25,23.208761,41.5598,2,TASC
145.26,23.208876,41.53,2,TASC
145.27,23.208991,41.5002,2,TASC
145.28,23.209106,41.4704,2,TASC
145.29,23.209222,41.4406,2,TASC
145.3,23.209337,41.4108,2,TASC
145.31,23.209451,41.3811,2,TASC
145.32,23.209566,41.3513,2,TASC
145.33,23.209681,41.3215,2,TASC
145.34,23.209796,41.2917,2,TASC
145.35,23.20991,41.2619,2,TASC
145.36,23.210025,41.2321,2,TASC
145.37,23.210139,41.2023,2,TASC
145.38,23.210254,41.1725,2,TASC
145.39,23.210368,41.1428,2,TASC
145.4,23.210482,41.113,2,TASC
145.41,23.210596,41.0832,2,TASC
145.42,23.21071,41.0534,2,TASC
145.43,23.210824,41.0236,2,TASC
145.44,23.210938,40.9938,2,TASC
145.45,23.211052,40.9641,2,TASC
145.46,23.211166,40.9343,2,TASC
145.47,23.211279,40.9045,2,TASC
145.48,23.211393,40.8747,2,TASC
145.49,23.211506,40.8449,2,TASC
145.5,23.21162,40.8152,2,TASC
145.51,23.211733,40.7854,2,TASC
145.52,23.211846,40.7556,2,TASC
145.53,23.211959,40.7258,2,TASC
145.54,23.212072,40.6961,2,TASC
145.55,23.212185,40.6663,2,TASC
145.56,23.212298,40.6365,2,TASC
145.57,23.212411,40.6068,2,TASC
145.58,23.212524,40.577,2,TASC
145.59,23.212636,40.5472,2,TASC
145.6,23.212749,40.5174,2,TASC
145.61,23.212861,40.4877,2,TASC
145.62,23.212974,40.4579,2,TASC
145.63,23.213086,40.4281,2,TASC
145.64,23.213198,40.3984,2,TASC
145.65,23.21331,40.3686,2,TASC
145.66,23.213423,40.3388,2,TASC
145.67,23.213534,40.3091,2,TASC
145.68,23.213646,40.2793,2,TASC
145.69,23.213758,40.2496,2,TASC
145.7,23.21387,40.2198,2,TASC
145.71,23.213982,40.19,2,TASC
145.72,23.214093,40.1603,2,TASC
145.73,23.214205,40.1305,2,TASC
145.74,23.214316,40.1008,2,TASC
145.75,23.214427,40.071,2,TASC
145.76,23.214539,40.0412,2,TASC
145.77,23.21465,40.0115,2,TASC
145.78,23.214761,39.9817,2,TASC
145.79,23.214872,39.952,2,TASC
145.8,23.214983,39.9222,2,TASC
145.81,23.215093,39.8925,2,TASC
145.82,23.215204,39.8627,2,TASC
145.83,23.215315,39.833,2,TASC
145.84,23.215425,39.8032,2,TASC
145.85,23.215536,39.7735,2,TASC
145.86,23.215646,39.7437,2,TASC
145.87,23.215757,39.714,2,TASC
145.88,23.215867,39.6842,2,TASC
145.89,23.215977,39.6545,2,TASC
145.9,23.216087,39.6247,2,TASC
145.91,23.216197,39.595,2,TASC
145.92,23.216307,39.5652,2,TASC
145.93,23.216417,39.5355,2,TASC
145.94,23.216526,39.5057,2,TASC
145.95,23.216636,39.476,2,TASC
145.96,23.216746,39.4463,2,TASC
145.97,23.216855,39.4165,2,TASC
145.98,23.216965,39.3868,2,TASC
145.99,23.217074,39.357,2,TASC
146.0,23.217183,39.3273,2,TASC
146.01,23.217292,39.2976,2,TASC
146.02,23.217401,39.2678,2,TASC
146.03,23.21751,39.2381,2,TASC
146.04,23.217619,39.2084,2,TASC
146.05,23.217728,39.1786,2,TASC
146.06,23.217837,39.1489,2,TASC
146.07,23.217946,39.1192,2,TASC
146.08,23.218054,39.0894,2,TASC
146.09,23.218163,39.0597,2,TASC
146.1,23.218271,39.03,2,TASC
146.11,23.218379,39.0002,2,TASC
146.12,23.218488,38.9705,2,TASC
146.13,23.218596,38.9408,2,TASC
146.14,23.218704,38.911,2,TASC
146.15,23.218812,38.8813,2,TASC
146.16,23.21892,38.8516,2,TASC
146.17,23.219028,38.8219,2,TASC
146.18,23.219135,38.7921,2,TASC
146.19,23.219243,38.7624,2,TASC
146.2,23.219351,38.7327,2,TASC
146.21,23.219458,38.703,2,TASC
146.22,23.219566,38.6732,2,TASC
146.23,23.219673,38.6435,2,TASC
146.24,23.21978,38.6138,2,TASC
146.25,23.219887,38.5841,2,TASC
146.26,23.219994,38.5544,2,TASC
146.27,23.220101,38.5246,2,TASC
146.28,23.220208,38.4949,2,TASC
146.29,23.220315,38.4652,2,TASC
146.3,23.220422,38.4355,2,TASC
146.31,23.220529,38.4058,2,TASC
146.32,23.220635,38.3761,2,TASC
146.33,23.220742,38.3463,2,TASC
146.34,23.220848,38.3166,2,TASC
146.35,23.220955,38.2869,2,TASC
146.36,23.221061,38.2572,2,TASC
146.37,23.221167,38.2275,2,TASC
146.38,23.221273,38.1978,2,TASC
146.39,23.221379,38.1681,2,TASC
146.4,23.221485,38.1384,2,TASC
146.41,23.221591,38.1086,2,TASC
146.42,23.221697,38.0789,2,TASC
146.43,23.221802,38.0492,2,TASC
146.44,23.221908,38.0195,2,TASC
146.45,23.222014,37.9898,2,TASC
146.46,23.222119,37.9601,2,TASC
146.47,23.222224,37.9304,2,TASC
146.48,23.22233,37.9007,2,TASC
146.49,23.222435,37.871,2,TASC
146.5,23.22254,37.8413,2,TASC
146.51,23.222645,37.8116,2,TASC
146.52,23.22275,37.7819,2,TASC
146.53,23.222855,37.7522,2,TASC
146.54,23.22296,37.7225,2,TASC
146.55,23.223064,37.6928,2,TASC
146.56,23.223169,37.6631,2,TASC
146.57,23.223273,37.6334,2,TASC
146.58,23.223378,37.6037,2,TASC
146.59,23.223482,37.574,2,TASC
146.6,23.223587,37.5443,2,TASC
146.61,23.223691,37.5146,2,TASC
146.62,23.223795,37.4849,2,TASC
146.63,23.223899,37.4552,2,TASC
146.64,23.224003,37.4256,2,TASC
146.65,23.224107,37.3959,2,TASC
146.66,23.224211,37.3662,2,TASC
146.67,23.224314,37.3365,2,TASC
146.68,23.224418,37.3068,2,TASC
146.69,23.224521,37.2771,2,TASC
146.7,23.224625,37.2474,2,TASC
146.71,23.224728,37.2177,2,TASC
146.72,23.224832,37.188,2,TASC
146.73,23.224935,37.1584,2,TASC
146.74,23.225038,37.1287,2,TASC
146.75,23.225141,37.099,2,TASC
146.76,23.225244,37.0693,2,TASC
146.77,23.225347,37.0396,2,TASC
146.78,23.22545,37.0099,2,TASC
146.79,23.225552,36.9803,2,TASC
146.8,23.225655,36.9506,2,TASC
146.81,23.225758,36.9209,2,TASC
146.82,23.22586,36.8912,2,TASC
146.83,23.225962,36.8615,2,TASC
146.84,23.226065,36.8319,2,TASC
146.85,23.226167,36.8022,2,TASC
146.86,23.226269,36.7725,2,TASC
146.87,23.226371,36.7428,2,TASC
146.88,23.226473,36.7132,2,TASC
146.89,23.226575,36.6835,2,TASC
146.9,23.226677,36.6538,2,TASC
146.91,23.226779,36.6241,2,TASC
146.92,23.22688,36.5945,2,TASC
146.93,23.226982,36.5648,2,TASC
146.94,23.227083,36.5351,2,TASC
146.95,23.227185,36.5055,2,TASC
146.96,23.227286,36.4758,2,TASC
146.97,23.227387,36.4461,2,TASC
146.98,23.227488,36.4165,2,TASC
146.99,23.22759,36.3868,2,TASC
147.0,23.227691,36.3571,2,TASC
147.01,23.227791,36.3275,2,TASC
147.02,23.227892,36.2978,2,TASC
147.03,23.227993,36.2681,2,TASC
147.04,23.228094,36.2385,2,TASC
147.05,23.228194,36.2088,2,TASC
147.06,23.228295,36.1791,2,TASC
147.07,23.228395,36.1495,2,TASC
147.08,23.228496,36.1198,2,TASC
147.09,23.228596,36.0902,2,TASC
147.1,23.228696,36.0605,2,TASC
147.11,23.228796,36.0308,2,TASC
147.12,23.228896,36.0012,2,TASC
147.13,23.228996,35.9715,2,TASC
147.14,23.229096,35.9419,2,TASC
147.15,23.229196,35.9122,2,TASC
147.16,23.229295,35.8826,2,TASC
147.17,23.229395,35.8529,2,TASC
147.18,23.229494,35.8233,2,TASC
147.19,23.229594,35.7936,2,TASC
147.2,23.229693,35.764,2,TASC
147.21,23.229792,35.7343,2,TASC
147.22,23.229892,35.7047,2,TASC
147.23,23.229991,35.675,2,TASC
147.24,23.23009,35.6454,2,TASC
147.25,23.230189,35.6157,2,TASC
147.26,23.230287,35.5861,2,TASC
147.27,23.230386,35.5564,2,TASC
147.28,23.230485,35.5268,2,TASC
147.29,23.230583,35.4971,2,TASC
147.3,23.230682,35.4675,2,TASC
147.31,23.23078,35.4378,2,TASC
147.32,23.230879,35.4082,2,TASC
147.33,23.230977,35.3785,2,TASC
147.34,23.231075,35.3489,2,TASC
147.35,23.231173,35.3193,2,TASC
147.36,23.231271,35.2896,2,TASC
147.37,23.231369,35.26,2,TASC
147.38,23.231467,35.2303,2,TASC
147.39,23.231565,35.2007,2,TASC
147.4,23.231663,35.1711,2,TASC
147.41,23.23176,35.1414,2,TASC
147.42,23.231858,35.1118,2,TASC
147.43,23.231955,35.0821,2,TASC
147.44,23.232053,35.0525,2,TASC
147.45,23.23215,35.0229,2,TASC
147.46,23.232247,34.9932,2,TASC
147.47,23.232344,34.9636,2,TASC
147.48,23.232441,34.934,2,TASC
147.49,23.232538,34.9043,2,TASC
147.5,23.232635,34.8747,2,TASC
147.51,23.232732,34.8451,2,TASC
147.52,23.232829,34.8155,2,TASC
147.53,23.232925,34.7858,2,TASC
147.54,23.233022,34.7562,2,TASC
147.55,23.233118,34.7266,2,TASC
147.56,23.233215,34.6969,2,TASC
147.57,23.233311,34.6673,2,TASC
147.58,23.233407,34.6377,2,TASC
147.59,23.233503,34.6081,2,TASC
147.6,23.233599,34.5784,2,TASC
147.61,23.233695,34.5488,2,TASC
147.62,23.233791,34.5192,2,TASC
147.63,23.233887,34.4896,2,TASC
147.64,23.233983,34.4599,2,TASC
147.65,23.234078,34.4303,2,TASC
147.66,23.234174,34.4007,2,TASC
147.67,23.234269,34.3711,2,TASC
147.68,23.234365,34.3415,2,TASC
147.69,23.23446,34.3118,2,TASC
147.7,23.234555,34.2822,2,TASC
147.71,23.23465,34.2526,2,TASC
147.72,23.234746,34.223,2,TASC
147.73,23.234841,34.1934,2,TASC
147.74,23.234935,34.1638,2,TASC
147.75,23.23503,34.1342,2,TASC
147.76,23.235125,34.1045,2,TASC
147.77,23.23522,34.0749,2,TASC
147.78,23.235314,34.0453,2,TASC
147.79,23.235409,34.0157,2,TASC
147.8,23.235503,33.9861,2,TASC
147.81,23.235597,33.9565,2,TASC
147.82,23.235692,33.9269,2,TASC
147.83,23.235786,33.8973,2,TASC
147.84,23.23588,33.8677,2,TASC
147.85,23.235974,33.838,2,TASC
147.86,23.236068,33.8084,2,TASC
147.87,23.236162,33.7788,2,TASC
147.88,23.236255,33.7492,2,TASC
147.89,23.236349,33.7196,2,TASC
147.9,23.236443,33.69,2,TASC
147.91,23.236536,33.6604,2,TASC
147.92,23.23663,33.6308,2,TASC
147.93,23.236723,33.6012,2,TASC
147.94,23.236816,33.5716,2,TASC
147.95,23.236909,33.542,2,TASC
147.96,23.237002,33.5124,2,TASC
147.97,23.237095,33.4828,2,TASC
147.98,23.237188,33.4532,2,TASC
147.99,23.237281,33.4236,2,TASC
148.0,23.237374,33.394,2,TASC
148.01,23.237467,33.3644,2,TASC
148.02,23.237559,33.3348,2,TASC
148.03,23.237652,33.3052,2,TASC
148.04,23.237744,33.2756,2,TASC
148.05,23.237837,33.246,2,TASC
148.06,23.237929,33.2164,2,TASC
148.07,23.238021,33.1869,2,TASC
148.08,23.238113,33.1573,2,TASC
148.09,23.238205,33.1277,2,TASC
148.1,23.238297,33.0981,2,TASC
148.11,23.238389,33.0685,2,TASC
148.12,23.238481,33.0389,2,TASC
148.13,23.238572,33.0093,2,TASC
148.14,23.238664,32.9797,2,TASC
148.15,23.238755,32.9501,2,TASC
148.16,23.238847,32.9205,2,TASC
148.17,23.238938,32.891,2,TASC
148.18,23.23903,32.8614,2,TASC
148.19,23.239121,32.8318,2,TASC
148.2,23.239212,32.8022,2,TASC
148.21,23.239303,32.7726,2,TASC
148.22,23.239394,32.743,2,TASC
148.23,23.239485,32.7135,2,TASC
148.24,23.239576,32.6839,2,TASC
148.25,23.239666,32.6543,2,TASC
148.26,23.239757,32.6247,2,TASC
148.27,23.239847,32.5951,2,TASC
148.28,23.239938,32.5656,2,TASC
148.29,23.240028,32.536,2,TASC
148.3,23.240119,32.5064,2,TASC
148.31,23.240209,32.4768,2,TASC
148.32,23.240299,32.4472,2,TASC
148.33,23.240389,32.4177,2,TASC
148.34,23.240479,32.3881,2,TASC
148.35,23.240569,32.3585,2,TASC
148.36,23.240659,32.3289,2,TASC
148.37,23.240748,32.2994,2,TASC
148.38,23.240838,32.2698,2,TASC
148.39,23.240928,32.2402,2,TASC
148.4,23.241017,32.2107,2,TASC
148.41,23.241106,32.1811,2,TASC
148.42,23.241196,32.1515,2,TASC
148.43,23.241285,32.122,2,TASC
148.44,23.241374,32.0924,2,TASC
148.45,23.241463,32.0628,2,TASC
148.46,23.241552,32.0332,2,TASC
148.47,23.241641,32.0037,2,TASC
148.48,23.24173,31.9741,2,TASC
148.49,23.241819,31.9446,2,TASC
148.5,23.241907,31.915,2,TASC
148.51,23.241996,31.8854,2,TASC
148.52,23.242084,31.8559,2,TASC
148.53,23.242173,31.8263,2,TASC
148.54,23.242261,31.7967,2,TASC
148.55,23.242349,31.7672,2,TASC
148.56,23.242437,31.7376,2,TASC
148.57,23.242525,31.7081,2,TASC
148.58,23.242613,31.6785,2,TASC
148.59,23.242701,31.6489,2,TASC
148.6,23.242789,31.6194,2,TASC
148.61,23.242877,31.5898,2,TASC
148.62,23.242965,31.5603,2,TASC
148.63,23.243052,31.5307,2,TASC
148.64,23.24314,31.5011,2,TASC
148.65,23.243227,31.4716,2,TASC
148.66,23.243314,31.442,2,TASC
148.67,23.243402,31.4125,2,TASC
148.68,23.243489,31.3829,2,TASC
148.69,23.243576,31.3534,2,TASC
148.7,23.243663,31.3238,2,TASC
148.71,23.24375,31.2943,2,TASC
148.72,23.243837,31.2647,2,TASC
148.73,23.243924,31.2352,2,TASC
148.74,23.24401,31.2056,2,TASC
148.75,23.244097,31.1761,2,TASC
148.76,23.244183,31.1465,2,TASC
148.77,23.24427,31.117,2,TASC
148.78,23.244356,31.0874,2,TASC
148.79,23.244442,31.0579,2,TASC
148.8,23.244529,31.0283,2,TASC
148.81,23.244615,30.9988,2,TASC
148.82,23.244701,30.9693,2,TASC
148.83,23.244787,30.9397,2,TASC
148.84,23.244873,30.9102,2,TASC
148.85,23.244958,30.8806,2,TASC
148.86,23.245044,30.8511,2,TASC
148.87,23.24513,30.8215,2,TASC
148.88,23.245215,30.792,2,TASC
148.89,23.245301,30.7625,2,TASC
148.9,23.245386,30.7329,2,TASC
148.91,23.245471,30.7034,2,TASC
148.92,23.245557,30.6739,2,TASC
148.93,23.245642,30.6443,2,TASC
148.94,23.245727,30.6148,2,TASC
148.95,23.245812,30.5852,2,TASC
148.96,23.245897,30.5557,2,TASC
148.97,23.245981,30.5262,2,TASC
148.98,23.246066,30.4966,2,TASC
148.99,23.246151,30.4671,2,TASC
149.0,23.246235,30.4376,2,TASC
149.01,23.24632,30.408,2,TASC
149.02,23.246404,30.3785,2,TASC
149.03,23.246488,30.349,2,TASC
149.04,23.246573,30.3194,2,TASC
149.05,23.246657,30.2899,2,TASC
149.06,23.246741,30.2604,2,TASC
149.07,23.246825,30.2309,2,TASC
149.08,23.246909,30.2013,2,TASC
149.09,23.246992,30.1718,2,TASC
149.1,23.247076,30.1423,2,TASC
149.11,23.24716,30.1128,2,TASC
149.12,23.247243,30.0832,2,TASC
149.13,23.247327,30.0537,2,TASC
149.14,23.24741,30.0242,2,TASC
149.15,23.247494,29.9947,2,TASC
149.16,23.247577,29.9651,2,TASC
149.17,23.24766,29.9356,2,TASC
149.18,23.247743,29.9061,2,TASC
149.19,23.247826,29.8766,2,TASC
149.2,23.247909,29.847,2,TASC
149.21,23.247992,29.8175,2,TASC
149.22,23.248075,29.788,2,TASC
149.23,23.248157,29.7585,2,TASC
149.24,23.24824,29.729,2,TASC
149.25,23.248322,29.6995,2,TASC
149.26,23.248405,29.6699,2,TASC
149.27,23.248487,29.6404,2,TASC
149.28,23.248569,29.6109,2,TASC
149.29,23.248651,29.5814,2,TASC
149.3,23.248734,29.5519,2,TASC
149.31,23.248816,29.5224,2,TASC
149.32,23.248897,29.4929,2,TASC
149.33,23.248979,29.4633,2,TASC
149.34,23.249061,29.4338,2,TASC
149.35,23.249143,29.4043,2,TASC
149.36,23.249224,29.3748,2,TASC
149.37,23.249306,29.3453,2,TASC
149.38,23.249387,29.3158,2,TASC
149.39,23.249469,29.2863,2,TASC
149.4,23.24955,29.2568,2,TASC
149.41,23.249631,29.2273,2,TASC
149.42,23.249712,29.1978,2,TASC
149.43,23.249793,29.1682,2,TASC
149.44,23.249874,29.1387,2,TASC
149.45,23.249955,29.1092,2,TASC
149.46,23.250036,29.0797,2,TASC
149.47,23.250116,29.0502,2,TASC
149.48,23.250197,29.0207,2,TASC
149.49,23.250278,28.9912,2,TASC
149.5,23.250358,28.9617,2,TASC
149.51,23.250438,28.9322,2,TASC
149.52,23.250519,28.9027,2,TASC
149.53,23.250599,28.8732,2,TASC
149.54,23.250679,28.8437,2,TASC
149.55,23.250759,28.8142,2,TASC
149.56,23.250839,28.7847,2,TASC
149.57,23.250919,28.7552,2,TASC
149.58,23.250999,28.7257,2,TASC
149.59,23.251078,28.6962,2,TASC
149.6,23.251158,28.6667,2,TASC
149.61,23.251238,28.6372,2,TASC
149.62,23.251317,28.6077,2,TASC
149.63,23.251396,28.5783,2,TASC
149.64,23.251476,28.5488,2,TASC
149.65,23.251555,28.5193,2,TASC
149.66,23.251634,28.4898,2,TASC
149.67,23.251713,28.4603,2,TASC
149.68,23.251792,28.4308,2,TASC
149.69,23.251871,28.4013,2,TASC
149.7,23.25195,28.3718,2,TASC
149.71,23.252029,28.3423,2,TASC
149.72,23.252107,28.3128,2,TASC
149.73,23.252186,28.2833,2,TASC
149.74,23.252264,28.2539,2,TASC
149.75,23.252343,28.2244,2,TASC
149.76,23.252421,28.1949,2,TASC
149.77,23.252499,28.1654,2,TASC
149.78,23.252577,28.1359,2,TASC
149.79,23.252655,28.1064,2,TASC
149.8,23.252733,28.0769,2,TASC
149.81,23.252811,28.0475,2,TASC
149.82,23.252889,28.018,2,TASC
149.83,23.252967,27.9885,2,TASC
149.84,23.253045,27.959,2,TASC
149.85,23.253122,27.9295,2,TASC
149.86,23.2532,27.9001,2,TASC
149.87,23.253277,27.8706,2,TASC
149.88,23.253354,27.8411,2,TASC
149.89,23.253432,27.8116,2,TASC
149.9,23.253509,27.7821,2,TASC
149.91,23.253586,27.7527,2,TASC
149.92,23.253663,27.7232,2,TASC
149.93,23.25374,27.6937,2,TASC
149.94,23.253817,27.6642,2,TASC
149.95,23.253893,27.6348,2,TASC
149.96,23.25397,27.6053,2,TASC
149.97,23.254047,27.5758,2,TASC
149.98,23.254123,27.5463,2,TASC
149.99,23.2542,27.5169,2,TASC
150.0,23.254276,27.4874,2,TASC
150.01,23.254352,27.4579,2,TASC
150.02,23.254429,27.4285,2,TASC
150.03,23.254505,27.399,2,TASC
150.04,23.254581,27.3695,2,TASC
150.05,23.254657,27.34,2,TASC
150.06,23.254732,27.3106,2,TASC
150.07,23.254808,27.2811,2,TASC
150.08,23.254884,27.2516,2,TASC
150.09,23.25496,27.2222,2,TASC
150.1,23.255035,27.1927,2,TASC
150.11,23.255111,27.1632,2,TASC
150.12,23.255186,27.1338,2,TASC
150.13,23.255261,27.1043,2,TASC
150.14,23.255336,27.0748,2,TASC
150.15,23.255412,27.0454,2,TASC
150.16,23.255487,27.0159,2,TASC
150.17,23.255562,26.9865,2,TASC
150.18,23.255636,26.957,2,TASC
150.19,23.255711,26.9275,2,TASC
150.2,23.255786,26.8981,2,TASC
150.21,23.255861,26.8686,2,TASC
150.22,23.255935,26.8392,2,TASC
150.23,23.25601,26.8097,2,TASC
150.24,23.256084,26.7802,2,TASC
150.25,23.256158,26.7508,2,TASC
150.26,23.256233,26.7213,2,TASC
150.27,23.256307,26.6919,2,TASC
150.28,23.256381,26.6624,2,TASC
150.29,23.256455,26.633,2,TASC
150.3,23.256529,26.6035,2,TASC
150.31,23.256602,26.5741,2,TASC
150.32,23.256676,26.5446,2,TASC
150.33,23.25675,26.5151,2,TASC
150.34,23.256823,26.4857,2,TASC
150.35,23.256897,26.4562,2,TASC
150.36,23.25697,26.4268,2,TASC
150.37,23.257044,26.3973,2,TASC
150.38,23.257117,26.3679,2,TASC
150.39,23.25719,26.3384,2,TASC
150.4,23.257263,26.309,2,TASC
150.41,23.257336,26.2795,2,TASC
150.42,23.257409,26.2501,2,TASC
150.43,23.257482,26.2206,2,TASC
150.44,23.257555,26.1912,2,TASC
150.45,23.257627,26.1618,2,TASC
150.46,23.2577,26.1323,2,TASC
150.47,23.257772,26.1029,2,TASC
150.48,23.257845,26.0734,2,TASC
150.49,23.257917,26.044,2,TASC
150.5,23.257989,26.0145,2,TASC
150.51,23.258062,25.9851,2,TASC
150.52,23.258134,25.9556,2,TASC
150.53,23.258206,25.9262,2,TASC
150.54,23.258278,25.8968,2,TASC
150.55,23.25835,25.8673,2,TASC
150.56,23.258421,25.8379,2,TASC
150.57,23.258493,25.8084,2,TASC
150.58,23.258565,25.779,2,TASC
150.59,23.258636,25.7496,2,TASC
150.6,23.258708,25.7201,2,TASC
150.61,23.258779,25.6907,2,TASC
150.62,23.25885,25.6613,2,TASC
150.63,23.258921,25.6318,2,TASC
150.64,23.258993,25.6024,2,TASC
150.65,23.259064,25.573,2,TASC
150.66,23.259135,25.5435,2,TASC
150.67,23.259205,25.5141,2,TASC
150.68,23.259276,25.4847,2,TASC
150.69,23.259347,25.4552,2,TASC
150.7,23.259418,25.4258,2,TASC
150.71,23.259488,25.3964,2,TASC
150.72,23.259559,25.3669,2,TASC
150.73,23.259629,25.3375,2,TASC
150.74,23.259699,25.3081,2,TASC
150.75,23.259769,25.2786,2,TASC
150.76,23.25984,25.2492,2,TASC
150.77,23.25991,25.2198,2,TASC
150.78,23.25998,25.1904,2,TASC
150.79,23.260049,25.1609,2,TASC
150.8,23.260119,25.1315,2,TASC
150.81,23.260189,25.1021,2,TASC
150.82,23.260259,25.0727,2,TASC
150.83,23.260328,25.0432,2,TASC
150.84,23.260398,25.0138,2,TASC
150.85,23.260467,24.9844,2,TASC
150.86,23.260536,24.955,2,TASC
150.87,23.260606,24.9255,2,TASC
150.88,23.260675,24.8961,2,TASC
150.89,23.260744,24.8667,2,TASC
150.9,23.260813,24.8373,2,TASC
150.91,23.260882,24.8078,2,TASC
150.92,23.260951,24.7784,2,TASC
150.93,23.261019,24.749,2,TASC
150.94,23.261088,24.7196,2,TASC
150.95,23.261157,24.6902,2,TASC
150.96,23.261225,24.6608,2,TASC
150.97,23.261294,24.6313,2,TASC
150.98,23.261362,24.6019,2,TASC
150.99,23.26143,24.5725,2,TASC
151.0,23.261498,24.5431,2,TASC
151.01,23.261566,24.5137,2,TASC
151.02,23.261634,24.4843,2,TASC
151.03,23.261702,24.4549,2,TASC
151.04,23.26177,24.4254,2,TASC
151.05,23.261838,24.396,2,TASC
151.06,23.261906,24.3666,2,TASC
151.07,23.261973,24.3372,2,TASC
151.08,23.262041,24.3078,2,TASC
151.09,23.262108,24.2784,2,TASC
151.1,23.262176,24.249,2,TASC
151.11,23.262243,24.2196,2,TASC
151.12,23.26231,24.1902,2,TASC
151.13,23.262377,24.1607,2,TASC
151.14,23.262444,24.1313,2,TASC
151.15,23.262511,24.1019,2,TASC
151.16,23.262578,24.0725,2,TASC
151.17,23.262645,24.0431,2,TASC
151.18,23.262712,24.0137,2,TASC
151.19,23.262778,23.9843,2,TASC
151.2,23.262845,23.9549,2,TASC
151.21,23.262911,23.9255,2,TASC
151.22,23.262978,23.8961,2,TASC
151.23,23.263044,23.8667,2,TASC
151.24,23.26311,23.8373,2,TASC
151.25,23.263176,23.8079,2,TASC
151.26,23.263242,23.7785,2,TASC
151.27,23.263308,23.7491,2,TASC
151.28,23.263374,23.7197,2,TASC
151.29,23.26344,23.6903,2,TASC
151.3,23.263506,23.6609,2,TASC
151.31,23.263571,23.6315,2,TASC
151.32,23.263637,23.6021,2,TASC
151.33,23.263702,23.5727,2,TASC
151.34,23.263768,23.5433,2,TASC
151.35,23.263833,23.5139,2,TASC
151.36,23.263898,23.4845,2,TASC
151.37,23.263963,23.4551,2,TASC
151.38,23.264028,23.4257,2,TASC
151.39,23.264093,23.3963,2,TASC
151.4,23.264158,23.3669,2,TASC
151.41,23.264223,23.3375,2,TASC
151.42,23.264288,23.3081,2,TASC
151.43,23.264353,23.2788,2,TASC
151.44,23.264417,23.2494,2,TASC
151.45,23.264482,23.22,2,TASC
151.46,23.264546,23.1906,2,TASC
151.47,23.26461,23.1612,2,TASC
151.48,23.264675,23.1318,2,TASC
151.49,23.264739,23.1024,2,TASC
151.5,23.264803,23.073,2,TASC
151.51,23.264867,23.0436,2,TASC
151.52,23.264931,23.0142,2,TASC
151.53,23.264995,22.9849,2,TASC
151.54,23.265058,22.9555,2,TASC
151.55,23.265122,22.9261,2,TASC
151.56,23.265186,22.8967,2,TASC
151.57,23.265249,22.8673,2,TASC
151.58,23.265313,22.8379,2,TASC
151.59,23.265376,22.8086,2,TASC
151.6,23.265439,22.7792,2,TASC
151.61,23.265503,22.7498,2,TASC
151.62,23.265566,22.7204,2,TASC
151.63,23.265629,22.691,2,TASC
151.64,23.265692,22.6616,2,TASC
151.65,23.265755,22.6323,2,TASC
151.66,23.265817,22.6029,2,TASC
151.67,23.26588,22.5735,2,TASC
151.68,23.265943,22.5441,2,TASC
151.69,23.266005,22.5147,2,TASC
151.7,23.266068,22.4854,2,TASC
151.71,23.26613,22.456,2,TASC
151.72,23.266192,22.4266,2,TASC
151.73,23.266255,22.3972,2,TASC
151.74,23.266317,22.3679,2,TASC
151.75,23.266379,22.3385,2,TASC
151.76,23.266441,22.3091,2,TASC
151.77,23.266503,22.2797,2,TASC
151.78,23.266564,22.2504,2,TASC
151.79,23.266626,22.221,2,TASC
151.8,23.266688,22.1916,2,TASC
151.81,23.266749,22.1622,2,TASC
151.82,23.266811,22.1329,2,TASC
151.83,23.266872,22.1035,2,TASC
151.84,23.266933,22.0741,2,TASC
151.85,23.266995,22.0448,2,TASC
151.86,23.267056,22.0154,2,TASC
151.87,23.267117,21.986,2,TASC
151.88,23.267178,21.9567,2,TASC
151.89,23.267239,21.9273,2,TASC
151.9,23.2673,21.8979,2,TASC
151.91,23.26736,21.8686,2,TASC
151.92,23.267421,21.8392,2,TASC
151.93,23.267482,21.8098,2,TASC
151.94,23.267542,21.7805,2,TASC
151.95,23.267603,21.7511,2,TASC
151.96,23.267663,21.7217,2,TASC
151.97,23.267723,21.6924,2,TASC
151.98,23.267783,21.663,2,TASC
151.99,23.267843,21.6336,2,TASC
152.0,23.267903,21.6043,2,TASC
152.01,23.267963,21.5749,2,TASC
152.02,23.268023,21.5456,2,TASC
152.03,23.268083,21.5162,2,TASC
152.04,23.268143,21.4868,2,TASC
152.05,23.268202,21.4575,2,TASC
152.06,23.268262,21.4281,2,TASC
152.07,23.268321,21.3988,2,TASC
152.08,23.268381,21.3694,2,TASC
152.09,23.26844,21.34,2,TASC
152.1,23.268499,21.3107,2,TASC
152.11,23.268558,21.2813,2,TASC
152.12,23.268617,21.252,2,TASC
152.13,23.268676,21.2226,2,TASC
152.14,23.268735,21.1933,2,TASC
152.15,23.268794,21.1639,2,TASC
152.16,23.268853,21.1345,2,TASC
152.17,23.268911,21.1052,2,TASC
152.18,23.26897,21.0758,2,TASC
152.19,23.269028,21.0465,2,TASC
152.2,23.269087,21.0171,2,TASC
152.21,23.269145,20.9878,2,TASC
152.22,23.269203,20.9584,2,TASC
152.23,23.269261,20.9291,2,TASC
152.24,23.269319,20.8997,2,TASC
152.25,23.269377,20.8704,2,TASC
152.26,23.269435,20.841,2,TASC
152.27,23.269493,20.8117,2,TASC
152.28,23.269551,20.7823,2,TASC
152.29,23.269608,20.753,2,TASC
152.3,23.269666,20.7236,2,TASC
152.31,23.269723,20.6943,2,TASC
152.32,23.269781,20.665,2,TASC
152.33,23.269838,20.6356,2,TASC
152.34,23.269895,20.6063,2,TASC
152.35,23.269953,20.5769,2,TASC
152.36,23.27001,20.5476,2,TASC
152.37,23.270067,20.5182,2,TASC
152.38,23.270124,20.4889,2,TASC
152.39,23.27018,20.4595,2,TASC
152.4,23.270237,20.4302,2,TASC
152.41,23.270294,20.4009,2,TASC
152.42,23.27035,20.3715,2,TASC
152.43,23.270407,20.3422,2,TASC
152.44,23.270463,20.3128,2,TASC
152.45,23.27052,20.2835,2,TASC
152.46,23.270576,20.2542,2,TASC
152.47,23.270632,20.2248,2,TASC
152.48,23.270688,20.1955,2,TASC
152.49,23.270744,20.1661,2,TASC
152.5,23.2708,20.1368,2,TASC
152.51,23.270856,20.1075,2,TASC
152.52,23.270912,20.0781,2,TASC
152.53,23.270967,20.0488,2,TASC
152.54,23.271023,20.0195,2,TASC
152.55,23.271079,19.9901,2,TASC
152.56,23.271134,19.9608,2,TASC
152.57,23.271189,19.9315,2,TASC
152.58,23.271245,19.9021,2,TASC
152.59,23.2713,19.8728,2,TASC
152.6,23.271355,19.8435,2,TASC
152.61,23.27141,19.8141,2,TASC
152.62,23.271465,19.7848,2,TASC
152.63,23.27152,19.7555,2,TASC
152.64,23.271575,19.7261,2,TASC
152.65,23.271629,19.6968,2,TASC
152.66,23.271684,19.6675,2,TASC
152.67,23.271739,19.6381,2,TASC
152.68,23.271793,19.6088,2,TASC
152.69,23.271847,19.5795,2,TASC
152.7,23.271902,19.5502,2,TASC
152.71,23.271956,19.5208,2,TASC
152.72,23.27201,19.4915,2,TASC
152.73,23.272064,19.4622,2,TASC
152.74,23.272118,19.4329,2,TASC
152.75,23.272172,19.4035,2,TASC
152.76,23.272226,19.3742,2,TASC
152.77,23.27228,19.3449,2,TASC
152.78,23.272333,19.3156,2,TASC
152.79,23.272387,19.2862,2,TASC
152.8,23.27244,19.2569,2,TASC
152.81,23.272494,19.2276,2,TASC
152.82,23.272547,19.1983,2,TASC
152.83,23.2726,19.1689,2,TASC
152.84,23.272653,19.1396,2,TASC
152.85,23.272707,19.1103,2,TASC
152.86,23.27276,19.081,2,TASC
152.87,23.272812,19.0517,2,TASC
152.88,23.272865,19.0223,2,TASC
152.89,23.272918,18.993,2,TASC
152.9,23.272971,18.9637,2,TASC
152.91,23.273023,18.9344,2,TASC
152.92,23.273076,18.9051,2,TASC
152.93,23.273128,18.8758,2,TASC
152.94,23.273181,18.8464,2,TASC
152.95,23.273233,18.8171,2,TASC
152.96,23.273285,18.7878,2,TASC
152.97,23.273337,18.7585,2,TASC
152.98,23.273389,18.7292,2,TASC
152.99,23.273441,18.6999,2,TASC
153.0,23.273493,18.6706,2,TASC
153.01,23.273545,18.6412,2,TASC
153.02,23.273596,18.6119,2,TASC
153.03,23.273648,18.5826,2,TASC
153.04,23.2737,18.5533,2,TASC
153.05,23.273751,18.524,2,TASC
153.06,23.273802,18.4947,2,TASC
153.07,23.273854,18.4654,2,TASC
153.08,23.273905,18.4361,2,TASC
153.09,23.273956,18.4068,2,TASC
153.1,23.274007,18.3775,2,TASC
153.11,23.274058,18.3481,2,TASC
153.12,23.274109,18.3188,2,TASC
153.13,23.27416,18.2895,2,TASC
153.14,23.274211,18.2602,2,TASC
153.15,23.274261,18.2309,2,TASC
153.16,23.274312,18.2016,2,TASC
153.17,23.274362,18.1723,2,TASC
153.18,23.274413,18.143,2,TASC
153.19,23.274463,18.1137,2,TASC
153.2,23.274513,18.0844,2,TASC
153.21,23.274563,18.0551,2,TASC
153.22,23.274613,18.0258,2,TASC
153.23,23.274663,17.9965,2,TASC
153.24,23.274713,17.9672,2,TASC
153.25,23.274763,17.9379,2,TASC
153.26,23.274813,17.9086,2,TASC
153.27,23.274863,17.8793,2,TASC
153.28,23.274912,17.85,2,TASC
153.29,23.274962,17.8207,2,TASC
153.3,23.275011,17.7914,2,TASC
153.31,23.27506,17.7621,2,TASC
153.32,23.27511,17.7328,2,TASC
153.33,23.275159,17.7035,2,TASC
153.34,23.275208,17.6742,2,TASC
153.35,23.275257,17.6449,2,TASC
153.36,23.275306,17.6156,2,TASC
153.37,23.275355,17.5863,2,TASC
153.38,23.275403,17.557,2,TASC
153.39,23.275452,17.5277,2,TASC
153.4,23.275501,17.4984,2,TASC
153.41,23.275549,17.4691,2,TASC
153.42,23.275598,17.4398,2,TASC
153.43,23.275646,17.4105,2,TASC
153.44,23.275694,17.3812,2,TASC
153.45,23.275743,17.3519,2,TASC
153.46,23.275791,17.3227,2,TASC
153.47,23.275839,17.2934,2,TASC
153.48,23.275887,17.2641,2,TASC
153.49,23.275935,17.2348,2,TASC
153.5,23.275982,17.2055,2,TASC
153.51,23.27603,17.1762,2,TASC
153.52,23.276078,17.1469,2,TASC
153.53,23.276125,17.1176,2,TASC
153.54,23.276173,17.0883,2,TASC
153.55,23.27622,17.059,2,TASC
153.56,23.276267,17.0298,2,TASC
153.57,23.276315,17.0005,2,TASC
153.58,23.276362,16.9712,2,TASC
153.59,23.276409,16.9419,2,TASC
153.6,23.276456,16.9126,2,TASC
153.61,23.276503,16.8833,2,TASC
153.62,23.27655,16.854,2,TASC
153.63,23.276596,16.8248,2,TASC
153.64,23.276643,16.7955,2,TASC
153.65,23.276689,16.7662,2,TASC
153.66,23.276736,16.7369,2,TASC
153.67,23.276782,16.7076,2,TASC
153.68,23.276829,16.6783,2,TASC
153.69,23.276875,16.6491,2,TASC
153.7,23.276921,16.6198,2,TASC
153.71,23.276967,16.5905,2,TASC
153.72,23.277013,16.5612,2,TASC
153.73,23.277059,16.5319,2,TASC
153.74,23.277105,16.5027,2,TASC
153.75,23.277151,16.4734,2,TASC
153.76,23.277196,16.4441,2,TASC
153.77,23.277242,16.4148,2,TASC
153.78,23.277288,16.3855,2,TASC
153.79,23.277333,16.3563,2,TASC
153.8,23.277378,16.327,2,TASC
153.81,23.277424,16.2977,2,TASC
153.82,23.277469,16.2684,2,TASC
153.83,23.277514,16.2392,2,TASC
153.84,23.277559,16.2099,2,TASC
153.85,23.277604,16.1806,2,TASC
153.86,23.277649,16.1513,2,TASC
153.87,23.277694,16.1221,2,TASC
153.88,23.277738,16.0928,2,TASC
153.89,23.277783,16.0635,2,TASC
153.9,23.277827,16.0343,2,TASC
153.91,23.277872,16.005,2,TASC
153.92,23.277916,15.9757,2,TASC
153.93,23.277961,15.9464,2,TASC
153.94,23.278005,15.9172,2,TASC
153.95,23.278049,15.8879,2,TASC
153.96,23.278093,15.8586,2,TASC
153.97,23.278137,15.8294,2,TASC
153.98,23.278181,15.8001,2,TASC
153.99,23.278225,15.7708,2,TASC
154.0,23.278268,15.7416,2,TASC
154.01,23.278312,15.7123,2,TASC
154.02,23.278356,15.683,2,TASC
154.03,23.278399,15.6538,2,TASC
154.04,23.278442,15.6245,2,TASC
154.05,23.278486,15.5952,2,TASC
154.06,23.278529,15.566,2,TASC
154.07,23.278572,15.5367,2,TASC
154.08,23.278615,15.5074,2,TASC
154.09,23.278658,15.4782,2,TASC
154.1,23.278701,15.4489,2,TASC
154.11,23.278744,15.4196,2,TASC
154.12,23.278787,15.3904,2,TASC
154.13,23.278829,15.3611,2,TASC
154.14,23.278872,15.3318,2,TASC
154.15,23.278914,15.3026,2,TASC
154.16,23.278957,15.2733,2,TASC
154.17,23.278999,15.2441,2,TASC
154.18,23.279041,15.2148,2,TASC
154.19,23.279084,15.1855,2,TASC
154.2,23.279126,15.1563,2,TASC
154.21,23.279168,15.127,2,TASC
154.22,23.27921,15.0978,2,TASC
154.23,23.279252,15.0685,2,TASC
154.24,23.279293,15.0392,2,TASC
154.25,23.279335,15.01,2,TASC
154.26,23.279377,14.9807,2,TASC
154.27,23.279418,14.9515,2,TASC
154.28,23.27946,14.9222,2,TASC
154.29,23.279501,14.893,2,TASC
154.3,23.279542,14.8637,2,TASC
154.31,23.279584,14.8345,2,TASC
154.32,23.279625,14.8052,2,TASC
154.33,23.279666,14.7759,2,TASC
154.34,23.279707,14.7467,2,TASC
154.35,23.279748,14.7174,2,TASC
154.36,23.279788,14.6882,2,TASC
154.37,23.279829,14.6589,2,TASC
154.38,23.27987,14.6297,2,TASC
154.39,23.27991,14.6004,2,TASC
154.4,23.279951,14.5712,2,TASC
154.41,23.279991,14.5419,2,TASC
154.42,23.280031,14.5127,2,TASC
154.43,23.280072,14.4834,2,TASC
154.44,23.280112,14.4542,2,TASC
154.45,23.280152,14.4249,2,TASC
154.46,23.280192,14.3957,2,TASC
154.47,23.280232,14.3664,2,TASC
154.48,23.280272,14.3372,2,TASC
154.49,23.280311,14.3079,2,TASC
154.5,23.280351,14.2787,2,TASC
154.51,23.280391,14.2494,2,TASC
154.52,23.28043,14.2202,2,TASC
154.53,23.280469,14.191,2,TASC
154.54,23.280509,14.1617,2,TASC
154.55,23.280548,14.1325,2,TASC
154.56,23.280587,14.1032,2,TASC
154.57,23.280626,14.074,2,TASC
154.58,23.280665,14.0447,2,TASC
154.59,23.280704,14.0155,2,TASC
154.6,23.280743,13.9863,2,TASC
154.61,23.280782,13.957,2,TASC
154.62,23.280821,13.9278,2,TASC
154.63,23.280859,13.8985,2,TASC
154.64,23.280898,13.8693,2,TASC
154.65,23.280936,13.84,2,TASC
154.66,23.280975,13.8108,2,TASC
154.67,23.281013,13.7816,2,TASC
154.68,23.281051,13.7523,2,TASC
154.69,23.281089,13.7231,2,TASC
154.7,23.281127,13.6938,2,TASC
154.71,23.281165,13.6646,2,TASC
154.72,23.281203,13.6354,2,TASC
154.73,23.281241,13.6061,2,TASC
154.74,23.281279,13.5769,2,TASC
154.75,23.281316,13.5477,2,TASC
154.76,23.281354,13.5184,2,TASC
154.77,23.281391,13.4892,2,TASC
154.78,23.281429,13.46,2,TASC
154.79,23.281466,13.4307,2,TASC
154.8,23.281503,13.4015,2,TASC
154.81,23.28154,13.3722,2,TASC
154.82,23.281577,13.343,2,TASC
154.83,23.281614,13.3138,2,TASC
154.84,23.281651,13.2845,2,TASC
154.85,23.281688,13.2553,2,TASC
154.86,23.281725,13.2261,2,TASC
154.87,23.281761,13.1969,2,TASC
154.88,23.281798,13.1676,2,TASC
154.89,23.281834,13.1384,2,TASC
154.9,23.281871,13.1092,2,TASC
154.91,23.281907,13.0799,2,TASC
154.92,23.281943,13.0507,2,TASC
154.93,23.28198,13.0215,2,TASC
154.94,23.282016,12.9922,2,TASC
154.95,23.282052,12.963,2,TASC
154.96,23.282088,12.9338,2,TASC
154.97,23.282124,12.9046,2,TASC
154.98,23.282159,12.8753,2,TASC
154.99,23.282195,12.8461,2,TASC
155.0,23.282231,12.8169,2,TASC
155.01,23.282266,12.7876,2,TASC
155.02,23.282302,12.7584,2,TASC
155.03,23.282337,12.7292,2,TASC
155.04,23.282372,12.7,2,TASC
155.05,23.282407,12.6707,2,TASC
155.06,23.282442,12.6415,2,TASC
155.07,23.282478,12.6123,2,TASC
155.08,23.282512,12.5831,2,TASC
155.09,23.282547,12.5539,2,TASC
155.1,23.282582,12.5246,2,TASC
155.11,23.282617,12.4954,2,TASC
155.12,23.282651,12.4662,2,TASC
155.13,23.282686,12.437,2,TASC
155.14,23.28272,12.4077,2,TASC
155.15,23.282755,12.3785,2,TASC
155.16,23.282789,12.3493,2,TASC
155.17,23.282823,12.3201,2,TASC
155.18,23.282858,12.2909,2,TASC
155.19,23.282892,12.2616,2,TASC
155.2,23.282926,12.2324,2,TASC
155.21,23.282959,12.2032,2,TASC
155.22,23.282993,12.174,2,TASC
155.23,23.283027,12.1448,2,TASC
155.24,23.283061,12.1156,2,TASC
155.25,23.283094,12.0863,2,TASC
155.26,23.283128,12.0571,2,TASC
155.27,23.283161,12.0279,2,TASC
155.28,23.283195,11.9987,2,TASC
155.29,23.283228,11.9695,2,TASC
155.3,23.283261,11.9403,2,TASC
155.31,23.283294,11.911,2,TASC
155.32,23.283327,11.8818,2,TASC
155.33,23.28336,11.8526,2,TASC
155.34,23.283393,11.8234,2,TASC
155.35,23.283426,11.7942,2,TASC
155.36,23.283458,11.765,2,TASC
155.37,23.283491,11.7358,2,TASC
155.38,23.283523,11.7066,2,TASC
155.39,23.283556,11.6773,2,TASC
155.4,23.283588,11.6481,2,TASC
155.41,23.28362,11.6189,2,TASC
155.42,23.283653,11.5897,2,TASC
155.43,23.283685,11.5605,2,TASC
155.44,23.283717,11.5313,2,TASC
155.45,23.283749,11.5021,2,TASC
155.46,23.283781,11.4729,2,TASC
155.47,23.283812,11.4437,2,TASC
155.48,23.283844,11.4145,2,TASC
155.49,23.283876,11.3853,2,TASC
155.5,23.283907,11.356,2,TASC
155.51,23.283939,11.3268,2,TASC
155.52,23.28397,11.2976,2,TASC
155.53,23.284001,11.2684,2,TASC
155.54,23.284033,11.2392,2,TASC
155.55,23.284064,11.21,2,TASC
155.56,23.284095,11.1808,2,TASC
155.57,23.284126,11.1516,2,TASC
155.58,23.284157,11.1224,2,TASC
155.59,23.284187,11.0932,2,TASC
155.6,23.284218,11.064,2,TASC
155.61,23.284249,11.0348,2,TASC
155.62,23.284279,11.0056,2,TASC
155.63,23.28431,10.9764,2,TASC
155.64,23.28434,10.9472,2,TASC
155.65,23.284371,10.918,2,TASC
155.66,23.284401,10.8888,2,TASC
155.67,23.284431,10.8596,2,TASC
155.68,23.284461,10.8304,2,TASC
155.69,23.284491,10.8012,2,TASC
155.7,23.284521,10.772,2,TASC
155.71,23.284551,10.7428,2,TASC
155.72,23.284581,10.7136,2,TASC
155.73,23.28461,10.6844,2,TASC
155.74,23.28464,10.6552,2,TASC
155.75,23.284669,10.626,2,TASC
155.76,23.284699,10.5968,2,TASC
155.77,23.284728,10.5676,2,TASC
155.78,23.284758,10.5384,2,TASC
155.79,23.284787,10.5092,2,TASC
155.8,23.284816,10.48,2,TASC
155.81,23.284845,10.4508,2,TASC
155.82,23.284874,10.4216,2,TASC
155.83,23.284903,10.3924,2,TASC
155.84,23.284931,10.3632,2,TASC
155.85,23.28496,10.334,2,TASC
155.86,23.284989,10.3048,2,TASC
155.87,23.285017,10.2756,2,TASC
155.88,23.285046,10.2464,2,TASC
155.89,23.285074,10.2172,2,TASC
155.9,23.285102,10.1881,2,TASC
155.91,23.285131,10.1589,2,TASC
155.92,23.285159,10.1297,2,TASC
155.93,23.285187,10.1005,2,TASC
155.94,23.285215,10.0713,2,TASC
155.95,23.285243,10.0421,2,TASC
155.96,23.285271,10.0129,2,TASC
155.97,23.285298,9.9837,2,TASC
155.98,23.285326,9.9545,2,TASC
155.99,23.285354,9.9253,2,TASC
156.0,23.285381,9.8962,2,TASC
156.01,23.285408,9.867,2,TASC
156.02,23.285436,9.8378,2,TASC
156.03,23.285463,9.8086,2,TASC
156.04,23.28549,9.7794,2,TASC
156.05,23.285517,9.7502,2,TASC
156.06,23.285544,9.721,2,TASC
156.07,23.285571,9.6918,2,TASC
156.08,23.285598,9.6627,2,TASC
156.09,23.285625,9.6335,2,TASC
156.1,23.285651,9.6043,2,TASC
156.11,23.285678,9.5751,2,TASC
156.12,23.285705,9.5459,2,TASC
156.13,23.285731,9.5167,2,TASC
156.14,23.285757,9.4875,2,TASC
156.15,23.285784,9.4584,2,TASC
156.16,23.28581,9.4292,2,TASC
156.17,23.285836,9.4,2,TASC
156.18,23.285862,9.3708,2,TASC
156.19,23.285888,9.3416,2,TASC
156.2,23.285914,9.3124,2,TASC
156.21,23.28594,9.2833,2,TASC
156.22,23.285965,9.2541,2,TASC
156.23,23.285991,9.2249,2,TASC
156.24,23.286016,9.1957,2,TASC
156.25,23.286042,9.1665,2,TASC
156.26,23.286067,9.1374,2,TASC
156.27,23.286093,9.1082,2,TASC
156.28,23.286118,9.079,2,TASC
156.29,23.286143,9.0498,2,TASC
156.3,23.286168,9.0206,2,TASC
156.31,23.286193,8.9915,2,TASC
156.32,23.286218,8.9623,2,TASC
156.33,23.286243,8.9331,2,TASC
156.34,23.286267,8.9039,2,TASC
156.35,23.286292,8.8748,2,TASC
156.36,23.286317,8.8456,2,TASC
156.37,23.286341,8.8164,2,TASC
156.38,23.286366,8.7872,2,TASC
156.39,23.28639,8.7581,2,TASC
156.4,23.286414,8.7289,2,TASC
156.41,23.286438,8.6997,2,TASC
156.42,23.286462,8.6705,2,TASC
156.43,23.286486,8.6414,2,TASC
156.44,23.28651,8.6122,2,TASC
156.45,23.286534,8.583,2,TASC
156.46,23.286558,8.5538,2,TASC
156.47,23.286582,8.5247,2,TASC
156.48,23.286605,8.4955,2,TASC
156.49,23.286629,8.4663,2,TASC
156.5,23.286652,8.4372,2,TASC
156.51,23.286675,8.408,2,TASC
156.52,23.286699,8.3788,2,TASC
156.53,23.286722,8.3496,2,TASC
156.54,23.286745,8.3205,2,TASC
156.55,23.286768,8.2913,2,TASC
156.56,23.286791,8.2621,2,TASC
156.57,23.286814,8.233,2,TASC
156.58,23.286837,8.2038,2,TASC
156.59,23.286859,8.1746,2,TASC
156.6,23.286882,8.1455,2,TASC
156.61,23.286905,8.1163,2,TASC
156.62,23.286927,8.0871,2,TASC
156.63,23.286949,8.058,2,TASC
156.64,23.286972,8.0288,2,TASC
156.65,23.286994,7.9996,2,TASC
156.66,23.287016,7.9705,2,TASC
156.67,23.287038,7.9413,2,TASC
156.68,23.28706,7.9121,2,TASC
156.69,23.287082,7.883,2,TASC
156.7,23.287104,7.8538,2,TASC
156.71,23.287126,7.8246,2,TASC
156.72,23.287147,7.7955,2,TASC
156.73,23.287169,7.7663,2,TASC
156.74,23.28719,7.7371,2,TASC
156.75,23.287212,7.708,2,TASC
156.76,23.287233,7.6788,2,TASC
156.77,23.287254,7.6496,2,TASC
156.78,23.287275,7.6205,2,TASC
156.79,23.287297,7.5913,2,TASC
156.8,23.287318,7.5622,2,TASC
156.81,23.287338,7.533,2,TASC
156.82,23.287359,7.5038,2,TASC
156.83,23.28738,7.4747,2,TASC
156.84,23.287401,7.4455,2,TASC
156.85,23.287421,7.4164,2,TASC
156.86,23.287442,7.3872,2,TASC
156.87,23.287462,7.358,2,TASC
156.88,23.287483,7.3289,2,TASC
156.89,23.287503,7.2997,2,TASC
156.9,23.287523,7.2706,2,TASC
156.91,23.287543,7.2414,2,TASC
156.92,23.287563,7.2122,2,TASC
156.93,23.287583,7.1831,2,TASC
156.94,23.287603,7.1539,2,TASC
156.95,23.287623,7.1248,2,TASC
156.96,23.287643,7.0956,2,TASC
156.97,23.287662,7.0665,2,TASC
156.98,23.287682,7.0373,2,TASC
156.99,23.287701,7.0082,2,TASC
157.0,23.287721,6.979,2,TASC
157.01,23.28774,6.9498,2,TASC
157.02,23.287759,6.9207,2,TASC
157.03,23.287778,6.8915,2,TASC
157.04,23.287797,6.8624,2,TASC
157.05,23.287816,6.8332,2,TASC
157.06,23.287835,6.8041,2,TASC
157.07,23.287854,6.7749,2,TASC
157.08,23.287873,6.7458,2,TASC
157.09,23.287892,6.7166,2,TASC
157.1,23.28791,6.6875,2,TASC
157.11,23.287929,6.6583,2,TASC
157.12,23.287947,6.6292,2,TASC
157.13,23.287965,6.6,2,TASC
157.14,23.287984,6.5709,2,TASC
157.15,23.288002,6.5417,2,TASC
157.16,23.28802,6.5126,2,TASC
157.17,23.288038,6.4834,2,TASC
157.18,23.288056,6.4543,2,TASC
157.19,23.288074,6.4251,2,TASC
157.2,23.288091,6.396,2,TASC
157.21,23.288109,6.3668,2,TASC
157.22,23.288127,6.3377,2,TASC
157.23,23.288144,6.3085,2,TASC
157.24,23.288162,6.2794,2,TASC
157.25,23.288179,6.2502,2,TASC
157.26,23.288196,6.2211,2,TASC
157.27,23.288213,6.1919,2,TASC
157.28,23.288231,6.1628,2,TASC
157.29,23.288248,6.1336,2,TASC
157.3,23.288265,6.1045,2,TASC
157.31,23.288281,6.0753,2,TASC
157.32,23.288298,6.0462,2,TASC
157.33,23.288315,6.0171,2,TASC
157.34,23.288332,5.9879,2,TASC
157.35,23.288348,5.9588,2,TASC
157.36,23.288365,5.9296,2,TASC
157.37,23.288381,5.9005,2,TASC
157.38,23.288397,5.8713,2,TASC
157.39,23.288414,5.8422,2,TASC
157.4,23.28843,5.8131,2,TASC
157.41,23.288446,5.7839,2,TASC
157.42,23.288462,5.7548,2,TASC
157.43,23.288478,5.7256,2,TASC
157.44,23.288493,5.6965,2,TASC
157.45,23.288509,5.6673,2,TASC
157.46,23.288525,5.6382,2,TASC
157.47,23.28854,5.6091,2,TASC
157.48,23.288556,5.5799,2,TASC
157.49,23.288571,5.5508,2,TASC
157.5,23.288587,5.5216,2,TASC
157.51,23.288602,5.4925,2,TASC
157.52,23.288617,5.4634,2,TASC
157.53,23.288632,5.4342,2,TASC
157.54,23.288647,5.4051,2,TASC
157.55,23.288662,5.376,2,TASC
157.56,23.288677,5.3468,2,TASC
157.57,23.288692,5.3177,2,TASC
157.58,23.288707,5.2885,2,TASC
157.59,23.288721,5.2594,2,TASC
157.6,23.288736,5.2303,2,TASC
157.61,23.28875,5.2011,2,TASC
157.62,23.288764,5.172,2,TASC
157.63,23.288779,5.1429,2,TASC
157.64,23.288793,5.1137,2,TASC
157.65,23.288807,5.0846,2,TASC
157.66,23.288821,5.0555,2,TASC
157.67,23.288835,5.0263,2,TASC
157.68,23.288849,4.9972,2,TASC
157.69,23.288863,4.968,2,TASC
157.7,23.288877,4.9389,2,TASC
157.71,23.28889,4.9098,2,TASC
157.72,23.288904,4.8806,2,TASC
157.73,23.288917,4.8515,2,TASC
157.74,23.288931,4.8224,2,TASC
157.75,23.288944,4.7933,2,TASC
157.76,23.288957,4.7641,2,TASC
157.77,23.28897,4.735,2,TASC
157.78,23.288983,4.7059,2,TASC
157.79,23.288996,4.6767,2,TASC
157.8,23.289009,4.6476,2,TASC
157.81,23.289022,4.6185,2,TASC
157.82,23.289035,4.5893,2,TASC
157.83,23.289047,4.5602,2,TASC
157.84,23.28906,4.5311,2,TASC
157.85,23.289073,4.5019,2,TASC
157.86,23.289085,4.4728,2,TASC
157.87,23.289097,4.4437,2,TASC
157.88,23.28911,4.4146,2,TASC
157.89,23.289122,4.3854,2,TASC
157.9,23.289134,4.3563,2,TASC
157.91,23.289146,4.3272,2,TASC
157.92,23.289158,4.298,2,TASC
157.93,23.28917,4.2689,2,TASC
157.94,23.289181,4.2398,2,TASC
157.95,23.289193,4.2107,2,TASC
157.96,23.289205,4.1815,2,TASC
157.97,23.289216,4.1524,2,TASC
157.98,23.289228,4.1233,2,TASC
157.99,23.289239,4.0942,2,TASC
158.0,23.28925,4.065,2,TASC
158.01,23.289262,4.0359,2,TASC
158.02,23.289273,4.0068,2,TASC
158.03,23.289284,3.9777,2,TASC
158.04,23.289295,3.9485,2,TASC
158.05,23.289306,3.9194,2,TASC
158.06,23.289317,3.8903,2,TASC
158.07,23.289327,3.8612,2,TASC
158.08,23.289338,3.8321,2,TASC
158.09,23.289348,3.8029,2,TASC
158.1,23.289359,3.7738,2,TASC
158.11,23.289369,3.7447,2,TASC
158.12,23.28938,3.7156,2,TASC
158.13,23.28939,3.6864,2,TASC
158.14,23.2894,3.6573,2,TASC
158.15,23.28941,3.6282,2,TASC
158.16,23.28942,3.5991,2,TASC
158.17,23.28943,3.57,2,TASC
158.18,23.28944,3.5408,2,TASC
158.19,23.28945,3.5117,2,TASC
158.2,23.289459,3.4826,2,TASC
158.21,23.289469,3.4535,2,TASC
158.22,23.289478,3.4244,2,TASC
158.23,23.289488,3.3952,2,TASC
158.24,23.289497,3.3661,2,TASC
158.25,23.289506,3.337,2,TASC
158.26,23.289516,3.3079,2,TASC
158.27,23.289525,3.2788,2,TASC
158.28,23.289534,3.2497,2,TASC
158.29,23.289543,3.2205,2,TASC
158.3,23.289552,3.1914,2,TASC
158.31,23.28956,3.1623,2,TASC
158.32,23.289569,3.1332,2,TASC
158.33,23.289578,3.1041,2,TASC
158.34,23.289586,3.075,2,TASC
158.35,23.289595,3.0458,2,TASC
158.36,23.289603,3.0167,2,TASC
158.37,23.289611,2.9876,2,TASC
158.38,23.28962,2.9585,2,TASC
158.39,23.289628,2.9294,2,TASC
158.4,23.289636,2.9003,2,TASC
158.41,23.289644,2.8712,2,TASC
158.42,23.289652,2.842,2,TASC
158.43,23.289659,2.8129,2,TASC
158.44,23.289667,2.7838,2,TASC
158.45,23.289675,2.7547,2,TASC
158.46,23.289682,2.7256,2,TASC
158.47,23.28969,2.6965,2,TASC
158.48,23.289697,2.6674,2,TASC
158.49,23.289705,2.6383,2,TASC
158.5,23.289712,2.6091,2,TASC
158.51,23.289719,2.58,2,TASC
158.52,23.289726,2.5509,2,TASC
158.53,23.289733,2.5218,2,TASC
158.54,23.28974,2.4927,2,TASC
158.55,23.289747,2.4636,2,TASC
158.56,23.289754,2.4345,2,TASC
158.57,23.28976,2.4054,2,TASC
158.58,23.289767,2.3763,2,TASC
158.59,23.289773,2.3472,2,TASC
158.6,23.28978,2.318,2,TASC
158.61,23.289786,2.2889,2,TASC
158.62,23.289793,2.2598,2,TASC
158.63,23.289799,2.2307,2,TASC
158.64,23.289805,2.2016,2,TASC
158.65,23.289811,2.1725,2,TASC
158.66,23.289817,2.1434,2,TASC
158.67,23.289823,2.1143,2,TASC
158.68,23.289829,2.0852,2,TASC
158.69,23.289834,2.0561,2,TASC
158.7,23.28984,2.027,2,TASC
158.71,23.289845,1.9979,2,TASC
158.72,23.289851,1.9688,2,TASC
158.73,23.289856,1.9397,2,TASC
158.74,23.289862,1.9106,2,TASC
158.75,23.289867,1.8814,2,TASC
158.76,23.289872,1.8523,2,TASC
158.77,23.289877,1.8232,2,TASC
158.78,23.289882,1.7941,2,TASC
158.79,23.289887,1.765,2,TASC
158.8,23.289892,1.7359,2,TASC
158.81,23.289896,1.7068,2,TASC
158.82,23.289901,1.6777,2,TASC
158.83,23.289906,1.6486,2,TASC
158.84,23.28991,1.6195,2,TASC
158.85,23.289915,1.5904,2,TASC
158.86,23.289919,1.5613,2,TASC
158.87,23.289923,1.5322,2,TASC
158.88,23.289927,1.5031,2,TASC
158.89,23.289931,1.474,2,TASC
158.9,23.289936,1.4449,2,TASC
158.91,23.289939,1.4158,2,TASC
158.92,23.289943,1.3867,2,TASC
158.93,23.289947,1.3576,2,TASC
158.94,23.289951,1.3285,2,TASC
158.95,23.289954,1.2994,2,TASC
158.96,23.289958,1.2703,2,TASC
158.97,23.289961,1.2412,2,TASC
158.98,23.289965,1.2121,2,TASC
158.99,23.289968,1.183,2,TASC
159.0,23.289971,1.1539,2,TASC
159.01,23.289974,1.1248,2,TASC
159.02,23.289977,1.0957,2,TASC
159.03,23.28998,1.0666,2,TASC
159.04,23.289983,1.0375,2,TASC
159.05,23.289986,1.0084,2,TASC
159.06,23.289989,0.9793,2,TASC
159.07,23.289991,0.9502,2,TASC
159.08,23.289994,0.9211,2,TASC
159.09,23.289996,0.892,2,TASC
159.1,23.289999,0.8629,2,TASC
159.11,23.290001,0.8338,2,TASC
159.12,23.290003,0.8047,2,TASC
159.13,23.290006,0.7756,2,TASC
159.14,23.290008,0.7466,2,TASC
159.15,23.29001,0.7175,2,TASC
159.16,23.290011,0.6884,2,TASC
159.17,23.290013,0.6593,2,TASC
159.18,23.290015,0.6302,2,TASC
159.19,23.290017,0.6011,2,TASC
159.2,23.290018,0.572,2,TASC
159.21,23.29002,0.5429,2,TASC
159.22,23.290021,0.5138,2,TASC
159.23,23.290023,0.4847,2,TASC
159.24,23.290024,0.4556,2,TASC
159.25,23.290025,0.4265,2,TASC
159.26,23.290026,0.3974,2,TASC
159.27,23.290027,0.3683,2,TASC
159.28,23.290028,0.3392,2,TASC
159.29,23.290029,0.3102,2,TASC
159.3,23.29003,0.2811,2,TASC
159.31,23.29003,0.252,2,TASC
159.32,23.290031,0.2229,2,TASC
159.33,23.290032,0.1938,2,TASC
159.34,23.290032,0.1647,2,TASC
159.35,23.290032,0.1356,2,TASC
159.36,23.290033,0.1065,2,TASC
159.37,23.290033,0.0774,2,TASC
159.38,23.290033,0.0483,2,TASC
159.39,23.290033,0.0192,2,TASC
159.4,23.290033,0,2,TASC
