time,position_km,kilometrage,speed,notch,gradient,atc_ceiling,atc_now
0.00,2.022500,13.989300,0.0000,P1,3.00,70.00,70.0
0.10,2.022505,13.989295,0.3194,P1,3.00,70.00,70.0
0.20,2.022519,13.989281,0.6387,P1,3.00,70.00,70.0
0.30,2.022541,13.989259,0.9581,P1,3.00,70.00,70.0
0.40,2.022573,13.989227,1.2773,P1,3.00,70.00,70.0
0.50,2.022613,13.989187,1.5965,P1,3.00,70.00,70.0
0.60,2.022662,13.989138,1.9157,P1,3.00,70.00,70.0
0.70,2.022720,13.989080,2.2348,P1,3.00,70.00,70.0
0.80,2.022787,13.989013,2.5539,P1,3.00,70.00,70.0
0.90,2.022863,13.988937,2.8729,P1,3.00,70.00,70.0
1.00,2.022948,13.988852,3.1919,P1,3.00,70.00,70.0
1.10,2.023041,13.988759,3.5108,P1,3.00,70.00,70.0
1.20,2.023144,13.988656,3.8297,P1,3.00,70.00,70.0
1.30,2.023255,13.988545,4.1485,P1,3.00,70.00,70.0
1.40,2.023375,13.988425,4.4673,P1,3.00,70.00,70.0
1.50,2.023504,13.988296,4.7860,P1,3.00,70.00,70.0
1.60,2.023642,13.988158,5.1047,P1,3.00,70.00,70.0
1.70,2.023789,13.988011,5.4233,P1,3.00,70.00,70.0
1.80,2.023944,13.987856,5.7419,P1,3.00,70.00,70.0
1.90,2.024108,13.987692,6.0604,P1,3.00,70.00,70.0
2.00,2.024282,13.987518,6.3789,P1,3.00,70.00,70.0
2.10,2.024464,13.987336,6.6973,P1,3.00,70.00,70.0
2.20,2.024655,13.987145,7.0156,P1,3.00,70.00,70.0
2.30,2.024854,13.986946,7.3339,P1,3.00,70.00,70.0
2.40,2.025063,13.986737,7.6522,P1,3.00,70.00,70.0
2.50,2.025280,13.986520,7.9703,P1,3.00,70.00,70.0
2.60,2.025507,13.986293,8.2885,P1,3.00,70.00,70.0
2.70,2.025742,13.986058,8.6065,P1,3.00,70.00,70.0
2.80,2.025986,13.985814,8.9246,P1,3.00,70.00,70.0
2.90,2.026238,13.985562,9.2425,P1,3.00,70.00,70.0
3.00,2.026500,13.985300,9.5604,P1,3.00,70.00,70.0
3.10,2.026770,13.985030,9.8783,P1,3.00,70.00,70.0
3.20,2.027050,13.984750,10.1961,P1,3.00,70.00,70.0
3.30,2.027338,13.984462,10.5138,P1,3.00,70.00,70.0
3.40,2.027635,13.984165,10.8230,P1,9.00,70.00,70.0
3.50,2.027940,13.983860,11.1194,P1,9.00,70.00,70.0
3.60,2.028253,13.983547,11.4158,P1,9.00,70.00,70.0
3.70,2.028575,13.983225,11.7121,P1,9.00,70.00,70.0
3.80,2.028905,13.982895,12.0084,P1,9.00,70.00,70.0
3.90,2.029243,13.982557,12.3046,P1,9.00,70.00,70.0
4.00,2.029589,13.982211,12.6007,P1,9.00,70.00,70.0
4.10,2.029944,13.981856,12.8968,P1,9.00,70.00,70.0
4.20,2.030306,13.981494,13.1929,P1,9.00,70.00,70.0
4.30,2.030677,13.981123,13.4888,P1,9.00,70.00,70.0
4.40,2.031057,13.980743,13.7848,P1,9.00,70.00,70.0
4.50,2.031444,13.980356,14.0806,P1,9.00,70.00,70.0
4.60,2.031840,13.979960,14.3764,P1,9.00,70.00,70.0
4.70,2.032244,13.979556,14.6721,P1,9.00,70.00,70.0
4.80,2.032656,13.979144,14.9678,P1,9.00,70.00,70.0
4.90,2.033076,13.978724,15.2634,P1,9.00,70.00,70.0
5.00,2.033504,13.978296,15.5589,P1,9.00,70.00,70.0
5.10,2.033941,13.977859,15.8544,P1,9.00,70.00,70.0
5.20,2.034386,13.977414,16.1498,P1,9.00,70.00,70.0
5.30,2.034839,13.976961,16.4452,P1,9.00,70.00,70.0
5.40,2.035300,13.976500,16.7405,P1,9.00,70.00,70.0
5.50,2.035770,13.976030,17.0357,P1,9.00,70.00,70.0
5.60,2.036248,13.975552,17.3309,P1,9.00,70.00,70.0
5.70,2.036734,13.975066,17.6260,P1,9.00,70.00,70.0
5.80,2.037228,13.974572,17.9210,P1,9.00,70.00,70.0
5.90,2.037730,13.974070,18.2160,P1,9.00,70.00,70.0
6.00,2.038241,13.973559,18.5109,P1,9.00,70.00,70.0
6.10,2.038759,13.973041,18.8057,P1,9.00,70.00,70.0
6.20,2.039286,13.972514,19.1004,P1,9.00,70.00,70.0
6.30,2.039821,13.971979,19.3951,P1,9.00,70.00,70.0
6.40,2.040364,13.971436,19.6898,P1,9.00,70.00,70.0
6.50,2.040916,13.970884,19.9843,P1,9.00,70.00,70.0
6.60,2.041476,13.970324,20.2788,P1,9.00,70.00,70.0
6.70,2.042043,13.969757,20.5732,P1,9.00,70.00,70.0
6.80,2.042619,13.969181,20.8676,P1,9.00,70.00,70.0
6.90,2.043203,13.968597,21.1619,P1,9.00,70.00,70.0
7.00,2.043796,13.968004,21.4561,P1,9.00,70.00,70.0
7.10,2.044396,13.967404,21.7502,P1,9.00,70.00,70.0
7.20,2.045005,13.966795,22.0443,P1,9.00,70.00,70.0
7.30,2.045622,13.966178,22.3383,P1,9.00,70.00,70.0
7.40,2.046247,13.965553,22.6322,P1,9.00,70.00,70.0
7.50,2.046880,13.964920,22.9260,P1,9.00,70.00,70.0
7.60,2.047521,13.964279,23.2198,P1,9.00,70.00,70.0
7.70,2.048171,13.963629,23.5135,P1,9.00,70.00,70.0
7.80,2.048828,13.962972,23.8071,P1,9.00,70.00,70.0
7.90,2.049494,13.962306,24.1007,P1,9.00,70.00,70.0
8.00,2.050168,13.961632,24.3942,P1,9.00,70.00,70.0
8.10,2.050850,13.960950,24.6876,P1,9.00,70.00,70.0
8.20,2.051540,13.960260,24.9809,P1,9.00,70.00,70.0
8.30,2.052239,13.959561,25.2742,P1,9.00,70.00,70.0
8.40,2.052945,13.958855,25.5673,P1,9.00,70.00,70.0
8.50,2.053660,13.958140,25.8605,P1,9.00,70.00,70.0
8.60,2.054383,13.957417,26.1535,P1,9.00,70.00,70.0
8.70,2.055114,13.956686,26.4464,P1,9.00,70.00,70.0
8.80,2.055853,13.955947,26.7393,P1,9.00,70.00,70.0
8.90,2.056600,13.955200,27.0321,P1,9.00,70.00,70.0
9.00,2.057356,13.954444,27.3248,P1,9.00,70.00,70.0
9.10,2.058119,13.953681,27.6174,P1,9.00,70.00,70.0
9.20,2.058891,13.952909,27.9100,P1,9.00,70.00,70.0
9.30,2.059670,13.952130,28.2025,P1,9.00,70.00,70.0
9.40,2.060458,13.951342,28.4949,P1,9.00,70.00,70.0
9.50,2.061254,13.950546,28.7872,P1,9.00,70.00,70.0
9.60,2.062058,13.949742,29.0794,P1,9.00,70.00,70.0
9.70,2.062871,13.948929,29.3716,P1,9.00,70.00,70.0
9.80,2.063691,13.948109,29.6637,P1,9.00,70.00,70.0
9.90,2.064519,13.947281,29.9557,P1,9.00,70.00,70.0
10.00,2.065356,13.946444,30.2476,P1,9.00,70.00,70.0
10.10,2.066201,13.945599,30.5394,P1,9.00,70.00,70.0
10.20,2.067053,13.944747,30.8311,P1,9.00,70.00,70.0
10.30,2.067914,13.943886,31.1228,P1,9.00,70.00,70.0
10.40,2.068783,13.943017,31.4144,P1,9.00,70.00,70.0
10.50,2.069660,13.942140,31.7059,P1,9.00,70.00,70.0
10.60,2.070546,13.941254,31.9973,P1,9.00,70.00,70.0
10.70,2.071439,13.940361,32.2886,P1,9.00,70.00,70.0
10.80,2.072340,13.939460,32.5798,P1,9.00,70.00,70.0
10.90,2.073250,13.938550,32.8710,P1,9.00,70.00,70.0
11.00,2.074167,13.937633,33.1621,P1,9.00,70.00,70.0
11.10,2.075093,13.936707,33.4530,P1,9.00,70.00,70.0
11.20,2.076026,13.935774,33.7439,P1,9.00,70.00,70.0
11.30,2.076968,13.934832,34.0347,P1,9.00,70.00,70.0
11.40,2.077918,13.933882,34.3255,P1,9.00,70.00,70.0
11.50,2.078876,13.932924,34.6161,P1,9.00,70.00,70.0
11.60,2.079842,13.931958,34.9066,P1,9.00,70.00,70.0
11.70,2.080816,13.930984,35.1971,P1,9.00,70.00,70.0
11.80,2.081798,13.930002,35.4874,P1,9.00,70.00,70.0
11.90,2.082788,13.929012,35.7777,P1,9.00,70.00,70.0
12.00,2.083787,13.928013,36.0679,P1,9.00,70.00,70.0
12.10,2.084793,13.927007,36.3580,P1,9.00,70.00,70.0
12.20,2.085807,13.925993,36.6480,P1,9.00,70.00,70.0
12.30,2.086830,13.924970,36.9379,P1,9.00,70.00,70.0
12.40,2.087860,13.923940,37.2278,P1,9.00,70.00,70.0
12.50,2.088899,13.922901,37.5175,P1,9.00,70.00,70.0
12.60,2.089945,13.921855,37.8071,P1,9.00,70.00,70.0
12.70,2.091000,13.920800,38.0967,P1,9.00,70.00,70.0
12.80,2.092063,13.919737,38.3861,P1,9.00,70.00,70.0
12.90,2.093133,13.918667,38.6755,P1,9.00,70.00,70.0
13.00,2.094212,13.917588,38.9648,P1,9.00,70.00,70.0
13.10,2.095299,13.916501,39.2539,P1,9.00,70.00,70.0
13.20,2.096394,13.915406,39.5430,P1,9.00,70.00,70.0
13.30,2.097496,13.914304,39.8320,P1,9.00,70.00,70.0
13.40,2.098607,13.913193,40.1207,P1,9.00,70.00,70.0
13.50,2.099726,13.912074,40.4074,P1,9.00,70.00,70.0
13.60,2.100853,13.910947,40.6917,P1,9.00,70.00,70.0
13.70,2.101988,13.909812,40.9735,P1,9.00,70.00,70.0
13.80,2.103130,13.908670,41.2530,P1,9.00,70.00,70.0
13.90,2.104280,13.907520,41.5302,P1,9.00,70.00,70.0
14.00,2.105438,13.906362,41.8051,P1,9.00,70.00,70.0
14.10,2.106603,13.905197,42.0778,P1,9.00,70.00,70.0
14.20,2.107776,13.904024,42.3484,P1,9.00,70.00,70.0
14.30,2.108957,13.902843,42.6168,P1,9.00,70.00,70.0
14.40,2.110145,13.901655,42.8832,P1,9.00,70.00,70.0
14.50,2.111340,13.900460,43.1475,P1,9.00,70.00,70.0
14.60,2.112543,13.899257,43.4098,P1,9.00,70.00,70.0
14.70,2.113752,13.898048,43.6701,P1,9.00,70.00,70.0
14.80,2.114969,13.896831,43.9286,P1,9.00,70.00,70.0
14.90,2.116193,13.895607,44.1851,P1,9.00,70.00,70.0
15.00,2.117425,13.894375,44.4398,P1,9.00,70.00,70.0
15.10,2.118663,13.893137,44.6926,P1,9.00,70.00,70.0
15.20,2.119908,13.891892,44.9437,P1,9.00,70.00,70.0
15.30,2.121161,13.890639,45.1930,P1,9.00,70.00,70.0
15.40,2.122420,13.889380,45.4405,P1,9.00,70.00,70.0
15.50,2.123686,13.888114,45.6864,P1,9.00,70.00,70.0
15.60,2.124959,13.886841,45.9306,P1,9.00,70.00,70.0
15.70,2.126238,13.885562,46.1731,P1,9.00,70.00,70.0
15.80,2.127524,13.884276,46.4140,P1,9.00,70.00,70.0
15.90,2.128817,13.882983,46.6534,P1,9.00,70.00,70.0
16.00,2.130117,13.881683,46.8911,P1,9.00,70.00,70.0
16.10,2.131423,13.880377,47.1274,P1,9.00,70.00,70.0
16.20,2.132736,13.879064,47.3621,P1,9.00,70.00,70.0
16.30,2.134055,13.877745,47.5953,P1,9.00,70.00,70.0
16.40,2.135381,13.876419,47.8270,P1,9.00,70.00,70.0
16.50,2.136713,13.875087,48.0573,P1,9.00,70.00,70.0
16.60,2.138051,13.873749,48.2862,P1,9.00,70.00,70.0
16.70,2.139396,13.872404,48.5136,P1,9.00,70.00,70.0
16.80,2.140747,13.871053,48.7397,P1,9.00,70.00,70.0
16.90,2.142104,13.869696,48.9644,P1,9.00,70.00,70.0
17.00,2.143468,13.868332,49.1878,P1,9.00,70.00,70.0
17.10,2.144837,13.866963,49.4098,P1,9.00,70.00,70.0
17.20,2.146213,13.865587,49.6306,P1,9.00,70.00,70.0
17.30,2.147595,13.864205,49.8500,P1,9.00,70.00,70.0
17.40,2.148983,13.862817,50.0682,P1,9.00,70.00,70.0
17.50,2.150377,13.861423,50.2851,P1,9.00,70.00,70.0
17.60,2.151778,13.860022,50.5008,P1,9.00,70.00,70.0
17.70,2.153184,13.858616,50.7152,P1,9.00,70.00,70.0
17.80,2.154596,13.857204,50.9285,P1,9.00,70.00,70.0
17.90,2.156014,13.855786,51.1405,P1,9.00,70.00,70.0
18.00,2.157437,13.854363,51.3514,P1,9.00,70.00,70.0
18.10,2.158867,13.852933,51.5612,P1,9.00,70.00,70.0
18.20,2.160302,13.851498,51.7698,P1,9.00,70.00,70.0
18.30,2.161744,13.850056,51.9772,P1,9.00,70.00,70.0
18.40,2.163191,13.848609,52.1836,P1,9.00,70.00,70.0
18.50,2.164643,13.847157,52.3888,P1,9.00,70.00,70.0
18.60,2.166102,13.845698,52.5930,P1,9.00,70.00,70.0
18.70,2.167566,13.844234,52.7961,P1,9.00,70.00,70.0
18.80,2.169035,13.842765,52.9981,P1,9.00,70.00,70.0
18.90,2.170511,13.841289,53.1991,P1,9.00,70.00,70.0
19.00,2.171991,13.839809,53.3990,P1,9.00,70.00,70.0
19.10,2.173478,13.838322,53.5980,P1,9.00,70.00,70.0
19.20,2.174970,13.836830,53.7959,P1,9.00,70.00,70.0
19.30,2.176467,13.835333,53.9928,P1,9.00,70.00,70.0
19.40,2.177970,13.833830,54.1887,P1,9.00,70.00,70.0
19.50,2.179478,13.832322,54.3837,P1,9.00,70.00,70.0
19.60,2.180992,13.830808,54.5776,P1,9.00,70.00,70.0
19.70,2.182511,13.829289,54.7707,P1,9.00,70.00,70.0
19.80,2.184035,13.827765,54.9628,P1,9.00,70.00,70.0
19.90,2.185565,13.826235,55.1539,P1,9.00,70.00,70.0
20.00,2.187100,13.824700,55.3441,P1,9.00,70.00,70.0
20.10,2.188640,13.823160,55.5334,P1,9.00,70.00,70.0
20.20,2.190185,13.821615,55.7219,P1,9.00,70.00,70.0
20.30,2.191736,13.820064,55.9094,P1,9.00,70.00,70.0
20.40,2.193292,13.818508,56.0960,P1,9.00,70.00,70.0
20.50,2.194853,13.816947,56.2818,P1,9.00,70.00,70.0
20.60,2.196419,13.815381,56.4667,P1,9.00,70.00,70.0
20.70,2.197990,13.813810,56.6507,P1,9.00,70.00,70.0
20.80,2.199567,13.812233,56.8339,P1,9.00,70.00,70.0
20.90,2.201148,13.810652,57.0163,P1,9.00,70.00,70.0
21.00,2.202735,13.809065,57.1978,P1,9.00,70.00,70.0
21.10,2.204326,13.807474,57.3785,P1,9.00,70.00,70.0
21.20,2.205923,13.805877,57.5584,P1,9.00,70.00,70.0
21.30,2.207525,13.804275,57.7374,P1,9.00,70.00,70.0
21.40,2.209131,13.802669,57.9157,P1,9.00,70.00,70.0
21.50,2.210743,13.801057,58.0932,P1,9.00,70.00,70.0
21.60,2.212359,13.799441,58.2699,P1,9.00,70.00,70.0
21.70,2.213980,13.797820,58.4459,P1,9.00,70.00,70.0
21.80,2.215607,13.796193,58.6210,P1,9.00,70.00,70.0
21.90,2.217238,13.794562,58.7954,P1,9.00,70.00,70.0
22.00,2.218873,13.792927,58.9691,P1,9.00,70.00,70.0
22.10,2.220514,13.791286,59.1420,P1,9.00,70.00,70.0
22.20,2.222160,13.789640,59.3142,P1,9.00,70.00,70.0
22.30,2.223810,13.787990,59.4856,P1,9.00,70.00,70.0
22.40,2.225465,13.786335,59.6563,P1,9.00,70.00,70.0
22.50,2.227125,13.784675,59.8263,P1,9.00,70.00,70.0
22.60,2.228790,13.783010,60.0474,P1,-12.00,70.00,70.0
22.70,2.230461,13.781339,60.2897,P1,-12.00,70.00,70.0
22.80,2.232140,13.779660,60.5310,P1,-12.00,70.00,70.0
22.90,2.233825,13.777975,60.7714,P1,-12.00,70.00,70.0
23.00,2.235516,13.776284,61.0107,P1,-12.00,70.00,70.0
23.10,2.237215,13.774585,61.2491,P1,-12.00,70.00,70.0
23.20,2.238920,13.772880,61.4865,P1,-12.00,70.00,70.0
23.30,2.240631,13.771169,61.7230,P1,-12.00,70.00,70.0
23.40,2.242350,13.769450,61.9585,P1,-12.00,70.00,70.0
23.50,2.244074,13.767726,62.1931,P1,-12.00,70.00,70.0
23.60,2.245805,13.765995,62.4268,P1,-12.00,70.00,70.0
23.70,2.247543,13.764257,62.6595,P1,-12.00,70.00,70.0
23.80,2.249287,13.762513,62.8914,P1,-12.00,70.00,70.0
23.90,2.251038,13.760762,63.1224,P1,-12.00,69.92,70.0
24.00,2.252795,13.759005,63.3525,P1,-12.00,69.74,70.0
24.10,2.254558,13.757242,63.5817,P1,-12.00,69.50,70.0
24.20,2.256327,13.755473,63.8101,P1,-12.00,69.31,70.0
24.30,2.258103,13.753697,64.0067,B2,-12.00,69.07,70.0
24.40,2.259880,13.751920,63.9256,B2,-12.00,68.88,70.0
24.50,2.261655,13.750145,63.8445,B2,-12.00,68.64,70.0
24.60,2.263427,13.748373,63.7633,B2,-12.00,68.45,70.0
24.70,2.265197,13.746603,63.6822,B2,-12.00,68.20,70.0
24.80,2.266964,13.744836,63.6010,B2,-12.00,68.01,70.0
24.90,2.268730,13.743070,63.5199,B2,-12.00,67.76,70.0
25.00,2.270493,13.741307,63.4387,B2,-12.00,67.58,70.0
25.10,2.272254,13.739546,63.3576,B2,-12.00,67.33,70.0
25.20,2.274013,13.737787,63.2764,B2,-12.00,67.07,70.0
25.30,2.275769,13.736031,63.1953,B2,-12.00,66.88,70.0
25.40,2.277523,13.734277,63.1142,B2,-12.00,66.63,70.0
25.50,2.279275,13.732525,63.0330,B2,-12.00,66.44,70.0
25.60,2.281025,13.730775,62.9519,B2,-12.00,66.18,70.0
25.70,2.282772,13.729028,62.8707,B2,-12.00,65.99,70.0
25.80,2.284518,13.727282,62.7896,B2,-12.00,65.74,70.0
25.90,2.286261,13.725539,62.7084,B2,-12.00,65.54,70.0
26.00,2.288001,13.723799,62.6273,B2,-12.00,65.29,70.0
26.10,2.289740,13.722060,62.5461,B2,-12.00,65.09,70.0
26.20,2.291476,13.720324,62.4650,B2,-12.00,64.90,70.0
26.30,2.293210,13.718590,62.3839,B2,-12.00,64.64,70.0
26.40,2.294941,13.716859,62.3027,B2,-12.00,64.44,70.0
26.50,2.296671,13.715129,62.2216,B2,-12.00,64.18,70.0
26.60,2.298398,13.713402,62.1404,B2,-12.00,63.98,70.0
26.70,2.300123,13.711677,62.0593,B2,-12.00,63.72,70.0
26.80,2.301845,13.709955,61.9781,B2,-12.00,63.52,70.0
26.90,2.303566,13.708234,61.8970,B2,-12.00,63.25,70.0
27.00,2.305284,13.706516,61.8159,B2,-12.00,63.05,70.0
27.10,2.307000,13.704800,61.7347,B2,-12.00,62.85,70.0
27.20,2.308713,13.703087,61.6536,B2,-12.00,62.59,70.0
27.30,2.310425,13.701375,61.5724,B2,-12.00,62.39,70.0
27.40,2.312134,13.699666,61.4913,B2,-12.00,62.12,70.0
27.50,2.313841,13.697959,61.4101,B2,-12.00,61.91,70.0
27.60,2.315545,13.696255,61.3290,B2,-12.00,61.64,70.0
27.70,2.317248,13.694552,61.2478,B2,-12.00,61.44,70.0
27.80,2.318948,13.692852,61.1667,B2,-12.00,61.23,70.0
27.90,2.320645,13.691155,61.0856,B2,-12.00,60.96,70.0
28.00,2.322341,13.689459,61.0044,B2,-12.00,60.75,70.0
28.10,2.324034,13.687766,60.9233,B2,-12.00,60.48,70.0
28.20,2.325725,13.686075,60.8421,B2,-12.00,60.27,70.0
28.30,2.327414,13.684386,60.7610,B2,-12.00,60.06,70.0
28.40,2.329101,13.682699,60.6798,B2,-12.00,59.78,70.0
28.50,2.330785,13.681015,60.5987,B2,-12.00,59.57,70.0
28.60,2.332467,13.679333,60.5175,B2,-12.00,59.36,70.0
28.70,2.334147,13.677653,60.4364,B2,-12.00,59.08,70.0
28.80,2.335825,13.675975,60.3553,B2,-12.00,58.87,70.0
28.90,2.337500,13.674300,60.2741,B2,-12.00,58.65,70.0
29.00,2.339173,13.672627,60.1930,B2,-12.00,58.37,70.0
29.10,2.340844,13.670956,60.1118,B2,-12.00,58.16,70.0
29.20,2.342512,13.669288,60.0307,B2,-12.00,57.87,70.0
29.30,2.344179,13.667621,59.9495,B2,-12.00,57.65,70.0
29.40,2.345843,13.665957,59.8684,B2,-12.00,57.44,70.0
29.50,2.347504,13.664296,59.7873,B2,-12.00,57.15,70.0
29.60,2.349164,13.662636,59.7061,B2,-12.00,56.93,70.0
29.70,2.350821,13.660979,59.6250,B2,-12.00,56.71,70.0
29.80,2.352476,13.659324,59.5438,B2,-12.00,56.49,70.0
29.90,2.354129,13.657671,59.4627,B2,-12.00,56.19,70.0
30.00,2.355779,13.656021,59.3815,B2,-12.00,55.97,70.0
30.10,2.357428,13.654372,59.3004,B2,-12.00,55.75,70.0
30.20,2.359074,13.652726,59.2192,B2,-12.00,55.45,70.0
30.30,2.360717,13.651083,59.1381,B2,-12.00,55.23,70.0
30.40,2.362359,13.649441,59.0570,B2,-12.00,55.00,55.0
30.50,2.363998,13.647802,58.9758,B2,-12.00,55.00,55.0
30.60,2.365635,13.646165,58.8947,B2,-12.00,55.00,55.0
30.70,2.367270,13.644530,58.8135,B2,-12.00,55.00,55.0
30.80,2.368902,13.642898,58.7324,B2,-12.00,55.00,55.0
30.90,2.370532,13.641268,58.6512,B2,-12.00,55.00,55.0
31.00,2.372160,13.639640,58.5701,B2,-12.00,55.00,55.0
31.10,2.373786,13.638014,58.4889,B2,-12.00,55.00,55.0
31.20,2.375410,13.636390,58.4078,B2,-12.00,55.00,55.0
31.30,2.377031,13.634769,58.3267,B2,-12.00,55.00,55.0
31.40,2.378650,13.633150,58.2455,B2,-12.00,55.00,55.0
31.50,2.380266,13.631534,58.1644,B2,-12.00,55.00,55.0
31.60,2.381881,13.629919,58.0832,B2,-12.00,55.00,55.0
31.70,2.383493,13.628307,58.0021,B2,-12.00,55.00,55.0
31.80,2.385103,13.626697,57.9209,B2,-12.00,55.00,55.0
31.90,2.386711,13.625089,57.8398,B2,-12.00,55.00,55.0
32.00,2.388316,13.623484,57.7717,C,9.00,55.00,55.0
32.10,2.389920,13.621880,57.7166,C,9.00,55.00,55.0
32.20,2.391522,13.620278,57.6615,C,9.00,55.00,55.0
32.30,2.393123,13.618677,57.6065,C,9.00,55.00,55.0
32.40,2.394723,13.617077,57.5514,C,9.00,55.00,55.0
32.50,2.396320,13.615480,57.4964,C,9.00,55.00,55.0
32.60,2.397917,13.613883,57.4415,C,9.00,55.00,55.0
32.70,2.399512,13.612288,57.3865,C,9.00,55.00,55.0
32.80,2.401105,13.610695,57.3316,C,9.00,55.00,55.0
32.90,2.402696,13.609104,57.2767,C,9.00,55.00,55.0
33.00,2.404287,13.607513,57.2218,C,9.00,55.00,55.0
33.10,2.405875,13.605925,57.1669,C,9.00,55.00,55.0
33.20,2.407462,13.604338,57.1121,C,9.00,55.00,55.0
33.30,2.409048,13.602752,57.0573,C,9.00,55.00,55.0
33.40,2.410632,13.601168,57.0025,C,9.00,55.00,55.0
33.50,2.412215,13.599585,56.9477,C,9.00,55.00,55.0
33.60,2.413796,13.598004,56.8930,C,9.00,55.00,55.0
33.70,2.415375,13.596425,56.8382,C,9.00,55.00,55.0
33.80,2.416953,13.594847,56.7835,C,9.00,55.00,55.0
33.90,2.418530,13.593270,56.7288,C,9.00,55.00,55.0
34.00,2.420105,13.591695,56.6742,C,9.00,55.00,55.0
34.10,2.421678,13.590122,56.6195,C,9.00,55.00,55.0
34.20,2.423250,13.588550,56.5649,C,9.00,55.00,55.0
34.30,2.424821,13.586979,56.5103,C,9.00,55.00,55.0
34.40,2.426389,13.585411,56.4558,C,9.00,55.00,55.0
34.50,2.427957,13.583843,56.4012,C,9.00,55.00,55.0
34.60,2.429523,13.582277,56.3467,C,9.00,55.00,55.0
34.70,2.431087,13.580713,56.2922,C,9.00,55.00,55.0
34.80,2.432650,13.579150,56.2377,C,9.00,55.00,55.0
34.90,2.434211,13.577589,56.1832,C,9.00,55.00,55.0
35.00,2.435771,13.576029,56.1288,C,9.00,55.00,55.0
35.10,2.437329,13.574471,56.0744,C,9.00,55.00,55.0
35.20,2.438886,13.572914,56.0200,C,9.00,55.00,55.0
35.30,2.440441,13.571359,55.9656,C,9.00,55.00,55.0
35.40,2.441995,13.569805,55.9113,C,9.00,55.00,55.0
35.50,2.443547,13.568253,55.8569,C,9.00,55.00,55.0
35.60,2.445098,13.566702,55.8026,C,9.00,55.00,55.0
35.70,2.446647,13.565153,55.7483,C,9.00,55.00,55.0
35.80,2.448195,13.563605,55.6941,C,9.00,55.00,55.0
35.90,2.449741,13.562059,55.6398,C,9.00,55.00,55.0
36.00,2.451286,13.560514,55.5856,C,9.00,55.00,55.0
36.10,2.452829,13.558971,55.5314,C,9.00,55.00,55.0
36.20,2.454371,13.557429,55.4772,C,9.00,55.00,55.0
36.30,2.455911,13.555889,55.4231,C,9.00,55.00,55.0
36.40,2.457450,13.554350,55.3690,C,9.00,55.00,55.0
36.50,2.458987,13.552813,55.3148,C,9.00,55.00,55.0
36.60,2.460523,13.551277,55.2608,C,9.00,55.00,55.0
36.70,2.462057,13.549743,55.2067,C,9.00,55.00,55.0
36.80,2.463590,13.548210,55.1526,C,9.00,55.00,55.0
36.90,2.465121,13.546679,55.0986,C,9.00,55.00,55.0
37.00,2.466651,13.545149,55.0446,C,9.00,55.00,55.0
37.10,2.468179,13.543621,54.9906,C,9.00,55.00,55.0
37.20,2.469705,13.542095,54.9367,C,9.00,55.00,55.0
37.30,2.471231,13.540569,54.8828,C,9.00,55.00,55.0
37.40,2.472754,13.539046,54.8288,C,9.00,55.00,55.0
37.50,2.474277,13.537523,54.7749,C,9.00,55.00,55.0
37.60,2.475797,13.536003,54.7211,C,9.00,55.00,55.0
37.70,2.477316,13.534484,54.6672,C,9.00,55.00,55.0
37.80,2.478834,13.532966,54.6134,C,9.00,55.00,55.0
37.90,2.480350,13.531450,54.5596,C,9.00,55.00,55.0
38.00,2.481865,13.529935,54.5058,C,9.00,55.00,55.0
38.10,2.483378,13.528422,54.4520,C,9.00,55.00,55.0
38.20,2.484890,13.526910,54.3983,C,9.00,55.00,55.0
38.30,2.486400,13.525400,54.3446,C,9.00,55.00,55.0
38.40,2.487909,13.523891,54.2909,C,9.00,55.00,55.0
38.50,2.489416,13.522384,54.2372,C,9.00,55.00,55.0
38.60,2.490922,13.520878,54.1835,C,9.00,55.00,55.0
38.70,2.492426,13.519374,54.1299,C,9.00,55.00,55.0
38.80,2.493929,13.517871,54.0763,C,9.00,55.00,55.0
38.90,2.495430,13.516370,54.0227,C,9.00,55.00,55.0
39.00,2.496930,13.514870,53.9691,C,9.00,55.00,55.0
39.10,2.498429,13.513371,53.9156,C,9.00,55.00,55.0
39.20,2.499925,13.511875,53.8620,C,9.00,55.00,55.0
39.30,2.501421,13.510379,53.8085,C,9.00,55.00,55.0
39.40,2.502915,13.508885,53.7551,C,9.00,55.00,55.0
39.50,2.504407,13.507393,53.7016,C,9.00,55.00,55.0
39.60,2.505898,13.505902,53.6481,C,9.00,55.00,55.0
39.70,2.507387,13.504413,53.5947,C,9.00,55.00,55.0
39.80,2.508875,13.502925,53.5413,C,9.00,55.00,55.0
39.90,2.510362,13.501438,53.4879,C,9.00,55.00,55.0
40.00,2.511847,13.499953,53.4346,C,9.00,55.00,55.0
40.10,2.513330,13.498470,53.3812,C,9.00,55.00,55.0
40.20,2.514812,13.496988,53.3279,C,9.00,55.00,55.0
40.30,2.516293,13.495507,53.2746,C,9.00,55.00,55.0
40.40,2.517772,13.494028,53.2213,C,9.00,55.00,55.0
40.50,2.519249,13.492551,53.1681,C,9.00,55.00,55.0
40.60,2.520725,13.491075,53.1149,C,9.00,55.00,55.0
40.70,2.522200,13.489600,53.0616,C,9.00,55.00,55.0
40.80,2.523673,13.488127,53.0084,C,9.00,55.00,55.0
40.90,2.525145,13.486655,52.9553,C,9.00,55.00,55.0
41.00,2.526615,13.485185,52.9021,C,9.00,55.00,55.0
41.10,2.528084,13.483716,52.8490,C,9.00,55.00,55.0
41.20,2.529551,13.482249,52.7959,C,9.00,55.00,55.0
41.30,2.531017,13.480783,52.7428,C,9.00,55.00,55.0
41.40,2.532481,13.479319,52.6897,C,9.00,55.00,55.0
41.50,2.533944,13.477856,52.6367,C,9.00,55.00,55.0
41.60,2.535405,13.476395,52.5836,C,9.00,55.00,55.0
41.70,2.536865,13.474935,52.5306,C,9.00,55.00,55.0
41.80,2.538323,13.473477,52.4777,C,9.00,55.00,55.0
41.90,2.539780,13.472020,52.4247,C,9.00,55.00,55.0
42.00,2.541235,13.470565,52.3717,C,9.00,55.00,55.0
42.10,2.542689,13.469111,52.3188,C,9.00,55.00,55.0
42.20,2.544142,13.467658,52.2659,C,9.00,55.00,55.0
42.30,2.545593,13.466207,52.2130,C,9.00,55.00,55.0
42.40,2.547042,13.464758,52.1602,C,9.00,55.00,55.0
42.50,2.548491,13.463309,52.1073,C,9.00,55.00,55.0
42.60,2.549937,13.461863,52.0545,C,9.00,55.00,55.0
42.70,2.551382,13.460418,52.0017,C,9.00,55.00,55.0
42.80,2.552826,13.458974,51.9489,C,9.00,55.00,55.0
42.90,2.554268,13.457532,51.8962,C,9.00,55.00,55.0
43.00,2.555709,13.456091,51.8434,C,9.00,55.00,55.0
43.10,2.557148,13.454652,51.7907,C,9.00,55.00,55.0
43.20,2.558586,13.453214,51.7380,C,9.00,55.00,55.0
43.30,2.560022,13.451778,51.6853,C,9.00,55.00,55.0
43.40,2.561457,13.450343,51.6327,C,9.00,55.00,55.0
43.50,2.562891,13.448909,51.5800,C,9.00,55.00,55.0
43.60,2.564323,13.447477,51.5274,C,9.00,55.00,55.0
43.70,2.565753,13.446047,51.4748,C,9.00,55.00,55.0
43.80,2.567182,13.444618,51.4222,C,9.00,55.00,55.0
43.90,2.568610,13.443190,51.3697,C,9.00,55.00,55.0
44.00,2.570036,13.441764,51.3171,C,9.00,55.00,55.0
44.10,2.571461,13.440339,51.2646,C,9.00,55.00,55.0
44.20,2.572884,13.438916,51.2121,C,9.00,55.00,55.0
44.30,2.574306,13.437494,51.1596,C,9.00,55.00,55.0
44.40,2.575726,13.436074,51.1072,C,9.00,55.00,55.0
44.50,2.577145,13.434655,51.0547,C,9.00,55.00,55.0
44.60,2.578563,13.433237,51.1110,C,-35.00,55.00,55.0
44.70,2.579985,13.431815,51.2137,C,-35.00,55.00,55.0
44.80,2.581409,13.430391,51.3165,C,-35.00,55.00,55.0
44.90,2.582836,13.428964,51.4192,C,-35.00,55.00,55.0
45.00,2.584266,13.427534,51.5218,C,-35.00,55.00,55.0
45.10,2.585699,13.426101,51.6244,C,-35.00,55.00,55.0
45.20,2.587134,13.424666,51.7270,C,-35.00,55.00,55.0
45.30,2.588573,13.423227,51.8295,C,-35.00,55.00,55.0
45.40,2.590014,13.421786,51.9320,C,-35.00,55.00,55.0
45.50,2.591458,13.420342,52.0345,C,-35.00,55.00,55.0
45.60,2.592905,13.418895,52.1369,C,-35.00,55.00,55.0
45.70,2.594355,13.417445,52.2392,C,-35.00,55.00,55.0
45.80,2.595807,13.415993,52.3416,C,-35.00,55.00,55.0
45.90,2.597263,13.414537,52.4439,C,-35.00,55.00,55.0
46.00,2.598721,13.413079,52.5461,C,-35.00,55.00,55.0
46.10,2.600182,13.411618,52.6483,C,-35.00,55.00,55.0
46.20,2.601646,13.410154,52.7505,C,-35.00,55.00,55.0
46.30,2.603113,13.408687,52.8526,C,-35.00,55.00,55.0
46.40,2.604583,13.407217,52.9547,C,-35.00,55.00,55.0
46.50,2.606056,13.405744,53.0568,C,-35.00,55.00,55.0
46.60,2.607531,13.404269,53.1588,C,-35.00,55.00,55.0
46.70,2.609009,13.402791,53.2608,C,-35.00,55.00,55.0
46.80,2.610490,13.401310,53.3627,C,-35.00,55.00,55.0
46.90,2.611974,13.399826,53.4646,C,-35.00,55.00,55.0
47.00,2.613461,13.398339,53.5665,C,-35.00,55.00,55.0
47.10,2.614950,13.396850,53.6683,C,-35.00,55.00,55.0
47.20,2.616442,13.395358,53.7700,C,-35.00,55.00,55.0
47.30,2.617938,13.393862,53.8718,C,-35.00,55.00,55.0
47.40,2.619436,13.392364,53.9735,C,-35.00,55.00,55.0
47.50,2.620936,13.390864,54.0751,C,-35.00,55.00,55.0
47.60,2.622440,13.389360,54.1767,C,-35.00,55.00,55.0
47.70,2.623946,13.387854,54.2072,B2,-35.00,55.00,55.0
47.80,2.625452,13.386348,54.2072,B2,-35.00,55.00,55.0
47.90,2.626957,13.384843,54.2072,B2,-35.00,55.00,55.0
48.00,2.628463,13.383337,54.2072,B2,-35.00,55.00,55.0
48.10,2.629969,13.381831,54.2072,B2,-35.00,55.00,55.0
48.20,2.631475,13.380325,54.2072,B2,-35.00,55.00,55.0
48.30,2.632980,13.378820,54.2072,B2,-35.00,55.00,55.0
48.40,2.634486,13.377314,54.2072,B2,-35.00,55.00,55.0
48.50,2.635992,13.375808,54.2072,B2,-35.00,55.00,55.0
48.60,2.637498,13.374302,54.2072,B2,-35.00,55.00,55.0
48.70,2.639003,13.372797,54.2072,B2,-35.00,55.00,55.0
48.80,2.640509,13.371291,54.2072,B2,-35.00,55.00,55.0
48.90,2.642015,13.369785,54.2072,B2,-35.00,55.00,55.0
49.00,2.643521,13.368279,54.2072,B2,-35.00,55.00,55.0
49.10,2.645026,13.366774,54.2072,B2,-35.00,55.00,55.0
49.20,2.646532,13.365268,54.2072,B2,-35.00,55.00,55.0
49.30,2.648038,13.363762,54.2072,B2,-35.00,55.00,55.0
49.40,2.649544,13.362256,54.2072,B2,-35.00,55.00,55.0
49.50,2.651049,13.360751,54.2072,B2,-35.00,55.00,55.0
49.60,2.652555,13.359245,54.2072,B2,-35.00,55.00,55.0
49.70,2.654061,13.357739,54.2072,B2,-35.00,55.00,55.0
49.80,2.655567,13.356233,54.2072,B2,-35.00,55.00,55.0
49.90,2.657072,13.354728,54.2072,B2,-35.00,55.00,55.0
50.00,2.658578,13.353222,54.2072,B2,-35.00,55.00,55.0
50.10,2.660084,13.351716,54.2072,B2,-35.00,55.00,55.0
50.20,2.661590,13.350210,54.2072,B2,-35.00,55.00,55.0
50.30,2.663095,13.348705,54.2072,B2,-35.00,55.00,55.0
50.40,2.664601,13.347199,54.2072,B2,-35.00,55.00,55.0
50.50,2.666107,13.345693,54.2072,B2,-35.00,55.00,55.0
50.60,2.667613,13.344187,54.2072,B2,-35.00,55.00,55.0
50.70,2.669118,13.342682,54.2072,B2,-35.00,55.00,55.0
50.80,2.670624,13.341176,54.2072,B2,-35.00,55.00,55.0
50.90,2.672130,13.339670,54.2072,B2,-35.00,55.00,55.0
51.00,2.673636,13.338164,54.2072,B2,-35.00,55.00,55.0
51.10,2.675141,13.336659,54.2072,B2,-35.00,55.00,55.0
51.20,2.676647,13.335153,54.2072,B2,-35.00,55.00,55.0
51.30,2.678153,13.333647,54.2072,B2,-35.00,55.00,55.0
51.40,2.679659,13.332141,54.2072,B2,-35.00,55.00,55.0
51.50,2.681164,13.330636,54.2072,B2,-35.00,55.00,55.0
51.60,2.682670,13.329130,54.2072,B2,-35.00,55.00,55.0
51.70,2.684176,13.327624,54.2072,B2,-35.00,55.00,55.0
51.80,2.685682,13.326118,54.2072,B2,-35.00,55.00,55.0
51.90,2.687187,13.324613,54.2072,B2,-35.00,55.00,55.0
52.00,2.688693,13.323107,54.2072,B2,-35.00,55.00,55.0
52.10,2.690199,13.321601,54.2072,B2,-35.00,55.00,55.0
52.20,2.691705,13.320095,54.2072,B2,-35.00,55.00,55.0
52.30,2.693211,13.318589,54.2072,B2,-35.00,55.00,55.0
52.40,2.694716,13.317084,54.2072,B2,-35.00,55.00,55.0
52.50,2.696222,13.315578,54.2072,B2,-35.00,55.00,55.0
52.60,2.697728,13.314072,54.2072,B2,-35.00,55.00,55.0
52.70,2.699234,13.312566,54.2072,B2,-35.00,55.00,55.0
52.80,2.700739,13.311061,54.2072,B2,-35.00,55.00,55.0
52.90,2.702245,13.309555,54.2072,B2,-35.00,55.00,55.0
53.00,2.703751,13.308049,54.2072,B2,-35.00,55.00,55.0
53.10,2.705257,13.306543,54.2072,B2,-35.00,55.00,55.0
53.20,2.706762,13.305038,54.2072,B2,-35.00,55.00,55.0
53.30,2.708268,13.303532,54.2072,B2,-35.00,55.00,55.0
53.40,2.709774,13.302026,54.2072,B2,-35.00,55.00,55.0
53.50,2.711280,13.300520,54.2072,B2,-35.00,55.00,55.0
53.60,2.712785,13.299015,54.2072,B2,-35.00,55.00,55.0
53.70,2.714291,13.297509,54.2072,B2,-35.00,55.00,55.0
53.80,2.715797,13.296003,54.2072,B2,-35.00,55.00,55.0
53.90,2.717303,13.294497,54.2072,B2,-35.00,55.00,55.0
54.00,2.718808,13.292992,54.2072,B2,-35.00,55.00,55.0
54.10,2.720314,13.291486,54.2072,B2,-35.00,55.00,55.0
54.20,2.721820,13.289980,54.2072,B2,-35.00,55.00,55.0
54.30,2.723326,13.288474,54.2072,B2,-35.00,55.00,55.0
54.40,2.724831,13.286969,54.2072,B2,-35.00,55.00,55.0
54.50,2.726337,13.285463,54.2072,B2,-35.00,55.00,55.0
54.60,2.727843,13.283957,54.2072,B2,-35.00,55.00,55.0
54.70,2.729349,13.282451,54.2072,B2,-35.00,55.00,55.0
54.80,2.730854,13.280946,54.2072,B2,-35.00,55.00,55.0
54.90,2.732360,13.279440,54.2072,B2,-35.00,55.00,55.0
55.00,2.733866,13.277934,54.2072,B2,-35.00,55.00,55.0
55.10,2.735372,13.276428,54.2072,B2,-35.00,55.00,55.0
55.20,2.736877,13.274923,54.2072,B2,-35.00,55.00,55.0
55.30,2.738383,13.273417,54.2072,B2,-35.00,55.00,55.0
55.40,2.739889,13.271911,54.2072,B2,-35.00,55.00,55.0
55.50,2.741395,13.270405,54.2072,B2,-35.00,55.00,55.0
55.60,2.742900,13.268900,54.2072,B2,-35.00,55.00,55.0
55.70,2.744406,13.267394,54.2072,B2,-35.00,55.00,55.0
55.80,2.745912,13.265888,54.2072,B2,-35.00,55.00,55.0
55.90,2.747418,13.264382,54.2072,B2,-35.00,55.00,55.0
56.00,2.748923,13.262877,54.2072,B2,-35.00,55.00,55.0
56.10,2.750429,13.261371,54.2072,B2,-35.00,55.00,55.0
56.20,2.751935,13.259865,54.2072,B2,-35.00,55.00,55.0
56.30,2.753441,13.258359,54.2072,B2,-35.00,55.00,55.0
56.40,2.754946,13.256854,54.2072,B2,-35.00,55.00,55.0
56.50,2.756452,13.255348,54.2072,B2,-35.00,55.00,55.0
56.60,2.757958,13.253842,54.2072,B2,-35.00,55.00,55.0
56.70,2.759464,13.252336,54.2072,B2,-35.00,55.00,55.0
56.80,2.760970,13.250830,54.2072,B2,-35.00,55.00,55.0
56.90,2.762475,13.249325,54.2072,B2,-35.00,55.00,55.0
57.00,2.763981,13.247819,54.2072,B2,-35.00,55.00,55.0
57.10,2.765487,13.246313,54.2072,B2,-35.00,55.00,55.0
57.20,2.766993,13.244807,54.2072,B2,-35.00,55.00,55.0
57.30,2.768498,13.243302,54.2072,B2,-35.00,55.00,55.0
57.40,2.770004,13.241796,54.2072,B2,-35.00,55.00,55.0
57.50,2.771510,13.240290,54.2072,B2,-35.00,55.00,55.0
57.60,2.773016,13.238784,54.2072,B2,-35.00,55.00,55.0
57.70,2.774521,13.237279,54.2072,B2,-35.00,55.00,55.0
57.80,2.776027,13.235773,54.2072,B2,-35.00,55.00,55.0
57.90,2.777533,13.234267,54.2072,B2,-35.00,55.00,55.0
58.00,2.779039,13.232761,54.2072,B2,-35.00,55.00,55.0
58.10,2.780544,13.231256,54.2072,B2,-35.00,55.00,55.0
58.20,2.782050,13.229750,54.2072,B2,-35.00,55.00,55.0
58.30,2.783556,13.228244,54.2072,B2,-35.00,55.00,55.0
58.40,2.785062,13.226738,54.2072,B2,-35.00,55.00,55.0
58.50,2.786567,13.225233,54.2072,B2,-35.00,55.00,55.0
58.60,2.788073,13.223727,54.2072,B2,-35.00,55.00,55.0
58.70,2.789579,13.222221,54.2072,B2,-35.00,55.00,55.0
58.80,2.791085,13.220715,54.2072,B2,-35.00,55.00,55.0
58.90,2.792590,13.219210,54.2072,B2,-35.00,55.00,55.0
59.00,2.794096,13.217704,54.2072,B2,-35.00,55.00,55.0
59.10,2.795602,13.216198,54.2072,B2,-35.00,55.00,55.0
59.20,2.797108,13.214692,54.2072,B2,-35.00,55.00,55.0
59.30,2.798613,13.213187,54.2072,B2,-35.00,55.00,55.0
59.40,2.800119,13.211681,54.2072,B2,-35.00,55.00,55.0
59.50,2.801625,13.210175,54.2072,B2,-35.00,55.00,55.0
59.60,2.803131,13.208669,54.2072,B2,-35.00,55.00,55.0
59.70,2.804636,13.207164,54.2072,B2,-35.00,55.00,55.0
59.80,2.806142,13.205658,54.2072,B2,-35.00,55.00,55.0
59.90,2.807648,13.204152,54.2072,B2,-35.00,55.00,55.0
60.00,2.809154,13.202646,54.2072,B2,-35.00,55.00,55.0
60.10,2.810659,13.201141,54.2072,B2,-35.00,55.00,55.0
60.20,2.812165,13.199635,54.2072,B2,-35.00,55.00,55.0
60.30,2.813671,13.198129,54.2072,P2,35.00,55.00,55.0
60.40,2.815177,13.196623,54.2072,P2,35.00,55.00,55.0
60.50,2.816682,13.195118,54.2072,P2,35.00,55.00,55.0
60.60,2.818188,13.193612,54.2072,P2,35.00,55.00,55.0
60.70,2.819694,13.192106,54.2072,P2,35.00,55.00,55.0
60.80,2.821200,13.190600,54.2072,P2,35.00,55.00,55.0
60.90,2.822706,13.189094,54.2072,P2,35.00,55.00,55.0
61.00,2.824211,13.187589,54.2072,P2,35.00,55.00,55.0
61.10,2.825717,13.186083,54.2072,P2,35.00,55.00,55.0
61.20,2.827223,13.184577,54.2072,P2,35.00,55.00,55.0
61.30,2.828729,13.183071,54.2072,P2,35.00,55.00,55.0
61.40,2.830234,13.181566,54.2072,P2,35.00,55.00,55.0
61.50,2.831740,13.180060,54.2072,P2,35.00,55.00,55.0
61.60,2.833246,13.178554,54.2072,P2,35.00,55.00,55.0
61.70,2.834752,13.177048,54.2072,P2,35.00,55.00,55.0
61.80,2.836257,13.175543,54.2072,P2,35.00,55.00,55.0
61.90,2.837763,13.174037,54.2072,P2,35.00,55.00,55.0
62.00,2.839269,13.172531,54.2072,P2,35.00,55.00,55.0
62.10,2.840775,13.171025,54.2072,P2,35.00,55.00,55.0
62.20,2.842280,13.169520,54.2072,P2,35.00,55.00,55.0
62.30,2.843786,13.168014,54.2072,P2,35.00,55.00,55.0
62.40,2.845292,13.166508,54.2072,P2,35.00,55.00,55.0
62.50,2.846798,13.165002,54.2072,P2,35.00,55.00,55.0
62.60,2.848303,13.163497,54.2072,P2,35.00,55.00,55.0
62.70,2.849809,13.161991,54.2072,P2,35.00,55.00,55.0
62.80,2.851315,13.160485,54.2072,P2,35.00,55.00,55.0
62.90,2.852821,13.158979,54.2072,P2,35.00,55.00,55.0
63.00,2.854326,13.157474,54.2072,P2,35.00,55.00,55.0
63.10,2.855832,13.155968,54.2072,P2,35.00,55.00,55.0
63.20,2.857338,13.154462,54.2072,P2,35.00,55.00,55.0
63.30,2.858844,13.152956,54.2072,P2,35.00,55.00,55.0
63.40,2.860349,13.151451,54.2072,P2,35.00,55.00,55.0
63.50,2.861855,13.149945,54.2072,P2,35.00,55.00,55.0
63.60,2.863361,13.148439,54.2072,P2,35.00,55.00,55.0
63.70,2.864867,13.146933,54.2072,P2,35.00,55.00,55.0
63.80,2.866372,13.145428,54.2072,P2,35.00,55.00,55.0
63.90,2.867878,13.143922,54.2072,P2,35.00,55.00,55.0
64.00,2.869384,13.142416,54.2072,P2,35.00,55.00,55.0
64.10,2.870890,13.140910,54.2072,P2,35.00,55.00,55.0
64.20,2.872395,13.139405,54.2072,P2,35.00,55.00,55.0
64.30,2.873901,13.137899,54.2072,P2,35.00,55.00,55.0
64.40,2.875407,13.136393,54.2072,P2,35.00,55.00,55.0
64.50,2.876913,13.134887,54.2072,P2,35.00,55.00,55.0
64.60,2.878418,13.133382,54.2072,P2,35.00,55.00,55.0
64.70,2.879924,13.131876,54.2072,P2,35.00,55.00,55.0
64.80,2.881430,13.130370,54.2072,P2,35.00,55.00,55.0
64.90,2.882936,13.128864,54.2072,P2,35.00,55.00,55.0
65.00,2.884441,13.127359,54.2072,P2,35.00,55.00,55.0
65.10,2.885947,13.125853,54.2072,P2,35.00,55.00,55.0
65.20,2.887453,13.124347,54.2072,P2,35.00,55.00,55.0
65.30,2.888959,13.122841,54.2072,P2,35.00,55.00,55.0
65.40,2.890465,13.121335,54.2072,P2,35.00,55.00,55.0
65.50,2.891970,13.119830,54.2072,P2,35.00,55.00,55.0
65.60,2.893476,13.118324,54.2072,P2,35.00,55.00,55.0
65.70,2.894982,13.116818,54.2072,P2,35.00,55.00,55.0
65.80,2.896488,13.115312,54.2072,P2,35.00,55.00,55.0
65.90,2.897993,13.113807,54.2072,P2,35.00,55.00,55.0
66.00,2.899499,13.112301,54.2072,P2,35.00,55.00,55.0
66.10,2.901005,13.110795,54.2072,P2,35.00,55.00,55.0
66.20,2.902511,13.109289,54.2383,P1,35.00,70.00,70.0
66.30,2.904019,13.107781,54.3414,P1,35.00,70.00,70.0
66.40,2.905530,13.106270,54.4441,P1,35.00,70.00,70.0
66.50,2.907044,13.104756,54.5463,P1,35.00,70.00,70.0
66.60,2.908561,13.103239,54.6479,P1,35.00,70.00,70.0
66.70,2.910080,13.101720,54.7491,P1,35.00,70.00,70.0
66.80,2.911602,13.100198,54.8497,P1,35.00,70.00,70.0
66.90,2.913128,13.098672,54.9499,P1,35.00,70.00,70.0
67.00,2.914656,13.097144,55.0496,P1,35.00,70.00,70.0
67.10,2.916186,13.095614,55.1488,P1,35.00,70.00,70.0
67.20,2.917720,13.094080,55.2475,P1,35.00,70.00,70.0
67.30,2.919256,13.092544,55.3458,P1,35.00,70.00,70.0
67.40,2.920795,13.091005,55.4436,P1,35.00,70.00,70.0
67.50,2.922336,13.089464,55.5409,P1,35.00,70.00,70.0
67.60,2.923881,13.087919,55.6377,P1,35.00,70.00,70.0
67.70,2.925428,13.086372,55.7341,P1,35.00,70.00,70.0
67.80,2.926977,13.084823,55.8300,P1,35.00,70.00,70.0
67.90,2.928529,13.083271,55.9255,P1,35.00,70.00,70.0
68.00,2.930084,13.081716,56.0205,P1,35.00,70.00,70.0
68.10,2.931642,13.080158,56.1151,P1,35.00,70.00,70.0
68.20,2.933202,13.078598,56.2092,P1,35.00,70.00,70.0
68.30,2.934765,13.077035,56.3029,P1,35.00,70.00,70.0
68.40,2.936330,13.075470,56.3962,P1,35.00,70.00,70.0
68.50,2.937898,13.073902,56.4890,P1,35.00,70.00,70.0
68.60,2.939469,13.072331,56.5814,P1,35.00,70.00,70.0
68.70,2.941042,13.070758,56.6734,P1,35.00,70.00,70.0
68.80,2.942618,13.069182,56.7650,P1,35.00,70.00,70.0
68.90,2.944196,13.067604,56.8561,P1,35.00,70.00,70.0
69.00,2.945777,13.066023,56.9468,P1,35.00,70.00,70.0
69.10,2.947360,13.064440,57.0371,P1,35.00,70.00,70.0
69.20,2.948946,13.062854,57.1270,P1,35.00,70.00,70.0
69.30,2.950534,13.061266,57.2165,P1,35.00,70.00,70.0
69.40,2.952124,13.059676,57.3055,P1,35.00,70.00,70.0
69.50,2.953718,13.058082,57.3942,P1,35.00,70.00,70.0
69.60,2.955313,13.056487,57.4825,P1,35.00,70.00,70.0
69.70,2.956911,13.054889,57.5704,P1,35.00,70.00,70.0
69.80,2.958512,13.053288,57.6578,P1,35.00,70.00,70.0
69.90,2.960115,13.051685,57.7449,P1,35.00,70.00,70.0
70.00,2.961720,13.050080,57.8316,P1,35.00,70.00,70.0
70.10,2.963328,13.048472,57.9180,P1,35.00,70.00,70.0
70.20,2.964938,13.046862,58.0039,P1,35.00,70.00,70.0
70.30,2.966551,13.045249,58.0895,P1,35.00,70.00,70.0
70.40,2.968165,13.043635,58.1746,P1,35.00,70.00,70.0
70.50,2.969783,13.042017,58.2594,P1,35.00,70.00,70.0
70.60,2.971402,13.040398,58.3439,P1,35.00,70.00,70.0
70.70,2.973024,13.038776,58.4279,P1,35.00,70.00,70.0
70.80,2.974649,13.037151,58.5116,P1,35.00,70.00,70.0
70.90,2.976275,13.035525,58.5950,P1,35.00,70.00,70.0
71.00,2.977904,13.033896,58.6779,P1,35.00,70.00,70.0
71.10,2.979535,13.032265,58.7606,P1,35.00,70.00,70.0
71.20,2.981169,13.030631,58.8428,P1,35.00,70.00,70.0
71.30,2.982805,13.028995,58.9247,P1,35.00,70.00,70.0
71.40,2.984443,13.027357,59.0063,P1,35.00,70.00,70.0
71.50,2.986083,13.025717,59.0875,P1,35.00,70.00,70.0
71.60,2.987725,13.024075,59.1683,P1,35.00,70.00,70.0
71.70,2.989370,13.022430,59.2488,P1,35.00,70.00,70.0
71.80,2.991017,13.020783,59.3290,P1,35.00,70.00,70.0
71.90,2.992667,13.019133,59.4088,P1,35.00,70.00,70.0
72.00,2.994318,13.017482,59.4883,P1,35.00,70.00,70.0
72.10,2.995972,13.015828,59.5675,P1,35.00,70.00,70.0
72.20,2.997628,13.014172,59.6463,P1,35.00,70.00,70.0
72.30,2.999286,13.012514,59.7248,P1,35.00,70.00,70.0
72.40,3.000946,13.010854,59.8029,P1,35.00,70.00,70.0
72.50,3.002608,13.009192,59.8807,P1,35.00,70.00,70.0
72.60,3.004273,13.007527,59.9582,P1,35.00,70.00,70.0
72.70,3.005939,13.005861,60.0354,P1,35.00,70.00,70.0
72.80,3.007608,13.004192,60.1123,P1,35.00,70.00,70.0
72.90,3.009279,13.002521,60.1888,P1,35.00,70.00,70.0
73.00,3.010952,13.000848,60.2650,P1,35.00,70.00,70.0
73.10,3.012625,12.999175,60.1396,C,35.00,70.00,70.0
73.20,3.014293,12.997507,59.9918,C,35.00,70.00,70.0
73.30,3.015957,12.995843,59.8441,C,35.00,70.00,70.0
73.40,3.017617,12.994183,59.6964,C,35.00,70.00,70.0
73.50,3.019273,12.992527,59.5488,C,35.00,70.00,70.0
73.60,3.020925,12.990875,59.4012,C,35.00,70.00,70.0
73.70,3.022573,12.989227,59.2538,C,35.00,70.00,70.0
73.80,3.024216,12.987584,59.1063,C,35.00,70.00,70.0
73.90,3.025856,12.985944,58.9590,C,35.00,70.00,70.0
74.00,3.027492,12.984308,58.8117,C,35.00,70.00,70.0
74.10,3.029123,12.982677,58.6644,C,35.00,70.00,70.0
74.20,3.030750,12.981050,58.5173,C,35.00,70.00,70.0
74.30,3.032374,12.979426,58.3702,C,35.00,70.00,70.0
74.40,3.033993,12.977807,58.2231,C,35.00,70.00,70.0
74.50,3.035608,12.976192,58.0761,C,35.00,70.00,70.0
74.60,3.037219,12.974581,57.9292,C,35.00,70.00,70.0
74.70,3.038826,12.972974,57.7823,C,35.00,70.00,70.0
74.80,3.040428,12.971372,57.6355,C,35.00,70.00,70.0
74.90,3.042027,12.969773,57.4888,C,35.00,70.00,70.0
75.00,3.043622,12.968178,57.3421,C,35.00,70.00,70.0
75.10,3.045212,12.966588,57.1955,C,35.00,70.00,70.0
75.20,3.046799,12.965001,57.0489,C,35.00,70.00,70.0
75.30,3.048381,12.963419,56.9024,C,35.00,70.00,70.0
75.40,3.049960,12.961840,56.7560,C,35.00,70.00,70.0
75.50,3.051534,12.960266,56.6096,C,35.00,70.00,70.0
75.60,3.053104,12.958696,56.4633,C,35.00,70.00,70.0
75.70,3.054671,12.957129,56.3170,C,35.00,70.00,70.0
75.80,3.056233,12.955567,56.1708,C,35.00,70.00,70.0
75.90,3.057791,12.954009,56.0246,C,35.00,70.00,70.0
76.00,3.059345,12.952455,55.8786,C,35.00,70.00,70.0
76.10,3.060895,12.950905,55.7325,C,35.00,70.00,70.0
76.20,3.062441,12.949359,55.5866,C,35.00,70.00,70.0
76.30,3.063982,12.947818,55.4407,C,35.00,70.00,70.0
76.40,3.065520,12.946280,55.2948,C,35.00,70.00,70.0
76.50,3.067054,12.944746,55.1490,C,35.00,70.00,70.0
76.60,3.068584,12.943216,55.0033,C,35.00,70.00,70.0
76.70,3.070109,12.941691,54.8576,C,35.00,70.00,70.0
76.80,3.071631,12.940169,54.7120,C,35.00,70.00,70.0
76.90,3.073148,12.938652,54.5664,C,35.00,70.00,70.0
77.00,3.074662,12.937138,54.4209,C,35.00,70.00,70.0
77.10,3.076171,12.935629,54.2755,C,35.00,70.00,70.0
77.20,3.077677,12.934123,54.1301,C,35.00,70.00,70.0
77.30,3.079178,12.932622,53.9848,C,35.00,70.00,70.0
77.40,3.080676,12.931124,53.8395,C,35.00,70.00,70.0
77.50,3.082169,12.929631,53.6943,C,35.00,70.00,70.0
77.60,3.083658,12.928142,53.5492,C,35.00,70.00,70.0
77.70,3.085144,12.926656,53.4041,C,35.00,70.00,70.0
77.80,3.086625,12.925175,53.2590,C,35.00,70.00,70.0
77.90,3.088102,12.923698,53.1140,C,35.00,70.00,70.0
78.00,3.089575,12.922225,52.9691,C,35.00,70.00,70.0
78.10,3.091044,12.920756,52.8242,C,35.00,70.00,70.0
78.20,3.092509,12.919291,52.6794,C,35.00,70.00,70.0
78.30,3.093971,12.917829,52.5347,C,35.00,70.00,70.0
78.40,3.095428,12.916372,52.3900,C,35.00,70.00,70.0
78.50,3.096881,12.914919,52.2453,C,35.00,70.00,70.0
78.60,3.098330,12.913470,52.1007,C,35.00,70.00,70.0
78.70,3.099775,12.912025,51.9562,C,35.00,70.00,70.0
78.80,3.101216,12.910584,51.8117,C,35.00,70.00,70.0
78.90,3.102653,12.909147,51.6673,C,35.00,70.00,70.0
79.00,3.104086,12.907714,51.5230,C,35.00,70.00,70.0
79.10,3.105515,12.906285,51.3786,C,35.00,70.00,70.0
79.20,3.106940,12.904860,51.2344,C,35.00,70.00,70.0
79.30,3.108361,12.903439,51.0902,C,35.00,70.00,70.0
79.40,3.109778,12.902022,50.9460,C,35.00,70.00,70.0
79.50,3.111191,12.900609,50.8020,C,35.00,70.00,70.0
79.60,3.112600,12.899200,50.6579,C,35.00,70.00,70.0
79.70,3.114005,12.897795,50.5139,C,35.00,70.00,70.0
79.80,3.115406,12.896394,50.3700,C,35.00,70.00,70.0
79.90,3.116803,12.894997,50.2262,C,35.00,70.00,70.0
80.00,3.118196,12.893604,50.0823,C,35.00,70.00,70.0
80.10,3.119584,12.892216,49.9386,C,35.00,70.00,70.0
80.20,3.120969,12.890831,49.7949,C,35.00,70.00,70.0
80.30,3.122350,12.889450,49.6512,C,35.00,70.00,70.0
80.40,3.123727,12.888073,49.5076,C,35.00,70.00,70.0
80.50,3.125100,12.886700,49.3641,C,35.00,70.00,70.0
80.60,3.126470,12.885330,49.2206,C,35.00,70.00,70.0
80.70,3.127835,12.883965,49.0772,C,35.00,70.00,70.0
80.80,3.129196,12.882604,48.9338,C,35.00,70.00,70.0
80.90,3.130553,12.881247,48.7904,C,35.00,70.00,70.0
81.00,3.131906,12.879894,48.6472,C,35.00,70.00,70.0
81.10,3.133255,12.878545,48.5039,C,35.00,70.00,70.0
81.20,3.134600,12.877200,48.3608,C,35.00,70.00,70.0
81.30,3.135941,12.875859,48.2176,C,35.00,70.00,70.0
81.40,3.137278,12.874522,48.0746,C,35.00,70.00,70.0
81.50,3.138612,12.873188,47.9316,C,35.00,70.00,70.0
81.60,3.139941,12.871859,47.7886,C,35.00,70.00,70.0
81.70,3.141266,12.870534,47.6457,C,35.00,70.00,70.0
81.80,3.142588,12.869212,47.5028,C,35.00,70.00,70.0
81.90,3.143905,12.867895,47.3600,C,35.00,70.00,70.0
82.00,3.145218,12.866582,47.2173,C,35.00,70.00,70.0
82.10,3.146528,12.865272,47.0746,C,35.00,70.00,70.0
82.20,3.147833,12.863967,46.9319,C,35.00,70.00,70.0
82.30,3.149135,12.862665,46.7894,C,35.00,70.00,70.0
82.40,3.150432,12.861368,46.6468,C,35.00,70.00,70.0
82.50,3.151726,12.860074,46.5043,C,35.00,70.00,70.0
82.60,3.153015,12.858785,46.3619,C,35.00,70.00,70.0
82.70,3.154301,12.857499,46.2195,C,35.00,70.00,70.0
82.80,3.155583,12.856217,46.0771,C,35.00,70.00,70.0
82.90,3.156860,12.854940,45.9349,C,35.00,70.00,70.0
83.00,3.158134,12.853666,45.7926,C,35.00,70.00,70.0
83.10,3.159404,12.852396,45.6504,C,35.00,70.00,70.0
83.20,3.160670,12.851130,45.5083,C,35.00,70.00,70.0
83.30,3.161932,12.849868,45.3662,C,35.00,70.00,70.0
83.40,3.163190,12.848610,45.2242,C,35.00,70.00,70.0
83.50,3.164444,12.847356,45.0822,C,35.00,70.00,70.0
83.60,3.165694,12.846106,44.9403,C,35.00,70.00,70.0
83.70,3.166940,12.844860,44.7984,C,35.00,70.00,70.0
83.80,3.168182,12.843618,44.6565,C,35.00,70.00,70.0
83.90,3.169421,12.842379,44.5148,C,35.00,70.00,70.0
84.00,3.170655,12.841145,44.3730,C,35.00,70.00,70.0
84.10,3.171886,12.839914,44.2313,C,35.00,70.00,70.0
84.20,3.173112,12.838688,44.0897,C,35.00,70.00,70.0
84.30,3.174335,12.837465,43.9481,C,35.00,70.00,70.0
84.40,3.175553,12.836247,43.8066,C,35.00,70.00,70.0
84.50,3.176768,12.835032,43.6651,C,35.00,70.00,70.0
84.60,3.177979,12.833821,43.5237,C,35.00,70.00,70.0
84.70,3.179185,12.832615,43.3823,C,35.00,70.00,70.0
84.80,3.180388,12.831412,43.2409,C,35.00,70.00,70.0
84.90,3.181587,12.830213,43.0996,C,35.00,70.00,70.0
85.00,3.182782,12.829018,42.9584,C,35.00,70.00,70.0
85.10,3.183974,12.827826,42.8172,C,35.00,70.00,70.0
85.20,3.185161,12.826639,42.6761,C,35.00,70.00,70.0
85.30,3.186344,12.825456,42.5350,C,35.00,70.00,70.0
85.40,3.187523,12.824277,42.3939,C,35.00,70.00,70.0
85.50,3.188699,12.823101,42.2529,C,35.00,70.00,70.0
85.60,3.189870,12.821930,42.1120,C,35.00,70.00,70.0
85.70,3.191038,12.820762,41.9710,C,35.00,70.00,70.0
85.80,3.192202,12.819598,41.8302,C,35.00,70.00,70.0
85.90,3.193362,12.818438,41.7635,C,-35.00,70.00,70.0
86.00,3.194524,12.817276,41.8696,C,-35.00,70.00,70.0
86.10,3.195688,12.816112,41.9757,C,-35.00,70.00,70.0
86.20,3.196856,12.814944,42.0818,C,-35.00,70.00,70.0
86.30,3.198026,12.813774,42.1878,C,-35.00,70.00,70.0
86.40,3.199200,12.812600,42.2938,C,-35.00,70.00,70.0
86.50,3.200376,12.811424,42.3997,C,-35.00,70.00,70.0
86.60,3.201556,12.810244,42.5057,C,-35.00,70.00,70.0
86.70,3.202738,12.809062,42.6115,C,-35.00,70.00,70.0
86.80,3.203923,12.807877,42.7174,C,-35.00,70.00,70.0
86.90,3.205112,12.806688,42.8232,C,-35.00,70.00,70.0
87.00,3.206303,12.805497,42.9290,C,-35.00,70.00,70.0
87.10,3.207497,12.804303,43.0347,C,-35.00,70.00,70.0
87.20,3.208694,12.803106,43.1404,C,-35.00,70.00,70.0
87.30,3.209894,12.801906,43.2461,C,-35.00,70.00,70.0
87.40,3.211097,12.800703,43.3517,C,-35.00,70.00,70.0
87.50,3.212303,12.799497,43.4573,C,-35.00,70.00,70.0
87.60,3.213511,12.798289,43.5628,C,-35.00,70.00,70.0
87.70,3.214723,12.797077,43.6684,C,-35.00,70.00,70.0
87.80,3.215938,12.795862,43.7738,C,-35.00,70.00,70.0
87.90,3.217155,12.794645,43.8793,C,-35.00,70.00,70.0
88.00,3.218376,12.793424,43.9847,C,-35.00,70.00,70.0
88.10,3.219599,12.792201,44.0901,C,-35.00,70.00,70.0
88.20,3.220825,12.790975,44.1954,C,-35.00,70.00,70.0
88.30,3.222055,12.789745,44.3007,C,-35.00,70.00,70.0
88.40,3.223287,12.788513,44.4060,C,-35.00,70.00,70.0
88.50,3.224522,12.787278,44.5112,C,-35.00,70.00,70.0
88.60,3.225760,12.786040,44.6164,C,-35.00,70.00,70.0
88.70,3.227001,12.784799,44.7215,C,-35.00,70.00,70.0
88.80,3.228245,12.783555,44.8267,C,-35.00,70.00,70.0
88.90,3.229492,12.782308,44.9317,C,-35.00,70.00,70.0
89.00,3.230741,12.781059,45.0368,C,-35.00,70.00,70.0
89.10,3.231994,12.779806,45.1418,C,-35.00,70.00,70.0
89.20,3.233249,12.778551,45.2467,C,-35.00,70.00,70.0
89.30,3.234508,12.777292,45.3517,C,-35.00,70.00,70.0
89.40,3.235769,12.776031,45.4566,C,-35.00,70.00,70.0
89.50,3.237034,12.774766,45.5614,C,-35.00,70.00,70.0
89.60,3.238301,12.773499,45.6662,C,-35.00,70.00,70.0
89.70,3.239571,12.772229,45.7710,C,-35.00,70.00,70.0
89.80,3.240844,12.770956,45.8757,C,-35.00,70.00,70.0
89.90,3.242120,12.769680,45.9805,C,-35.00,70.00,70.0
90.00,3.243399,12.768401,46.0851,C,-35.00,70.00,70.0
90.10,3.244680,12.767120,46.1897,C,-35.00,70.00,70.0
90.20,3.245965,12.765835,46.2943,C,-35.00,70.00,70.0
90.30,3.247253,12.764547,46.3989,C,-35.00,70.00,70.0
90.40,3.248543,12.763257,46.5034,C,-35.00,70.00,70.0
90.50,3.249836,12.761964,46.6079,C,-35.00,70.00,70.0
90.60,3.251133,12.760667,46.7123,C,-35.00,70.00,70.0
90.70,3.252432,12.759368,46.8167,C,-35.00,70.00,70.0
90.80,3.253734,12.758066,46.9211,C,-35.00,70.00,70.0
90.90,3.255039,12.756761,47.0254,C,-35.00,70.00,70.0
91.00,3.256347,12.755453,47.1297,C,-35.00,70.00,70.0
91.10,3.257657,12.754143,47.2340,C,-35.00,70.00,70.0
91.20,3.258971,12.752829,47.3382,C,-35.00,70.00,70.0
91.30,3.260288,12.751512,47.4424,C,-35.00,70.00,70.0
91.40,3.261607,12.750193,47.5465,C,-35.00,70.00,70.0
91.50,3.262929,12.748871,47.6506,C,-35.00,70.00,70.0
91.60,3.264255,12.747545,47.7547,C,-35.00,70.00,70.0
91.70,3.265583,12.746217,47.8587,C,-35.00,70.00,70.0
91.80,3.266914,12.744886,47.9627,C,-35.00,70.00,70.0
91.90,3.268248,12.743552,48.0666,C,-35.00,70.00,70.0
92.00,3.269584,12.742216,48.1705,C,-35.00,70.00,70.0
92.10,3.270924,12.740876,48.2744,C,-35.00,70.00,70.0
92.20,3.272267,12.739533,48.3782,C,-35.00,70.00,70.0
92.30,3.273612,12.738188,48.4820,C,-35.00,70.00,70.0
92.40,3.274960,12.736840,48.5858,C,-35.00,70.00,70.0
92.50,3.276312,12.735488,48.6895,C,-35.00,70.00,70.0
92.60,3.277666,12.734134,48.7932,C,-35.00,70.00,70.0
92.70,3.279023,12.732777,48.8968,C,-35.00,70.00,70.0
92.80,3.280382,12.731418,49.0004,C,-35.00,70.00,70.0
92.90,3.281745,12.730055,49.1040,C,-35.00,70.00,70.0
93.00,3.283111,12.728689,49.2075,C,-35.00,70.00,70.0
93.10,3.284479,12.727321,49.3110,C,-35.00,70.00,70.0
93.20,3.285850,12.725950,49.4144,C,-35.00,70.00,70.0
93.30,3.287225,12.724575,49.5179,C,-35.00,70.00,70.0
93.40,3.288602,12.723198,49.6212,C,-35.00,70.00,70.0
93.50,3.289982,12.721818,49.7246,C,-35.00,70.00,70.0
93.60,3.291364,12.720436,49.8278,C,-35.00,70.00,70.0
93.70,3.292750,12.719050,49.9311,C,-35.00,70.00,70.0
93.80,3.294139,12.717661,50.0343,C,-35.00,70.00,70.0
93.90,3.295530,12.716270,50.1375,C,-35.00,70.00,70.0
94.00,3.296924,12.714876,50.2406,C,-35.00,70.00,70.0
94.10,3.298322,12.713478,50.3437,C,-35.00,70.00,70.0
94.20,3.299722,12.712078,50.4468,C,-35.00,70.00,70.0
94.30,3.301124,12.710676,50.5498,C,-35.00,70.00,70.0
94.40,3.302530,12.709270,50.6528,C,-35.00,70.00,70.0
94.50,3.303939,12.707861,50.7557,C,-35.00,70.00,70.0
94.60,3.305350,12.706450,50.8586,C,-35.00,70.00,70.0
94.70,3.306765,12.705035,50.9615,C,-35.00,70.00,70.0
94.80,3.308182,12.703618,51.0643,C,-35.00,70.00,70.0
94.90,3.309602,12.702198,51.1671,C,-35.00,70.00,70.0
95.00,3.311025,12.700775,51.2698,C,-35.00,70.00,70.0
95.10,3.312450,12.699350,51.3726,C,-35.00,70.00,70.0
95.20,3.313879,12.697921,51.4752,C,-35.00,70.00,70.0
95.30,3.315310,12.696490,51.5778,C,-35.00,70.00,70.0
95.40,3.316745,12.695055,51.6804,C,-35.00,70.00,70.0
95.50,3.318182,12.693618,51.7830,C,-35.00,70.00,70.0
95.60,3.319622,12.692178,51.8855,C,-35.00,70.00,70.0
95.70,3.321065,12.690735,51.9880,C,-35.00,70.00,70.0
95.80,3.322510,12.689290,52.0904,C,-35.00,70.00,70.0
95.90,3.323959,12.687841,52.1928,C,-35.00,70.00,70.0
96.00,3.325410,12.686390,52.2951,C,-35.00,70.00,70.0
96.10,3.326864,12.684936,52.3974,C,-35.00,70.00,70.0
96.20,3.328321,12.683479,52.4997,C,-35.00,70.00,70.0
96.30,3.329781,12.682019,52.6019,C,-35.00,70.00,70.0
96.40,3.331244,12.680556,52.7041,C,-35.00,70.00,70.0
96.50,3.332710,12.679090,52.8063,C,-35.00,69.95,70.0
96.60,3.334178,12.677622,52.9084,C,-35.00,69.83,70.0
96.70,3.335649,12.676151,53.0105,C,-35.00,69.71,70.0
96.80,3.337123,12.674677,53.1125,C,-35.00,69.59,70.0
96.90,3.338600,12.673200,53.2145,C,-35.00,69.47,70.0
97.00,3.340080,12.671720,53.3164,C,-35.00,69.35,70.0
97.10,3.341562,12.670238,53.4184,C,-35.00,69.23,70.0
97.20,3.343048,12.668752,53.5202,C,-35.00,69.10,70.0
97.30,3.344536,12.667264,53.6221,C,-35.00,68.98,70.0
97.40,3.346027,12.665773,53.7238,C,-35.00,68.86,70.0
97.50,3.347521,12.664279,53.8256,C,-35.00,68.74,70.0
97.60,3.349018,12.662782,53.9273,C,-35.00,68.62,70.0
97.70,3.350517,12.661283,54.0290,C,-35.00,68.50,70.0
97.80,3.352020,12.659780,54.1306,C,-35.00,68.38,70.0
97.90,3.353525,12.658275,54.2322,C,-35.00,68.25,70.0
98.00,3.355033,12.656767,54.3337,C,-35.00,68.13,70.0
98.10,3.356544,12.655256,54.4353,C,-35.00,68.01,70.0
98.20,3.358057,12.653743,54.5367,C,-35.00,67.89,70.0
98.30,3.359574,12.652226,54.6382,C,-35.00,67.76,70.0
98.40,3.361093,12.650707,54.7395,C,-35.00,67.64,70.0
98.50,3.362615,12.649185,54.8409,C,-35.00,67.52,70.0
98.60,3.364140,12.647660,54.9422,C,-35.00,67.39,70.0
98.70,3.365668,12.646132,55.0435,C,-35.00,67.27,70.0
98.80,3.367198,12.644602,55.1447,C,-35.00,67.15,70.0
98.90,3.368732,12.643068,55.2459,C,-35.00,67.02,70.0
99.00,3.370268,12.641532,55.3470,C,-35.00,66.90,70.0
99.10,3.371807,12.639993,55.4481,C,-35.00,66.77,70.0
99.20,3.373349,12.638451,55.5492,C,-35.00,66.65,70.0
99.30,3.374893,12.636907,55.6502,C,-35.00,66.52,70.0
99.40,3.376440,12.635360,55.7512,C,-35.00,66.40,70.0
99.50,3.377991,12.633809,55.8521,C,-35.00,66.27,70.0
99.60,3.379544,12.632256,55.9530,C,-35.00,66.11,70.0
99.70,3.381099,12.630701,56.0539,C,-35.00,65.98,70.0
99.80,3.382658,12.629142,56.1547,C,-35.00,65.86,70.0
99.90,3.384219,12.627581,56.2555,C,-35.00,65.73,70.0
100.00,3.385784,12.626016,56.3562,C,-35.00,65.60,70.0
100.10,3.387351,12.624449,56.4569,C,-35.00,65.48,70.0
100.20,3.388920,12.622880,56.5576,C,-35.00,65.35,70.0
100.30,3.390493,12.621307,56.6582,C,-35.00,65.22,70.0
100.40,3.392068,12.619732,56.7587,C,-35.00,65.06,70.0
100.50,3.393647,12.618153,56.8593,C,-35.00,64.93,70.0
100.60,3.395227,12.616573,56.9598,C,-35.00,64.80,70.0
100.70,3.396811,12.614989,57.0602,C,-35.00,64.67,70.0
100.80,3.398398,12.613402,57.1606,C,-35.00,64.55,70.0
100.90,3.399987,12.611813,57.2610,C,-35.00,64.42,70.0
101.00,3.401579,12.610221,57.3613,C,-35.00,64.25,70.0
101.10,3.403174,12.608626,57.4616,C,-35.00,64.12,70.0
101.20,3.404772,12.607028,57.5618,C,-35.00,63.99,70.0
101.30,3.406372,12.605428,57.6620,C,-35.00,63.86,70.0
101.40,3.407976,12.603824,57.7622,C,-35.00,63.73,70.0
101.50,3.409582,12.602218,57.8623,C,-35.00,63.56,70.0
101.60,3.411189,12.600611,57.8767,C,-8.00,63.38,70.0
101.70,3.412797,12.599003,57.8815,C,-8.00,63.16,70.0
101.80,3.414405,12.597395,57.8863,C,-8.00,62.95,70.0
101.90,3.416013,12.595787,57.8911,C,-8.00,62.67,70.0
102.00,3.417621,12.594179,57.8960,C,-8.00,62.46,70.0
102.10,3.419229,12.592571,57.9008,C,-8.00,62.24,70.0
102.20,3.420838,12.590962,57.9056,C,-8.00,62.03,70.0
102.30,3.422446,12.589354,57.9104,C,-8.00,61.81,70.0
102.40,3.424055,12.587745,57.9153,C,-8.00,61.52,70.0
102.50,3.425664,12.586136,57.9201,C,-8.00,61.31,70.0
102.60,3.427273,12.584527,57.9249,C,-8.00,61.09,70.0
102.70,3.428882,12.582918,57.9297,C,-8.00,60.87,70.0
102.80,3.430491,12.581309,57.9345,C,-8.00,60.65,70.0
102.90,3.432101,12.579699,57.9393,C,-8.00,60.36,70.0
103.00,3.433710,12.578090,57.9441,C,-8.00,60.14,70.0
103.10,3.435320,12.576480,57.9489,C,-8.00,59.92,70.0
103.20,3.436929,12.574871,57.9537,C,-8.00,59.69,70.0
103.30,3.438539,12.573261,57.9585,C,-8.00,59.40,70.0
103.40,3.440149,12.571651,57.9633,C,-8.00,59.17,70.0
103.50,3.441759,12.570041,57.9681,C,-8.00,58.95,70.0
103.60,3.443370,12.568430,57.9729,C,-8.00,58.72,70.0
103.70,3.444980,12.566820,57.9777,C,-8.00,58.50,70.0
103.80,3.446591,12.565209,57.9825,C,-8.00,58.19,70.0
103.90,3.448201,12.563599,57.9773,B2,-8.00,57.96,70.0
104.00,3.449810,12.561990,57.8820,B2,-8.00,57.74,70.0
104.10,3.451417,12.560383,57.7868,B2,-8.00,57.51,70.0
104.20,3.453021,12.558779,57.6915,B2,-8.00,57.20,70.0
104.30,3.454622,12.557178,57.5962,B2,-8.00,56.97,70.0
104.40,3.456220,12.555580,57.5010,B2,-8.00,56.73,70.0
104.50,3.457816,12.553984,57.4057,B2,-8.00,56.50,70.0
104.60,3.459409,12.552391,57.3105,B2,-8.00,56.27,70.0
104.70,3.461000,12.550800,57.2152,B2,-8.00,56.03,70.0
104.80,3.462587,12.549213,57.1200,B2,-8.00,55.71,70.0
104.90,3.464173,12.547627,57.0247,B2,-8.00,55.48,70.0
105.00,3.465755,12.546045,56.9294,B2,-8.00,55.24,70.0
105.10,3.467335,12.544465,56.8342,B2,-8.00,55.00,55.0
105.20,3.468912,12.542888,56.7389,B2,-8.00,55.00,55.0
105.30,3.470487,12.541313,56.6437,B2,-8.00,55.00,55.0
105.40,3.472059,12.539741,56.5484,B2,-8.00,55.00,55.0
105.50,3.473628,12.538172,56.4532,B2,-8.00,55.00,55.0
105.60,3.475195,12.536605,56.3579,B2,-8.00,55.00,55.0
105.70,3.476759,12.535041,56.2627,B2,-8.00,55.00,55.0
105.80,3.478320,12.533480,56.1674,B2,-8.00,55.00,55.0
105.90,3.479879,12.531921,56.0721,B2,-8.00,55.00,55.0
106.00,3.481435,12.530365,55.9769,B2,-8.00,55.00,55.0
106.10,3.482989,12.528811,55.8816,B2,-8.00,55.00,55.0
106.20,3.484540,12.527260,55.7864,B2,-8.00,55.00,55.0
106.30,3.486088,12.525712,55.6911,B2,-8.00,55.00,55.0
106.40,3.487633,12.524167,55.5959,B2,-8.00,55.00,55.0
106.50,3.489176,12.522624,55.5006,B2,-8.00,55.00,55.0
106.60,3.490716,12.521084,55.4054,B2,-8.00,55.00,55.0
106.70,3.492254,12.519546,55.3101,B2,-8.00,55.00,55.0
106.80,3.493789,12.518011,55.2148,B2,-8.00,55.00,55.0
106.90,3.495321,12.516479,55.1196,B2,-8.00,55.00,55.0
107.00,3.496851,12.514949,55.0243,B2,-8.00,55.00,55.0
107.10,3.498378,12.513422,54.9291,B2,-8.00,55.00,55.0
107.20,3.499902,12.511898,54.8338,B2,-8.00,55.00,55.0
107.30,3.501424,12.510376,54.7386,B2,-8.00,55.00,55.0
107.40,3.502943,12.508857,54.6433,B2,-8.00,55.00,55.0
107.50,3.504459,12.507341,54.5480,B2,-8.00,55.00,55.0
107.60,3.505973,12.505827,54.4528,B2,-8.00,55.00,55.0
107.70,3.507484,12.504316,54.3575,B2,-8.00,55.00,55.0
107.80,3.508993,12.502807,54.2623,B2,-8.00,55.00,55.0
107.90,3.510499,12.501301,54.1670,B2,-8.00,55.00,55.0
108.00,3.512002,12.499798,54.0718,B2,-8.00,55.00,55.0
108.10,3.513502,12.498298,53.9765,B2,-8.00,55.00,55.0
108.20,3.515000,12.496800,53.8813,B2,-8.00,55.00,55.0
108.30,3.516495,12.495305,53.7860,B2,-8.00,55.00,55.0
108.40,3.517988,12.493812,53.6907,B2,-8.00,55.00,55.0
108.50,3.519478,12.492322,53.5955,B2,-8.00,55.00,55.0
108.60,3.520965,12.490835,53.5002,B2,-8.00,55.00,55.0
108.70,3.522450,12.489350,53.4050,B2,-8.00,55.00,55.0
108.80,3.523932,12.487868,53.3097,B2,-8.00,55.00,55.0
108.90,3.525411,12.486389,53.2145,B2,-8.00,55.00,55.0
109.00,3.526888,12.484912,53.1192,B2,-8.00,55.00,55.0
109.10,3.528362,12.483438,53.0240,B2,-8.00,55.00,55.0
109.20,3.529834,12.481966,52.9287,B2,-8.00,55.00,55.0
109.30,3.531302,12.480498,52.8334,B2,-8.00,55.00,55.0
109.40,3.532768,12.479032,52.7382,B2,-8.00,55.00,55.0
109.50,3.534232,12.477568,52.6429,B2,-8.00,55.00,55.0
109.60,3.535693,12.476107,52.5477,B2,-8.00,55.00,55.0
109.70,3.537151,12.474649,52.4524,B2,-8.00,55.00,55.0
109.80,3.538607,12.473193,52.3572,B2,-8.00,55.00,55.0
109.90,3.540059,12.471741,52.2619,B2,-8.00,55.00,55.0
110.00,3.541510,12.470290,52.1666,B2,-8.00,55.00,55.0
110.10,3.542957,12.468843,52.0714,B2,-8.00,55.00,55.0
110.20,3.544402,12.467398,51.9761,B2,-8.00,55.00,55.0
110.30,3.545845,12.465955,51.8809,B2,-8.00,55.00,55.0
110.40,3.547284,12.464516,51.7856,B2,-8.00,55.00,55.0
110.50,3.548721,12.463079,51.6904,B2,-8.00,55.00,55.0
110.60,3.550156,12.461644,51.5951,B2,-8.00,55.00,55.0
110.70,3.551588,12.460212,51.4999,B2,-8.00,55.00,55.0
110.80,3.553017,12.458783,51.4046,B2,-8.00,55.00,55.0
110.90,3.554443,12.457357,51.3093,B2,-8.00,55.00,55.0
111.00,3.555867,12.455933,51.2141,B2,-8.00,55.00,55.0
111.10,3.557288,12.454512,51.1188,B2,-8.00,55.00,55.0
111.20,3.558707,12.453093,51.0236,B2,-8.00,55.00,55.0
111.30,3.560122,12.451678,50.9283,B2,-8.00,55.00,55.0
111.40,3.561536,12.450264,50.8331,B2,-8.00,55.00,55.0
111.50,3.562946,12.448854,50.7378,B2,-8.00,55.00,55.0
111.60,3.564354,12.447446,50.6426,B2,-8.00,55.00,55.0
111.70,3.565759,12.446041,50.5473,B2,-8.00,55.00,55.0
111.80,3.567162,12.444638,50.4520,B2,-8.00,55.00,55.0
111.90,3.568562,12.443238,50.3568,B2,-8.00,55.00,55.0
112.00,3.569959,12.441841,50.2615,B2,-8.00,55.00,55.0
112.10,3.571355,12.440445,50.2385,C,-8.00,55.00,55.0
112.20,3.572751,12.439049,50.2463,C,-8.00,55.00,55.0
112.30,3.574146,12.437654,50.2542,C,-8.00,55.00,55.0
112.40,3.575542,12.436258,50.2620,C,-8.00,55.00,55.0
112.50,3.576939,12.434861,50.2699,C,-8.00,55.00,55.0
112.60,3.578335,12.433465,50.2777,C,-8.00,55.00,55.0
112.70,3.579732,12.432068,50.2856,C,-8.00,55.00,55.0
112.80,3.581129,12.430671,50.2934,C,-8.00,55.00,55.0
112.90,3.582526,12.429274,50.3012,C,-8.00,55.00,55.0
113.00,3.583923,12.427877,50.3091,C,-8.00,55.00,55.0
113.10,3.585321,12.426479,50.3169,C,-8.00,55.00,55.0
113.20,3.586719,12.425081,50.3247,C,-8.00,55.00,55.0
113.30,3.588117,12.423683,50.3326,C,-8.00,55.00,55.0
113.40,3.589515,12.422285,50.3422,C,-9.00,55.00,55.0
113.50,3.590914,12.420886,50.3535,C,-9.00,55.00,55.0
113.60,3.592313,12.419487,50.3648,C,-9.00,55.00,55.0
113.70,3.593712,12.418088,50.3762,C,-9.00,55.00,55.0
113.80,3.595111,12.416689,50.3875,C,-9.00,55.00,55.0
113.90,3.596511,12.415289,50.3988,C,-9.00,55.00,55.0
114.00,3.597911,12.413889,50.4102,C,-9.00,55.00,55.0
114.10,3.599312,12.412488,50.4215,C,-9.00,55.00,55.0
114.20,3.600712,12.411088,50.4328,C,-9.00,55.00,55.0
114.30,3.602114,12.409686,50.4441,C,-9.00,55.00,55.0
114.40,3.603515,12.408285,50.4554,C,-9.00,55.00,55.0
114.50,3.604917,12.406883,50.4667,C,-9.00,55.00,55.0
114.60,3.606319,12.405481,50.4780,C,-9.00,55.00,55.0
114.70,3.607721,12.404079,50.4893,C,-9.00,55.00,55.0
114.80,3.609124,12.402676,50.5006,C,-9.00,55.00,55.0
114.90,3.610527,12.401273,50.5119,C,-9.00,55.00,55.0
115.00,3.611930,12.399870,50.5232,C,-9.00,55.00,55.0
115.10,3.613334,12.398466,50.5345,C,-9.00,55.00,55.0
115.20,3.614737,12.397063,50.5457,C,-9.00,55.00,55.0
115.30,3.616142,12.395658,50.5570,C,-9.00,55.00,55.0
115.40,3.617546,12.394254,50.5683,C,-9.00,55.00,55.0
115.50,3.618951,12.392849,50.5668,C,-3.00,55.00,55.0
115.60,3.620355,12.391445,50.5569,C,-3.00,55.00,55.0
115.70,3.621760,12.390040,50.5470,C,-3.00,55.00,55.0
115.80,3.623164,12.388636,50.5371,C,-3.00,55.00,55.0
115.90,3.624567,12.387233,50.5273,C,-3.00,55.00,55.0
116.00,3.625971,12.385829,50.5174,C,-3.00,55.00,55.0
116.10,3.627374,12.384426,50.5075,C,-3.00,55.00,55.0
116.20,3.628777,12.383023,50.4976,C,-3.00,55.00,55.0
116.30,3.630179,12.381621,50.4877,C,-3.00,55.00,55.0
116.40,3.631581,12.380219,50.4779,C,-3.00,55.00,55.0
116.50,3.632983,12.378817,50.4680,C,-3.00,55.00,55.0
116.60,3.634385,12.377415,50.4581,C,-3.00,55.00,55.0
116.70,3.635787,12.376013,50.4483,C,-3.00,55.00,55.0
116.80,3.637188,12.374612,50.4384,C,-3.00,55.00,55.0
116.90,3.638589,12.373211,50.4285,C,-3.00,55.00,55.0
117.00,3.639989,12.371811,50.4187,C,-3.00,55.00,55.0
117.10,3.641390,12.370410,50.4089,C,-3.00,55.00,55.0
117.20,3.642790,12.369010,50.3990,C,-3.00,55.00,55.0
117.30,3.644190,12.367610,50.3892,C,-3.00,55.00,55.0
117.40,3.645589,12.366211,50.3793,C,-3.00,55.00,55.0
117.50,3.646988,12.364812,50.3695,C,-3.00,55.00,55.0
117.60,3.648387,12.363413,50.3597,C,-3.00,55.00,55.0
117.70,3.649786,12.362014,50.3499,C,-3.00,55.00,55.0
117.80,3.651185,12.360615,50.3400,C,-3.00,55.00,55.0
117.90,3.652583,12.359217,50.3302,C,-3.00,55.00,55.0
118.00,3.653981,12.357819,50.3204,C,-3.00,55.00,55.0
118.10,3.655378,12.356422,50.3106,C,-3.00,55.00,55.0
118.20,3.656776,12.355024,50.3008,C,-3.00,55.00,55.0
118.30,3.658173,12.353627,50.2910,C,-3.00,55.00,55.0
118.40,3.659570,12.352230,50.2812,C,-3.00,55.00,55.0
118.50,3.660966,12.350834,50.2714,C,-3.00,55.00,55.0
118.60,3.662362,12.349438,50.2616,C,-3.00,55.00,55.0
118.70,3.663758,12.348042,50.2518,C,-3.00,55.00,55.0
118.80,3.665154,12.346646,50.2420,C,-3.00,55.00,55.0
118.90,3.666550,12.345250,50.2323,C,-3.00,55.00,55.0
119.00,3.667945,12.343855,50.2225,C,-3.00,55.00,55.0
119.10,3.669340,12.342460,50.2127,C,-3.00,55.00,55.0
119.20,3.670734,12.341066,50.2029,C,-3.00,55.00,55.0
119.30,3.672129,12.339671,50.1932,C,-3.00,55.00,55.0
119.40,3.673523,12.338277,50.1834,C,-3.00,55.00,55.0
119.50,3.674917,12.336883,50.1737,C,-3.00,55.00,55.0
119.60,3.676310,12.335490,50.1639,C,-3.00,55.00,55.0
119.70,3.677704,12.334096,50.1542,C,-3.00,55.00,55.0
119.80,3.679097,12.332703,50.1444,C,-3.00,55.00,55.0
119.90,3.680489,12.331311,50.1347,C,-3.00,55.00,55.0
120.00,3.681882,12.329918,50.1249,C,-3.00,55.00,55.0
120.10,3.683274,12.328526,50.1152,C,-3.00,55.00,55.0
120.20,3.684666,12.327134,50.1055,C,-3.00,55.00,55.0
120.30,3.686058,12.325742,50.0957,C,-3.00,55.00,55.0
120.40,3.687447,12.324353,49.9110,B1,-3.00,55.00,55.0
120.50,3.688830,12.322970,49.6514,B1,-3.00,55.00,55.0
120.60,3.690205,12.321595,49.3919,B1,-3.00,55.00,55.0
120.70,3.691573,12.320227,49.1325,B1,-3.00,55.00,55.0
120.80,3.692934,12.318866,48.8732,B1,-3.00,55.00,55.0
120.90,3.694287,12.317513,48.6139,B1,-3.00,55.00,55.0
121.00,3.695634,12.316166,48.3548,B1,-3.00,55.00,55.0
121.10,3.696973,12.314827,48.0958,B1,-3.00,55.00,55.0
121.20,3.698305,12.313495,47.8368,B1,-3.00,55.00,55.0
121.30,3.699630,12.312170,47.5780,B1,-3.00,55.00,55.0
121.40,3.700948,12.310852,47.3192,B1,-3.00,55.00,55.0
121.50,3.702258,12.309542,47.0606,B1,-3.00,55.00,55.0
121.60,3.703561,12.308239,46.8020,B1,-3.00,55.00,55.0
121.70,3.704857,12.306943,46.5436,B1,-3.00,55.00,55.0
121.80,3.706146,12.305654,46.2852,B1,-3.00,55.00,55.0
121.90,3.707428,12.304372,46.0269,B1,-3.00,55.00,55.0
122.00,3.708703,12.303097,45.7687,B1,-3.00,55.00,55.0
122.10,3.709970,12.301830,45.5106,B1,-3.00,55.00,55.0
122.20,3.711230,12.300570,45.2526,B1,-3.00,55.00,55.0
122.30,3.712483,12.299317,44.9947,B1,-3.00,55.00,55.0
122.40,3.713729,12.298071,44.7369,B1,-3.00,55.00,55.0
122.50,3.714968,12.296832,44.4792,B1,-3.00,55.00,55.0
122.60,3.716200,12.295600,44.2215,B1,-3.00,55.00,55.0
122.70,3.717424,12.294376,43.9640,B1,-3.00,55.00,55.0
122.80,3.718641,12.293159,43.7065,B1,-3.00,55.00,55.0
122.90,3.719852,12.291948,43.4492,B1,-3.00,55.00,55.0
123.00,3.721055,12.290745,43.1919,B1,-3.00,55.00,55.0
123.10,3.722250,12.289550,42.9347,B1,-3.00,55.00,55.0
123.20,3.723439,12.288361,42.6776,B1,-3.00,55.00,55.0
123.30,3.724621,12.287179,42.4206,B1,-3.00,55.00,55.0
123.40,3.725795,12.286005,42.1636,B1,-3.00,55.00,55.0
123.50,3.726962,12.284838,41.9068,B1,-3.00,55.00,55.0
123.60,3.728122,12.283678,41.6500,B1,-3.00,55.00,55.0
123.70,3.729276,12.282524,41.3934,B1,-3.00,55.00,55.0
123.80,3.730421,12.281379,41.1368,B1,-3.00,55.00,55.0
123.90,3.731560,12.280240,40.8803,B1,-3.00,55.00,55.0
124.00,3.732692,12.279108,40.6239,B1,-3.00,55.00,55.0
124.10,3.733816,12.277984,40.3676,B1,-3.00,55.00,55.0
124.20,3.734934,12.276866,40.1113,B1,-3.00,55.00,55.0
124.30,3.736044,12.275756,39.8552,B1,-3.00,55.00,55.0
124.40,3.737147,12.274653,39.5991,B1,-3.00,55.00,55.0
124.50,3.738243,12.273557,39.3431,B1,-3.00,55.00,55.0
124.60,3.739332,12.272468,39.0872,B1,-3.00,55.00,55.0
124.70,3.740414,12.271386,38.8314,B1,-3.00,55.00,55.0
124.80,3.741489,12.270311,38.5756,B1,-3.00,55.00,55.0
124.90,3.742556,12.269244,38.3200,B1,-3.00,55.00,55.0
125.00,3.743617,12.268183,38.0644,B1,-3.00,55.00,55.0
125.10,3.744670,12.267130,37.8089,B1,-3.00,55.00,55.0
125.20,3.745717,12.266083,37.5535,B1,-3.00,55.00,55.0
125.30,3.746756,12.265044,37.2982,B1,-3.00,55.00,55.0
125.40,3.747788,12.264012,37.0429,B1,-3.00,55.00,55.0
125.50,3.748813,12.262987,36.7878,B1,-3.00,55.00,55.0
125.60,3.749831,12.261969,36.5327,B1,-3.00,55.00,55.0
125.70,3.750842,12.260958,36.2777,B1,-3.00,55.00,55.0
125.80,3.751846,12.259954,36.0228,B1,-3.00,55.00,55.0
125.90,3.752843,12.258957,35.7679,B1,-3.00,55.00,55.0
126.00,3.753832,12.257968,35.5131,B1,-3.00,55.00,55.0
126.10,3.754815,12.256985,35.2584,B1,-3.00,55.00,55.0
126.20,3.755790,12.256010,35.0056,B1,-4.00,55.00,55.0
126.30,3.756759,12.255041,34.7546,B1,-4.00,55.00,55.0
126.40,3.757721,12.254079,34.5037,B1,-4.00,55.00,55.0
126.50,3.758675,12.253125,34.2528,B1,-4.00,55.00,55.0
126.60,3.759623,12.252177,34.0020,B1,-4.00,55.00,55.0
126.70,3.760564,12.251236,33.7513,B1,-4.00,55.00,55.0
126.80,3.761497,12.250303,33.5007,B1,-4.00,55.00,55.0
126.90,3.762424,12.249376,33.2501,B1,-4.00,55.00,55.0
127.00,3.763344,12.248456,32.9997,B1,-4.00,55.00,55.0
127.10,3.764257,12.247543,32.7493,B1,-4.00,55.00,55.0
127.20,3.765162,12.246638,32.4989,B1,-4.00,55.00,55.0
127.30,3.766061,12.245739,32.2487,B1,-4.00,55.00,55.0
127.40,3.766953,12.244847,31.9985,B1,-4.00,55.00,55.0
127.50,3.767838,12.243962,31.7484,B1,-4.00,55.00,55.0
127.60,3.768716,12.243084,31.4983,B1,-4.00,55.00,55.0
127.70,3.769588,12.242212,31.2484,B1,-4.00,55.00,55.0
127.80,3.770452,12.241348,30.9985,B1,-4.00,55.00,55.0
127.90,3.771309,12.240491,30.7486,B1,-4.00,55.00,55.0
128.00,3.772159,12.239641,30.4989,B1,-4.00,55.00,55.0
128.10,3.773003,12.238797,30.2492,B1,-4.00,55.00,55.0
128.20,3.773839,12.237961,29.9996,B1,-4.00,55.00,55.0
128.30,3.774669,12.237131,29.7501,B1,-4.00,55.00,55.0
128.40,3.775491,12.236309,29.5006,B1,-4.00,55.00,55.0
128.50,3.776307,12.235493,29.2512,B1,-4.00,55.00,55.0
128.60,3.777116,12.234684,29.0019,B1,-4.00,55.00,55.0
128.70,3.777917,12.233883,28.7526,B1,-4.00,55.00,55.0
128.80,3.778712,12.233088,28.5034,B1,-4.00,55.00,55.0
128.90,3.779500,12.232300,28.2543,B1,-4.00,55.00,55.0
129.00,3.780281,12.231519,28.0052,B1,-4.00,55.00,55.0
129.10,3.781055,12.230745,27.7562,B1,-4.00,55.00,55.0
129.20,3.781823,12.229977,27.5073,B1,-4.00,55.00,55.0
129.30,3.782583,12.229217,27.2585,B1,-4.00,55.00,55.0
129.40,3.783336,12.228464,27.0097,B1,-4.00,55.00,55.0
129.50,3.784083,12.227717,26.7610,B1,-4.00,55.00,55.0
129.60,3.784822,12.226978,26.5123,B1,-4.00,55.00,55.0
129.70,3.785555,12.226245,26.2637,B1,-4.00,55.00,55.0
129.80,3.786281,12.225519,26.0152,B1,-4.00,55.00,55.0
129.90,3.787000,12.224800,25.7667,B1,-4.00,55.00,55.0
130.00,3.787712,12.224088,25.5184,B1,-4.00,55.00,55.0
130.10,3.788417,12.223383,25.2700,B1,-4.00,55.00,55.0
130.20,3.789115,12.222685,25.0218,B1,-4.00,55.00,55.0
130.30,3.789806,12.221994,24.7736,B1,-4.00,55.00,55.0
130.40,3.790490,12.221310,24.5254,B1,-4.00,55.00,55.0
130.50,3.791168,12.220632,24.2774,B1,-4.00,55.00,55.0
130.60,3.791838,12.219962,24.0294,B1,-4.00,55.00,55.0
130.70,3.792502,12.219298,23.7814,B1,-4.00,55.00,55.0
130.80,3.793159,12.218641,23.5335,B1,-4.00,55.00,55.0
130.90,3.793809,12.217991,23.2857,B1,-4.00,55.00,55.0
131.00,3.794452,12.217348,23.0379,B1,-4.00,55.00,55.0
131.10,3.795088,12.216712,22.7902,B1,-4.00,55.00,55.0
131.20,3.795717,12.216083,22.5426,B1,-4.00,55.00,55.0
131.30,3.796340,12.215460,22.2950,B1,-4.00,55.00,55.0
131.40,3.796955,12.214845,22.0475,B1,-4.00,55.00,55.0
131.50,3.797564,12.214236,21.8001,B1,-4.00,55.00,55.0
131.60,3.798166,12.213634,21.5527,B1,-4.00,55.00,55.0
131.70,3.798761,12.213039,21.3053,B1,-4.00,55.00,55.0
131.80,3.799349,12.212451,21.0581,B1,-4.00,55.00,55.0
131.90,3.799930,12.211870,20.8109,B1,-4.00,55.00,55.0
132.00,3.800504,12.211296,20.5637,B1,-4.00,55.00,55.0
132.10,3.801072,12.210728,20.3166,B1,-4.00,55.00,55.0
132.20,3.801632,12.210168,20.0696,B1,-4.00,55.00,55.0
132.30,3.802186,12.209614,19.8226,B1,-4.00,55.00,55.0
132.40,3.802733,12.209067,19.5757,B1,-4.00,55.00,55.0
132.50,3.803273,12.208527,19.3288,B1,-4.00,55.00,55.0
132.60,3.803806,12.207994,19.0820,B1,-4.00,55.00,55.0
132.70,3.804332,12.207468,18.8352,B1,-4.00,55.00,55.0
132.80,3.804852,12.206948,18.5885,B1,-4.00,55.00,55.0
132.90,3.805364,12.206436,18.3419,B1,-4.00,55.00,55.0
133.00,3.805870,12.205930,18.0953,B1,-4.00,55.00,55.0
133.10,3.806369,12.205431,17.8488,B1,-4.00,55.00,55.0
133.20,3.806861,12.204939,17.6023,B1,-4.00,55.00,55.0
133.30,3.807346,12.204454,17.3559,B1,-4.00,55.00,55.0
133.40,3.807824,12.203976,17.1095,B1,-4.00,55.00,55.0
133.50,3.808296,12.203504,16.8632,B1,-4.00,55.00,55.0
133.60,3.808760,12.203040,16.6170,B1,-4.00,55.00,55.0
133.70,3.809218,12.202582,16.3708,B1,-4.00,55.00,55.0
133.80,3.809669,12.202131,16.1246,B1,-4.00,55.00,55.0
133.90,3.810113,12.201687,15.8785,B1,-4.00,55.00,55.0
134.00,3.810551,12.201249,15.6325,B1,-4.00,55.00,55.0
134.10,3.810981,12.200819,15.3865,B1,-4.00,55.00,55.0
134.20,3.811405,12.200395,15.1406,B1,-4.00,55.00,55.0
134.30,3.811822,12.199978,14.8947,B1,-4.00,55.00,55.0
134.40,3.812232,12.199568,14.6488,B1,-4.00,55.00,55.0
134.50,3.812635,12.199165,14.4031,B1,-4.00,55.00,55.0
134.60,3.813031,12.198769,14.1573,B1,-4.00,55.00,55.0
134.70,3.813421,12.198379,13.9116,B1,-4.00,55.00,55.0
134.80,3.813803,12.197997,13.6660,B1,-4.00,55.00,55.0
134.90,3.814179,12.197621,13.4204,B1,-4.00,55.00,55.0
135.00,3.814548,12.197252,13.1749,B1,-4.00,55.00,55.0
135.10,3.814910,12.196890,12.9294,B1,-4.00,55.00,55.0
135.20,3.815266,12.196534,12.6840,B1,-4.00,55.00,55.0
135.30,3.815614,12.196186,12.4386,B1,-4.00,55.00,55.0
135.40,3.815956,12.195844,12.1933,B1,-4.00,55.00,55.0
135.50,3.816291,12.195509,11.9480,B1,-4.00,55.00,55.0
135.60,3.816619,12.195181,11.7028,B1,-4.00,55.00,55.0
135.70,3.816941,12.194859,11.4576,B1,-4.00,55.00,55.0
135.80,3.817255,12.194545,11.2124,B1,-4.00,55.00,55.0
135.90,3.817563,12.194237,10.9673,B1,-4.00,55.00,55.0
136.00,3.817864,12.193936,10.7223,B1,-4.00,55.00,55.0
136.10,3.818158,12.193642,10.4773,B1,-4.00,55.00,55.0
136.20,3.818445,12.193355,10.2323,B1,-4.00,55.00,55.0
136.30,3.818726,12.193074,9.9874,B1,-4.00,55.00,55.0
136.40,3.818999,12.192801,9.7426,B1,-4.00,55.00,55.0
136.50,3.819266,12.192534,9.4977,B1,-4.00,55.00,55.0
136.60,3.819526,12.192274,9.2530,B1,-4.00,55.00,55.0
136.70,3.819780,12.192020,9.0082,B1,-4.00,55.00,55.0
136.80,3.820026,12.191774,8.7636,B1,-4.00,55.00,55.0
136.90,3.820266,12.191534,8.5189,B1,-4.00,55.00,55.0
137.00,3.820499,12.191301,8.2743,B1,-4.00,55.00,55.0
137.10,3.820725,12.191075,8.0298,B1,-4.00,55.00,55.0
137.20,3.820944,12.190856,7.7853,B1,-4.00,55.00,55.0
137.30,3.821157,12.190643,7.5408,B1,-4.00,55.00,55.0
137.40,3.821362,12.190438,7.2964,B1,-4.00,55.00,55.0
137.50,3.821561,12.190239,7.0520,B1,-4.00,55.00,55.0
137.60,3.821753,12.190047,6.8077,B1,-4.00,55.00,55.0
137.70,3.821939,12.189861,6.5634,B1,-4.00,55.00,55.0
137.80,3.822117,12.189683,6.3191,B1,-4.00,55.00,55.0
137.90,3.822289,12.189511,6.0749,B1,-4.00,55.00,55.0
138.00,3.822454,12.189346,5.8307,B1,-4.00,55.00,55.0
138.10,3.822612,12.189188,5.5866,B1,-4.00,55.00,55.0
138.20,3.822764,12.189036,5.3425,B1,-4.00,55.00,55.0
138.30,3.822909,12.188891,5.0984,B1,-4.00,55.00,55.0
138.40,3.823046,12.188754,4.8544,B1,-4.00,55.00,55.0
138.50,3.823178,12.188622,4.6105,B1,-4.00,55.00,55.0
138.60,3.823302,12.188498,4.3665,B1,-4.00,55.00,55.0
138.70,3.823419,12.188381,4.1226,B1,-4.00,55.00,55.0
138.80,3.823530,12.188270,3.8788,B1,-4.00,55.00,55.0
138.90,3.823634,12.188166,3.6350,B1,-4.00,55.00,55.0
139.00,3.823732,12.188068,3.3912,B1,-4.00,55.00,55.0
139.10,3.823822,12.187978,3.1474,B1,-4.00,55.00,55.0
139.20,3.823906,12.187894,2.9037,B1,-4.00,55.00,55.0
139.30,3.823983,12.187817,2.6601,B1,-4.00,55.00,55.0
139.40,3.824053,12.187747,2.4165,B1,-4.00,55.00,55.0
139.50,3.824116,12.187684,2.1729,B1,-4.00,55.00,55.0
139.60,3.824173,12.187627,1.9293,B1,-4.00,55.00,55.0
139.70,3.824223,12.187577,1.6858,B1,-4.00,55.00,55.0
139.80,3.824266,12.187534,1.4423,B1,-4.00,55.00,55.0
