time,train_id,phase,current_notch,holding_time,prev_notch,prev_notch_duration,speed_limit,signal_speed,current_speed,required_speed,dist_to_next_station,time_to_next_station,req_stop_dist,delay,current_gradient,next_limit_info,next_gradient_info,forward_info,backward_info,forward_train_delay,forward_clear_remaining_time,forward_departed_next,standard_headway,target_speed_no_stop,forward_observed_delay,reward
225.0,Train11,次駅への減速フェーズ（駅手前400m以内）,惰行中,10.0,力行（加速）,5.0,70.0,70.0,66.28,70.0,321.9,0.0,211.7,46.0,6.1,この先制限速度なし,131m先に上り勾配9.2‰あり,先行列車なし,後続列車なし,0.0,0.0,,0.0,70.0,0.0,-0.5
160.0,Train11,巡航フェーズ（駅間走行中）,ブレーキ（減速）中,2.0,力行（加速）,11.0,70.0,70.0,50.72,70.0,1066.7,20.0,135.4,0.0,0.0,この先制限速度なし,76m先に上り勾配12.5‰あり,先行列車なし,後続列車なし,0.0,0.0,,0.0,70.0,0.0,-0.5
111.0,Train11,巡航フェーズ（駅間走行中）,ブレーキ（減速）中,6.0,力行（加速）,38.0,70.0,70.0,55.54,70.0,1325.0,69.0,161.9,0.0,0.0,この先制限速度なし,334m先に上り勾配12.5‰あり,先行列車なし,後続列車なし,0.0,0.0,,0.0,70.0,0.0,-0.5
149.0,Train11,巡航フェーズ（駅間走行中）,ブレーキ（減速）中,5.0,惰行,7.0,70.0,70.0,60.35,70.0,1186.3,31.0,190.5,0.0,0.0,この先制限速度なし,196m先に上り勾配12.5‰あり,先行列車なし,後続列車なし,0.0,0.0,,0.0,70.0,0.0,-0.5
207.0,Train11,巡航フェーズ（駅間走行中）,惰行中,16.0,力行（加速）,3.0,70.0,70.0,64.59,70.0,623.9,0.0,217.5,28.0,0.0,この先制限速度なし,33m先に上り勾配6.1‰あり,先行列車なし,後続列車なし,0.0,0.0,,0.0,70.0,0.0,-0.5
171.0,Train11,巡航フェーズ（駅間走行中）,惰行中,17.0,力行（加速）,13.0,70.0,70.0,68.2,70.0,1121.4,9.0,241.9,0.0,0.0,この先制限速度なし,131m先に上り勾配12.5‰あり,先行列車なし,後続列車なし,0.0,0.0,,0.0,70.0,0.0,-0.5
196.0,Train11,次駅への減速フェーズ（駅手前400m以内）,惰行中,1.0,ブレーキ（減速）,4.0,70.0,70.0,64.5,70.0,106.1,0.0,193.4,17.0,9.2,この先制限速度なし,この先目立った勾配なし,先行列車なし,後続列車なし,0.0,0.0,,0.0,70.0,0.0,-0.5
150.0,Train11,巡航フェーズ（駅間走行中）,ブレーキ（減速）中,3.0,力行（加速）,16.0,70.0,70.0,49.99,70.0,996.0,30.0,131.6,0.0,0.0,この先制限速度なし,5m先に上り勾配12.5‰あり,先行列車なし,後続列車なし,0.0,0.0,,0.0,70.0,0.0,-0.5
145.0,Train11,巡航フェーズ（駅間走行中）,ブレーキ（減速）中,4.0,力行（加速）,52.0,70.0,70.0,57.39,70.0,1521.1,35.0,172.6,0.0,0.0,この先制限速度なし,この先目立った勾配なし,先行列車なし,後続列車なし,0.0,0.0,,0.0,70.0,0.0,-0.5
161.0,Train11,巡航フェーズ（駅間走行中）,力行（加速）中,13.0,惰行,10.0,70.0,70.0,64.28,70.0,903.7,19.0,184.9,0.0,12.5,この先制限速度なし,113m先で上り勾配12.5‰が終わり平坦になる,先行列車なし,後続列車なし,0.0,0.0,,0.0,70.0,0.0,-0.5
145.0,Train11,巡航フェーズ（駅間走行中）,惰行中,8.0,力行（加速）,26.0,70.0,70.0,69.13,70.0,1060.3,35.0,248.4,0.0,0.0,この先制限速度なし,70m先に上り勾配12.5‰あり,先行列車なし,後続列車なし,0.0,0.0,,0.0,70.0,0.0,-0.5
203.1,Train11,次駅への減速フェーズ（駅手前400m以内）,ブレーキ（減速）中,0.5,力行（加速）,0.1,70.0,70.0,67.9,70.0,71.0,0.0,213.8,23.2,9.2,この先制限速度なし,この先目立った勾配なし,先行列車なし,後続列車なし,0.0,0.0,,0.0,70.0,0.0,-0.05
221.5,Train11,次駅への減速フェーズ（駅手前400m以内）,ブレーキ（減速）中,3.2,惰行,0.1,70.0,70.0,57.17,70.0,34.7,0.0,152.6,41.6,9.2,この先制限速度なし,この先目立った勾配なし,先行列車なし,後続列車なし,0.0,0.0,,0.0,70.0,0.0,-0.05
168.0,Train11,巡航フェーズ（駅間走行中）,力行（加速）中,27.0,惰行,15.0,70.0,70.0,65.57,70.0,1209.3,12.0,224.0,0.0,0.0,この先制限速度なし,219m先に上り勾配12.5‰あり,先行列車なし,後続列車なし,0.0,0.0,,0.0,70.0,0.0,-0.5
126.0,Train11,巡航フェーズ（駅間走行中）,ブレーキ（減速）中,5.0,力行（加速）,53.0,70.0,70.0,58.21,70.0,1343.0,54.0,177.5,0.0,0.0,この先制限速度なし,352m先に上り勾配12.5‰あり,先行列車なし,後続列車なし,0.0,0.0,,0.0,70.0,0.0,-0.5
172.0,Train11,巡航フェーズ（駅間走行中）,ブレーキ（減速）中,5.0,力行（加速）,37.0,70.0,70.0,58.25,70.0,1093.8,8.0,177.7,0.0,0.0,この先制限速度なし,103m先に上り勾配12.5‰あり,先行列車なし,後続列車なし,0.0,0.0,,0.0,70.0,0.0,-0.5
167.0,Train11,巡航フェーズ（駅間走行中）,力行（加速）中,26.0,惰行,15.0,70.0,70.0,65.07,70.0,1227.4,13.0,220.7,0.0,0.0,この先制限速度なし,237m先に上り勾配12.5‰あり,先行列車なし,後続列車なし,0.0,0.0,,0.0,70.0,0.0,-0.5
193.0,Train11,巡航フェーズ（駅間走行中）,ブレーキ（減速）中,2.0,力行（加速）,14.0,70.0,70.0,67.52,70.0,804.2,0.0,203.6,14.0,12.5,この先制限速度なし,14m先で上り勾配12.5‰が終わり平坦になる,先行列車なし,後続列車なし,0.0,0.0,,0.0,70.0,0.0,-0.5
157.0,Train11,巡航フェーズ（駅間走行中）,ブレーキ（減速）中,5.0,力行（加速）,37.0,70.0,70.0,56.79,70.0,1167.0,23.0,169.1,0.0,0.0,この先制限速度なし,177m先に上り勾配12.5‰あり,先行列車なし,後続列車なし,0.0,0.0,,0.0,70.0,0.0,-0.5
176.0,Train11,巡航フェーズ（駅間走行中）,ブレーキ（減速）中,1.0,惰行,35.0,70.0,70.0,71.49,70.0,1108.8,4.0,265.1,0.0,0.0,この先制限速度なし,118m先に上り勾配12.5‰あり,先行列車なし,後続列車なし,0.0,0.0,,0.0,70.0,0.0,-0.5
128.0,Train11,巡航フェーズ（駅間走行中）,惰行中,6.0,力行（加速）,22.0,70.0,70.0,69.33,70.0,1175.1,52.0,249.8,0.0,0.0,この先制限速度なし,185m先に上り勾配12.5‰あり,先行列車なし,後続列車なし,0.0,0.0,,0.0,70.0,0.0,-0.5
186.9,Train11,次駅への減速フェーズ（駅手前400m以内）,ブレーキ（減速）中,1.0,力行（加速）,1.0,70.0,70.0,68.87,70.0,77.1,0.0,219.8,7.0,9.2,この先制限速度なし,この先目立った勾配なし,先行列車なし,後続列車なし,0.0,0.0,,0.0,70.0,0.0,-0.05
222.0,Train11,次駅への減速フェーズ（駅手前400m以内）,惰行中,7.0,力行（加速）,5.0,70.0,70.0,67.63,70.0,377.7,0.0,220.2,43.0,6.1,この先制限速度なし,187m先に上り勾配9.2‰あり,先行列車なし,後続列車なし,0.0,0.0,,0.0,70.0,0.0,-0.5
191.0,Train11,巡航フェーズ（駅間走行中）,力行（加速）中,21.0,惰行,13.0,70.0,70.0,65.55,70.0,744.2,0.0,223.9,12.0,0.0,この先制限速度なし,154m先に上り勾配6.1‰あり,先行列車なし,後続列車なし,0.0,0.0,,0.0,70.0,0.0,-0.5
112.0,Train11,巡航フェーズ（駅間走行中）,ブレーキ（減速）中,7.0,力行（加速）,38.0,70.0,70.0,52.85,70.0,1309.9,68.0,146.8,0.0,0.0,この先制限速度なし,319m先に上り勾配12.5‰あり,先行列車なし,後続列車なし,0.0,0.0,,0.0,70.0,0.0,-0.5
161.0,Train11,巡航フェーズ（駅間走行中）,ブレーキ（減速）中,9.0,力行（加速）,37.0,70.0,70.0,46.06,70.0,1109.9,19.0,112.0,0.0,0.0,この先制限速度なし,119m先に上り勾配12.5‰あり,先行列車なし,後続列車なし,0.0,0.0,,0.0,70.0,0.0,-0.5
209.0,Train11,巡航フェーズ（駅間走行中）,力行（加速）中,4.0,惰行,2.0,70.0,70.0,66.89,70.0,439.6,0.0,215.5,30.0,6.1,この先制限速度なし,249m先に上り勾配9.2‰あり,先行列車なし,後続列車なし,0.0,0.0,,0.0,70.0,0.0,-0.5
228.0,Train11,次駅への減速フェーズ（駅手前400m以内）,惰行中,13.0,力行（加速）,5.0,70.0,70.0,64.95,70.0,267.2,0.0,203.5,49.0,6.1,この先制限速度なし,77m先に上り勾配9.2‰あり,先行列車なし,後続列車なし,0.0,0.0,,0.0,70.0,0.0,-0.5
152.0,Train11,巡航フェーズ（駅間走行中）,ブレーキ（減速）中,6.0,力行（加速）,57.0,70.0,70.0,54.32,70.0,1394.8,28.0,154.9,0.0,0.0,この先制限速度なし,404m先に上り勾配12.5‰あり,先行列車なし,後続列車なし,0.0,0.0,,0.0,70.0,0.0,-0.5
119.0,Train11,巡航フェーズ（駅間走行中）,ブレーキ（減速）中,3.0,力行（加速）,3.0,70.0,70.0,46.63,70.0,1521.4,61.0,114.7,0.0,0.0,この先制限速度なし,この先目立った勾配なし,先行列車なし,後続列車なし,0.0,0.0,,0.0,70.0,0.0,-0.5
108.0,Train11,巡航フェーズ（駅間走行中）,ブレーキ（減速）中,4.0,力行（加速）,60.0,70.0,70.0,61.04,70.0,1368.3,72.0,194.8,0.0,0.0,この先制限速度なし,378m先に上り勾配12.5‰あり,先行列車なし,後続列車なし,0.0,0.0,,0.0,70.0,0.0,-0.5
202.0,Train11,次駅への減速フェーズ（駅手前400m以内）,惰行中,18.0,力行（加速）,22.0,70.0,70.0,66.27,70.0,267.9,0.0,211.7,23.0,6.1,この先制限速度なし,77m先に上り勾配9.2‰あり,先行列車なし,後続列車なし,0.0,0.0,,0.0,70.0,0.0,-0.5
121.0,Train11,巡航フェーズ（駅間走行中）,ブレーキ（減速）中,1.0,力行（加速）,41.0,70.0,70.0,69.15,70.0,1412.3,59.0,248.5,0.0,0.0,この先制限速度なし,422m先に上り勾配12.5‰あり,先行列車なし,後続列車なし,0.0,0.0,,0.0,70.0,0.0,-0.5
193.0,Train11,巡航フェーズ（駅間走行中）,ブレーキ（減速）中,9.0,惰行,22.0,70.0,70.0,45.01,70.0,821.8,0.0,91.6,14.0,12.5,この先制限速度なし,31m先で上り勾配12.5‰が終わり平坦になる,先行列車なし,後続列車なし,0.0,0.0,,0.0,70.0,0.0,-0.5
203.0,Train11,次駅への減速フェーズ（駅手前400m以内）,ブレーキ（減速）中,3.0,惰行,15.0,70.0,70.0,65.26,70.0,373.6,0.0,205.4,24.0,6.1,この先制限速度なし,183m先に上り勾配9.2‰あり,先行列車なし,後続列車なし,0.0,0.0,,0.0,70.0,0.0,-0.5
138.0,Train11,巡航フェーズ（駅間走行中）,ブレーキ（減速）中,4.0,力行（加速）,20.0,70.0,70.0,49.51,70.0,932.7,42.0,110.6,0.0,12.5,この先制限速度なし,142m先で上り勾配12.5‰が終わり平坦になる,先行列車なし,後続列車なし,0.0,0.0,,0.0,70.0,0.0,-0.5
154.0,Train11,巡航フェーズ（駅間走行中）,ブレーキ（減速）中,14.0,力行（加速）,32.0,70.0,70.0,51.73,70.0,689.2,26.0,140.7,0.0,0.0,この先制限速度なし,99m先に上り勾配6.1‰あり,先行列車なし,後続列車なし,0.0,0.0,,0.0,70.0,0.0,-0.5
118.0,Train11,巡航フェーズ（駅間走行中）,ブレーキ（減速）中,4.0,力行（加速）,12.0,70.0,70.0,62.7,70.0,1328.3,62.0,205.3,0.0,0.0,この先制限速度なし,338m先に上り勾配12.5‰あり,先行列車なし,後続列車なし,0.0,0.0,,0.0,70.0,0.0,-0.5
130.0,Train11,巡航フェーズ（駅間走行中）,ブレーキ（減速）中,4.0,力行（加速）,33.0,70.0,70.0,60.86,70.0,1274.4,50.0,193.7,0.0,0.0,この先制限速度なし,284m先に上り勾配12.5‰あり,先行列車なし,後続列車なし,0.0,0.0,,0.0,70.0,0.0,-0.5
192.0,Train11,巡航フェーズ（駅間走行中）,ブレーキ（減速）中,8.0,惰行,22.0,70.0,70.0,48.12,70.0,834.8,0.0,104.6,13.0,12.5,この先制限速度なし,44m先で上り勾配12.5‰が終わり平坦になる,先行列車なし,後続列車なし,0.0,0.0,,0.0,70.0,0.0,-0.5
180.0,Train11,巡航フェーズ（駅間走行中）,惰行中,7.0,力行（加速）,11.0,70.0,70.0,65.08,70.0,1021.3,0.0,220.8,1.0,0.0,この先制限速度なし,31m先に上り勾配12.5‰あり,先行列車なし,後続列車なし,0.0,0.0,,0.0,70.0,0.0,-0.5
206.0,Train11,巡航フェーズ（駅間走行中）,惰行中,15.0,力行（加速）,3.0,70.0,70.0,64.81,70.0,641.8,0.0,219.0,27.0,0.0,この先制限速度なし,51m先に上り勾配6.1‰あり,先行列車なし,後続列車なし,0.0,0.0,,0.0,70.0,0.0,-0.5
129.0,Train11,巡航フェーズ（駅間走行中）,ブレーキ（減速）中,7.0,力行（加速）,20.0,70.0,70.0,45.89,70.0,1145.6,51.0,111.2,0.0,0.0,この先制限速度なし,155m先に上り勾配12.5‰あり,先行列車なし,後続列車なし,0.0,0.0,,0.0,70.0,0.0,-0.5
220.5,Train11,次駅への減速フェーズ（駅手前400m以内）,ブレーキ（減速）中,2.2,惰行,0.1,70.0,70.0,60.2,70.0,51.0,0.0,168.9,40.6,9.2,この先制限速度なし,この先目立った勾配なし,先行列車なし,後続列車なし,0.0,0.0,,0.0,70.0,0.0,-0.05
136.0,Train11,巡航フェーズ（駅間走行中）,力行（加速）中,13.0,惰行,9.0,70.0,70.0,64.05,70.0,1433.0,44.0,214.0,0.0,0.0,この先制限速度なし,442m先に上り勾配12.5‰あり,先行列車なし,後続列車なし,0.0,0.0,,0.0,70.0,0.0,-0.5
135.0,Train11,巡航フェーズ（駅間走行中）,ブレーキ（減速）中,6.0,力行（加速）,10.0,70.0,70.0,57.46,70.0,1286.1,45.0,173.0,0.0,0.0,この先制限速度なし,296m先に上り勾配12.5‰あり,先行列車なし,後続列車なし,0.0,0.0,,0.0,70.0,0.0,-0.5
175.0,Train11,巡航フェーズ（駅間走行中）,力行（加速）中,3.0,惰行,2.0,70.0,70.0,67.46,70.0,1079.7,5.0,236.9,0.0,0.0,この先制限速度なし,89m先に上り勾配12.5‰あり,先行列車なし,後続列車なし,0.0,0.0,,0.0,70.0,0.0,-0.5
160.0,Train11,巡航フェーズ（駅間走行中）,力行（加速）中,17.0,惰行,9.0,70.0,70.0,65.5,70.0,1362.3,20.0,223.6,0.0,0.0,この先制限速度なし,372m先に上り勾配12.5‰あり,先行列車なし,後続列車なし,0.0,0.0,,0.0,70.0,0.0,-0.5
170.0,Train11,巡航フェーズ（駅間走行中）,力行（加速）中,8.0,惰行,3.0,70.0,70.0,64.5,70.0,1203.7,10.0,217.0,0.0,0.0,この先制限速度なし,213m先に上り勾配12.5‰あり,先行列車なし,後続列車なし,0.0,0.0,,0.0,70.0,0.0,-0.5
209.0,Train11,巡航フェーズ（駅間走行中）,ブレーキ（減速）中,10.0,力行（加速）,10.0,70.0,70.0,45.11,70.0,536.4,0.0,99.3,30.0,6.1,この先制限速度なし,346m先に上り勾配9.2‰あり,先行列車なし,後続列車なし,0.0,0.0,,0.0,70.0,0.0,-0.5
148.0,Train11,巡航フェーズ（駅間走行中）,ブレーキ（減速）中,1.0,力行（加速）,16.0,70.0,70.0,55.36,70.0,1025.2,32.0,160.9,0.0,0.0,この先制限速度なし,35m先に上り勾配12.5‰あり,先行列車なし,後続列車なし,0.0,0.0,,0.0,70.0,0.0,-0.5
188.0,Train11,次駅への減速フェーズ（駅手前400m以内）,ブレーキ（減速）中,2.0,力行（加速）,57.0,70.0,70.0,68.36,70.0,194.3,0.0,224.9,9.0,6.1,この先制限速度なし,4m先に上り勾配9.2‰あり,先行列車なし,後続列車なし,0.0,0.0,,0.0,70.0,0.0,-0.5
186.7,Train11,次駅への減速フェーズ（駅手前400m以内）,ブレーキ（減速）中,0.8,力行（加速）,1.0,70.0,70.0,69.48,70.0,80.9,0.0,223.7,6.8,9.2,この先制限速度なし,この先目立った勾配なし,先行列車なし,後続列車なし,0.0,0.0,,0.0,70.0,0.0,-0.05
161.0,Train11,巡航フェーズ（駅間走行中）,惰行中,22.0,力行（加速）,7.0,70.0,70.0,67.37,70.0,1139.1,19.0,236.2,0.0,0.0,この先制限速度なし,149m先に上り勾配12.5‰あり,先行列車なし,後続列車なし,0.0,0.0,,0.0,70.0,0.0,-0.5
91.0,Train11,巡航フェーズ（駅間走行中）,ブレーキ（減速）中,2.0,力行（加速）,30.0,70.0,70.0,46.28,70.0,1911.7,89.0,116.3,0.0,-2.1,この先制限速度なし,121m先に下り勾配6.7‰あり,先行列車なし,後続列車なし,0.0,0.0,,0.0,70.0,0.0,-0.5
195.0,Train11,次駅への減速フェーズ（駅手前400m以内）,ブレーキ（減速）中,8.1,力行（加速）,57.0,70.0,70.0,47.19,70.0,82.0,0.0,104.6,15.1,9.2,この先制限速度なし,この先目立った勾配なし,先行列車なし,後続列車なし,0.0,0.0,,0.0,70.0,0.0,-0.05
170.0,Train11,巡航フェーズ（駅間走行中）,力行（加速）中,29.0,惰行,15.0,70.0,70.0,66.53,70.0,1172.6,10.0,230.5,0.0,0.0,この先制限速度なし,182m先に上り勾配12.5‰あり,先行列車なし,後続列車なし,0.0,0.0,,0.0,70.0,0.0,-0.5
220.5,Train11,次駅への減速フェーズ（駅手前400m以内）,ブレーキ（減速）中,3.6,力行（加速）,1.0,70.0,70.0,46.43,70.0,83.7,0.0,101.2,40.6,9.2,この先制限速度なし,この先目立った勾配なし,先行列車なし,後続列車なし,0.0,0.0,,0.0,70.0,0.0,-0.05
162.0,Train11,巡航フェーズ（駅間走行中）,ブレーキ（減速）中,4.0,力行（加速）,11.0,70.0,70.0,45.37,70.0,1040.0,18.0,108.7,0.0,0.0,この先制限速度なし,49m先に上り勾配12.5‰あり,先行列車なし,後続列車なし,0.0,0.0,,0.0,70.0,0.0,-0.5
159.0,Train11,巡航フェーズ（駅間走行中）,力行（加速）中,5.0,惰行,8.0,70.0,70.0,68.68,70.0,458.9,21.0,227.0,0.0,6.1,この先制限速度なし,268m先に上り勾配9.2‰あり,先行列車なし,後続列車なし,0.0,0.0,,0.0,70.0,0.0,-0.5
143.0,Train11,巡航フェーズ（駅間走行中）,力行（加速）中,1.0,惰行,4.0,70.0,70.0,68.58,70.0,765.8,37.0,244.6,0.0,0.0,この先制限速度なし,175m先に上り勾配6.1‰あり,先行列車なし,後続列車なし,0.0,0.0,,0.0,70.0,0.0,-0.5
136.0,Train11,巡航フェーズ（駅間走行中）,惰行中,8.0,力行（加速）,6.0,70.0,70.0,66.51,70.0,947.1,44.0,197.7,0.0,12.5,この先制限速度なし,157m先で上り勾配12.5‰が終わり平坦になる,先行列車なし,後続列車なし,0.0,0.0,,0.0,70.0,0.0,-0.5
134.0,Train11,巡航フェーズ（駅間走行中）,力行（加速）中,6.0,惰行,1.0,70.0,70.0,69.46,70.0,1191.4,46.0,250.7,0.0,0.0,この先制限速度なし,201m先に上り勾配12.5‰あり,先行列車なし,後続列車なし,0.0,0.0,,0.0,70.0,0.0,-0.5
145.0,Train11,巡航フェーズ（駅間走行中）,力行（加速）中,19.0,惰行,10.0,70.0,70.0,64.69,70.0,1333.8,35.0,218.2,0.0,0.0,この先制限速度なし,343m先に上り勾配12.5‰あり,先行列車なし,後続列車なし,0.0,0.0,,0.0,70.0,0.0,-0.5
219.5,Train11,次駅への減速フェーズ（駅手前400m以内）,ブレーキ（減速）中,1.2,惰行,0.1,70.0,70.0,63.24,70.0,68.2,0.0,186.1,39.6,9.2,この先制限速度なし,この先目立った勾配なし,先行列車なし,後続列車なし,0.0,0.0,,0.0,70.0,0.0,-0.05
194.0,Train11,次駅への減速フェーズ（駅手前400m以内）,ブレーキ（減速）中,1.0,力行（加速）,2.0,70.0,70.0,70.63,70.0,380.8,0.0,239.7,15.0,6.1,この先制限速度なし,190m先に上り勾配9.2‰あり,先行列車なし,後続列車なし,0.0,0.0,,0.0,70.0,0.0,-0.5
128.0,Train11,巡航フェーズ（駅間走行中）,力行（加速）中,6.0,惰行,3.0,70.0,70.0,68.76,70.0,1098.9,52.0,245.8,0.0,0.0,この先制限速度なし,108m先に上り勾配12.5‰あり,先行列車なし,後続列車なし,0.0,0.0,,0.0,70.0,0.0,-0.5
222.0,Train11,次駅への減速フェーズ（駅手前400m以内）,ブレーキ（減速）中,2.0,力行（加速）,34.0,70.0,70.0,58.01,70.0,158.9,0.0,157.0,43.0,9.2,この先制限速度なし,この先目立った勾配なし,先行列車なし,後続列車なし,0.0,0.0,,0.0,70.0,0.0,-0.5
156.0,Train11,巡航フェーズ（駅間走行中）,力行（加速）中,6.0,惰行,13.0,70.0,70.0,66.82,70.0,854.0,24.0,199.5,0.0,12.5,この先制限速度なし,63m先で上り勾配12.5‰が終わり平坦になる,先行列車なし,後続列車なし,0.0,0.0,,0.0,70.0,0.0,-0.5
120.0,Train11,巡航フェーズ（駅間走行中）,惰行中,6.0,力行（加速）,18.0,70.0,70.0,69.67,70.0,1230.7,60.0,252.1,0.0,0.0,この先制限速度なし,240m先に上り勾配12.5‰あり,先行列車なし,後続列車なし,0.0,0.0,,0.0,70.0,0.0,-0.5
169.0,Train11,次駅への減速フェーズ（駅手前400m以内）,力行（加速）中,6.0,惰行,4.0,70.0,70.0,68.29,70.0,270.3,11.0,224.4,0.0,6.1,この先制限速度なし,80m先に上り勾配9.2‰あり,先行列車なし,後続列車なし,0.0,0.0,,0.0,70.0,0.0,-0.5
163.0,Train11,巡航フェーズ（駅間走行中）,ブレーキ（減速）中,5.0,力行（加速）,3.0,70.0,70.0,58.13,70.0,577.8,17.0,163.7,0.0,6.1,この先制限速度なし,387m先に上り勾配9.2‰あり,先行列車なし,後続列車なし,0.0,0.0,,0.0,70.0,0.0,-0.5
219.0,Train11,次駅への減速フェーズ（駅手前400m以内）,惰行中,25.0,力行（加速）,24.0,70.0,70.0,65.62,70.0,226.4,0.0,207.6,40.0,6.1,この先制限速度なし,36m先に上り勾配9.2‰あり,先行列車なし,後続列車なし,0.0,0.0,,0.0,70.0,0.0,-0.5
152.0,Train11,巡航フェーズ（駅間走行中）,ブレーキ（減速）中,3.0,力行（加速）,60.0,70.0,70.0,63.75,70.0,1385.6,28.0,212.1,0.0,0.0,この先制限速度なし,395m先に上り勾配12.5‰あり,先行列車なし,後続列車なし,0.0,0.0,,0.0,70.0,0.0,-0.5
160.0,Train11,巡航フェーズ（駅間走行中）,惰行中,26.0,力行（加速）,6.0,70.0,70.0,68.74,70.0,704.7,20.0,245.7,0.0,0.0,この先制限速度なし,114m先に上り勾配6.1‰あり,先行列車なし,後続列車なし,0.0,0.0,,0.0,70.0,0.0,-0.5
188.0,Train11,巡航フェーズ（駅間走行中）,惰行中,4.0,力行（加速）,22.0,70.0,70.0,65.74,70.0,528.4,0.0,208.4,9.0,6.1,この先制限速度なし,338m先に上り勾配9.2‰あり,先行列車なし,後続列車なし,0.0,0.0,,0.0,70.0,0.0,-0.5
122.0,Train11,巡航フェーズ（駅間走行中）,力行（加速）中,4.0,惰行,1.0,70.0,70.0,68.29,70.0,1181.4,58.0,242.6,0.0,0.0,この先制限速度なし,191m先に上り勾配12.5‰あり,先行列車なし,後続列車なし,0.0,0.0,,0.0,70.0,0.0,-0.5
120.0,Train11,巡航フェーズ（駅間走行中）,力行（加速）中,2.0,惰行,1.0,70.0,70.0,67.39,70.0,1219.1,60.0,236.3,0.0,0.0,この先制限速度なし,229m先に上り勾配12.5‰あり,先行列車なし,後続列車なし,0.0,0.0,,0.0,70.0,0.0,-0.5
208.0,Train11,次駅への減速フェーズ（駅手前400m以内）,ブレーキ（減速）中,6.0,力行（加速）,14.0,70.0,70.0,50.64,70.0,120.0,0.0,120.2,29.0,9.2,この先制限速度なし,この先目立った勾配なし,先行列車なし,後続列車なし,0.0,0.0,,0.0,70.0,0.0,-0.5
204.2,Train11,次駅への減速フェーズ（駅手前400m以内）,ブレーキ（減速）中,8.3,力行（加速）,58.0,70.0,70.0,64.22,70.0,88.5,0.0,191.7,24.3,9.2,この先制限速度なし,この先目立った勾配なし,先行列車なし,後続列車なし,0.0,0.0,,0.0,70.0,0.0,-0.05
176.0,Train11,次駅への減速フェーズ（駅手前400m以内）,惰行中,11.0,力行（加速）,6.0,70.0,70.0,65.4,70.0,217.5,4.0,206.3,0.0,6.1,この先制限速度なし,27m先に上り勾配9.2‰あり,先行列車なし,後続列車なし,0.0,0.0,,0.0,70.0,0.0,-0.5
108.0,Train11,巡航フェーズ（駅間走行中）,ブレーキ（減速）中,3.0,力行（加速）,47.0,70.0,70.0,63.71,70.0,1377.5,72.0,211.8,0.0,0.0,この先制限速度なし,387m先に上り勾配12.5‰あり,先行列車なし,後続列車なし,0.0,0.0,,0.0,70.0,0.0,-0.5
208.1,Train11,次駅への減速フェーズ（駅手前400m以内）,ブレーキ（減速）中,2.2,惰行,0.1,70.0,70.0,52.65,70.0,25.2,0.0,129.8,28.2,9.2,この先制限速度なし,この先目立った勾配なし,先行列車なし,後続列車なし,0.0,0.0,,0.0,70.0,0.0,-0.05
118.0,Train11,巡航フェーズ（駅間走行中）,惰行中,4.0,力行（加速）,18.0,70.0,70.0,70.16,70.0,1269.5,62.0,255.6,0.0,0.0,この先制限速度なし,279m先に上り勾配12.5‰あり,先行列車なし,後続列車なし,0.0,0.0,,0.0,70.0,0.0,-0.5
160.0,Train11,巡航フェーズ（駅間走行中）,惰行中,3.0,力行（加速）,19.0,70.0,70.0,66.99,70.0,1267.7,20.0,233.6,0.0,0.0,この先制限速度なし,277m先に上り勾配12.5‰あり,先行列車なし,後続列車なし,0.0,0.0,,0.0,70.0,0.0,-0.5
187.0,Train11,巡航フェーズ（駅間走行中）,ブレーキ（減速）中,2.0,力行（加速）,34.0,70.0,70.0,57.51,70.0,474.9,0.0,160.3,8.0,6.1,この先制限速度なし,284m先に上り勾配9.2‰あり,先行列車なし,後続列車なし,0.0,0.0,,0.0,70.0,0.0,-0.5
162.0,Train11,巡航フェーズ（駅間走行中）,惰行中,1.0,力行（加速）,13.0,70.0,70.0,71.28,70.0,885.8,18.0,226.3,0.0,12.5,この先制限速度なし,95m先で上り勾配12.5‰が終わり平坦になる,先行列車なし,後続列車なし,0.0,0.0,,0.0,70.0,0.0,-0.5
203.0,Train11,巡航フェーズ（駅間走行中）,惰行中,4.0,力行（加速）,23.0,70.0,70.0,68.89,70.0,524.7,0.0,228.3,24.0,6.1,この先制限速度なし,334m先に上り勾配9.2‰あり,先行列車なし,後続列車なし,0.0,0.0,,0.0,70.0,0.0,-0.5
158.0,Train11,巡航フェーズ（駅間走行中）,惰行中,5.0,力行（加速）,6.0,70.0,70.0,68.14,70.0,1081.6,22.0,241.5,0.0,0.0,この先制限速度なし,91m先に上り勾配12.5‰あり,先行列車なし,後続列車なし,0.0,0.0,,0.0,70.0,0.0,-0.5
223.6,Train11,次駅への減速フェーズ（駅手前400m以内）,ブレーキ（減速）中,5.3,惰行,0.1,70.0,70.0,50.84,70.0,3.2,0.0,121.1,43.7,9.2,この先制限速度なし,この先目立った勾配なし,先行列車なし,後続列車なし,0.0,0.0,,0.0,70.0,0.0,-0.05
141.0,Train11,巡航フェーズ（駅間走行中）,ブレーキ（減速）中,3.0,力行（加速）,4.0,70.0,70.0,64.41,70.0,879.3,39.0,185.6,0.0,12.5,この先制限速度なし,89m先で上り勾配12.5‰が終わり平坦になる,先行列車なし,後続列車なし,0.0,0.0,,0.0,70.0,0.0,-0.5
222.3,Train11,次駅への減速フェーズ（駅手前400m以内）,ブレーキ（減速）中,1.2,力行（加速）,0.1,70.0,70.0,47.67,70.0,78.6,0.0,106.7,42.4,9.2,この先制限速度なし,この先目立った勾配なし,先行列車なし,後続列車なし,0.0,0.0,,0.0,70.0,0.0,-0.05
208.0,Train11,巡航フェーズ（駅間走行中）,力行（加速）中,3.0,惰行,2.0,70.0,70.0,66.64,70.0,458.1,0.0,213.9,29.0,6.1,この先制限速度なし,268m先に上り勾配9.2‰あり,先行列車なし,後続列車なし,0.0,0.0,,0.0,70.0,0.0,-0.5
183.0,Train11,巡航フェーズ（駅間走行中）,惰行中,20.0,力行（加速）,20.0,70.0,70.0,68.42,70.0,931.7,0.0,208.9,4.0,12.5,この先制限速度なし,141m先で上り勾配12.5‰が終わり平坦になる,先行列車なし,後続列車なし,0.0,0.0,,0.0,70.0,0.0,-0.5
180.0,Train11,次駅への減速フェーズ（駅手前400m以内）,惰行中,11.0,力行（加速）,6.0,70.0,70.0,65.07,70.0,327.2,0.0,204.2,1.0,6.1,この先制限速度なし,137m先に上り勾配9.2‰あり,先行列車なし,後続列車なし,0.0,0.0,,0.0,70.0,0.0,-0.5
227.2,Train11,次駅への減速フェーズ（駅手前400m以内）,ブレーキ（減速）中,0.3,力行（加速）,1.0,70.0,70.0,45.87,70.0,85.7,0.0,98.9,47.3,9.2,この先制限速度なし,この先目立った勾配なし,先行列車なし,後続列車なし,0.0,0.0,,0.0,70.0,0.0,-0.05
188.4,Train11,次駅への減速フェーズ（駅手前400m以内）,ブレーキ（減速）中,2.5,力行（加速）,1.0,70.0,70.0,64.28,70.0,49.3,0.0,192.1,8.5,9.2,この先制限速度なし,この先目立った勾配なし,先行列車なし,後続列車なし,0.0,0.0,,0.0,70.0,0.0,-0.05
187.0,Train11,巡航フェーズ（駅間走行中）,力行（加速）中,2.0,惰行,7.0,70.0,70.0,64.89,70.0,855.1,0.0,188.3,8.0,12.5,この先制限速度なし,65m先で上り勾配12.5‰が終わり平坦になる,先行列車なし,後続列車なし,0.0,0.0,,0.0,70.0,0.0,-0.5
127.0,Train11,巡航フェーズ（駅間走行中）,惰行中,5.0,力行（加速）,22.0,70.0,70.0,69.58,70.0,1194.4,53.0,251.5,0.0,0.0,この先制限速度なし,204m先に上り勾配12.5‰あり,先行列車なし,後続列車なし,0.0,0.0,,0.0,70.0,0.0,-0.5
132.0,Train11,巡航フェーズ（駅間走行中）,ブレーキ（減速）中,6.0,力行（加速）,33.0,70.0,70.0,55.45,70.0,1242.1,48.0,161.4,0.0,0.0,この先制限速度なし,252m先に上り勾配12.5‰あり,先行列車なし,後続列車なし,0.0,0.0,,0.0,70.0,0.0,-0.5
212.0,Train11,巡航フェーズ（駅間走行中）,力行（加速）中,2.0,惰行,4.0,70.0,70.0,66.71,70.0,567.4,0.0,214.4,33.0,6.1,この先制限速度なし,377m先に上り勾配9.2‰あり,先行列車なし,後続列車なし,0.0,0.0,,0.0,70.0,0.0,-0.5
230.6,Train11,次駅への減速フェーズ（駅手前400m以内）,ブレーキ（減速）中,7.7,力行（加速）,12.0,70.0,70.0,51.36,70.0,86.2,0.0,123.6,50.7,9.2,この先制限速度なし,この先目立った勾配なし,先行列車なし,後続列車なし,0.0,0.0,,0.0,70.0,0.0,-0.05
162.0,Train11,巡航フェーズ（駅間走行中）,惰行中,23.0,力行（加速）,7.0,70.0,70.0,67.13,70.0,1120.4,18.0,234.6,0.0,0.0,この先制限速度なし,130m先に上り勾配12.5‰あり,先行列車なし,後続列車なし,0.0,0.0,,0.0,70.0,0.0,-0.5
226.3,Train11,次駅への減速フェーズ（駅手前400m以内）,ブレーキ（減速）中,3.4,力行（加速）,21.0,70.0,70.0,45.22,70.0,85.2,0.0,96.1,46.4,9.2,この先制限速度なし,この先目立った勾配なし,先行列車なし,後続列車なし,0.0,0.0,,0.0,70.0,0.0,-0.05
236.0,Train11,次駅への減速フェーズ（駅手前400m以内）,ブレーキ（減速）中,2.0,惰行,2.0,70.0,70.0,49.93,70.0,213.1,0.0,121.3,57.0,6.1,この先制限速度なし,23m先に上り勾配9.2‰あり,先行列車なし,後続列車なし,0.0,0.0,,0.0,70.0,0.0,-0.5
164.0,Train11,巡航フェーズ（駅間走行中）,惰行中,1.0,力行（加速）,20.0,70.0,70.0,67.4,70.0,1288.5,16.0,236.4,0.0,0.0,この先制限速度なし,298m先に上り勾配12.5‰あり,先行列車なし,後続列車なし,0.0,0.0,,0.0,70.0,0.0,-0.5
209.0,Train11,次駅への減速フェーズ（駅手前400m以内）,惰行中,10.0,力行（加速）,23.0,70.0,70.0,66.17,70.0,412.2,0.0,211.1,30.0,6.1,この先制限速度なし,222m先に上り勾配9.2‰あり,先行列車なし,後続列車なし,0.0,0.0,,0.0,70.0,0.0,-0.5
154.0,Train11,巡航フェーズ（駅間走行中）,ブレーキ（減速）中,5.0,力行（加速）,60.0,70.0,70.0,58.33,70.0,1351.7,26.0,178.2,0.0,0.0,この先制限速度なし,361m先に上り勾配12.5‰あり,先行列車なし,後続列車なし,0.0,0.0,,0.0,70.0,0.0,-0.5
150.0,Train11,巡航フェーズ（駅間走行中）,惰行中,6.0,力行（加速）,12.0,70.0,70.0,66.27,70.0,669.7,30.0,228.7,0.0,0.0,この先制限速度なし,79m先に上り勾配6.1‰あり,先行列車なし,後続列車なし,0.0,0.0,,0.0,70.0,0.0,-0.5
200.0,Train11,巡航フェーズ（駅間走行中）,ブレーキ（減速）中,8.0,惰行,12.0,70.0,70.0,49.88,70.0,449.8,0.0,121.1,21.0,6.1,この先制限速度なし,259m先に上り勾配9.2‰あり,先行列車なし,後続列車なし,0.0,0.0,,0.0,70.0,0.0,-0.5
171.0,Train11,巡航フェーズ（駅間走行中）,惰行中,2.0,力行（加速）,15.0,70.0,70.0,65.47,70.0,608.9,9.0,223.4,0.0,0.0,この先制限速度なし,18m先に上り勾配6.1‰あり,先行列車なし,後続列車なし,0.0,0.0,,0.0,70.0,0.0,-0.5
194.0,Train11,巡航フェーズ（駅間走行中）,ブレーキ（減速）中,10.0,力行（加速）,22.0,70.0,70.0,45.84,70.0,587.8,0.0,102.5,15.0,6.1,この先制限速度なし,397m先に上り勾配9.2‰あり,先行列車なし,後続列車なし,0.0,0.0,,0.0,70.0,0.0,-0.5
207.0,Train11,巡航フェーズ（駅間走行中）,ブレーキ（減速）中,3.0,力行（加速）,18.0,70.0,70.0,49.34,70.0,634.0,0.0,128.3,28.0,0.0,この先制限速度なし,44m先に上り勾配6.1‰あり,先行列車なし,後続列車なし,0.0,0.0,,0.0,70.0,0.0,-0.5
192.0,Train11,巡航フェーズ（駅間走行中）,惰行中,8.0,力行（加速）,17.0,70.0,70.0,67.03,70.0,453.0,0.0,216.4,13.0,6.1,この先制限速度なし,262m先に上り勾配9.2‰あり,先行列車なし,後続列車なし,0.0,0.0,,0.0,70.0,0.0,-0.5
219.0,Train11,次駅への減速フェーズ（駅手前400m以内）,惰行中,9.0,力行（加速）,6.0,70.0,70.0,64.05,70.0,230.2,0.0,198.0,40.0,6.1,この先制限速度なし,40m先に上り勾配9.2‰あり,先行列車なし,後続列車なし,0.0,0.0,,0.0,70.0,0.0,-0.5
206.0,Train11,次駅への減速フェーズ（駅手前400m以内）,ブレーキ（減速）中,4.0,力行（加速）,40.0,70.0,70.0,54.72,70.0,140.6,0.0,140.0,27.0,9.2,この先制限速度なし,この先目立った勾配なし,先行列車なし,後続列車なし,0.0,0.0,,0.0,70.0,0.0,-0.5
223.1,Train11,次駅への減速フェーズ（駅手前400m以内）,ブレーキ（減速）中,2.0,力行（加速）,0.1,70.0,70.0,45.28,70.0,68.3,0.0,96.4,43.2,9.2,この先制限速度なし,この先目立った勾配なし,先行列車なし,後続列車なし,0.0,0.0,,0.0,70.0,0.0,-0.05
202.8,Train11,次駅への減速フェーズ（駅手前400m以内）,ブレーキ（減速）中,0.2,力行（加速）,0.1,70.0,70.0,68.82,70.0,76.7,0.0,219.5,22.9,9.2,この先制限速度なし,この先目立った勾配なし,先行列車なし,後続列車なし,0.0,0.0,,0.0,70.0,0.0,-0.05
199.0,Train11,巡航フェーズ（駅間走行中）,ブレーキ（減速）中,8.0,力行（加速）,14.0,70.0,70.0,50.93,70.0,705.8,0.0,136.5,20.0,0.0,この先制限速度なし,115m先に上り勾配6.1‰あり,先行列車なし,後続列車なし,0.0,0.0,,0.0,70.0,0.0,-0.5
166.0,Train11,巡航フェーズ（駅間走行中）,惰行中,9.0,力行（加速）,19.0,70.0,70.0,65.59,70.0,1157.2,14.0,224.2,0.0,0.0,この先制限速度なし,167m先に上り勾配12.5‰あり,先行列車なし,後続列車なし,0.0,0.0,,0.0,70.0,0.0,-0.5
139.0,Train11,巡航フェーズ（駅間走行中）,ブレーキ（減速）中,10.0,力行（加速）,10.0,70.0,70.0,46.72,70.0,1228.2,41.0,115.2,0.0,0.0,この先制限速度なし,238m先に上り勾配12.5‰あり,先行列車なし,後続列車なし,0.0,0.0,,0.0,70.0,0.0,-0.5
222.0,Train11,次駅への減速フェーズ（駅手前400m以内）,ブレーキ（減速）中,2.0,惰行,3.0,70.0,70.0,46.09,70.0,107.5,0.0,99.8,43.0,9.2,この先制限速度なし,この先目立った勾配なし,先行列車なし,後続列車なし,0.0,0.0,,0.0,70.0,0.0,-0.5
127.0,Train11,巡航フェーズ（駅間走行中）,惰行中,3.0,力行（加速）,6.0,70.0,70.0,69.13,70.0,1085.4,53.0,248.4,0.0,0.0,この先制限速度なし,95m先に上り勾配12.5‰あり,先行列車なし,後続列車なし,0.0,0.0,,0.0,70.0,0.0,-0.5
151.0,Train11,巡航フェーズ（駅間走行中）,惰行中,9.0,力行（加速）,19.0,70.0,70.0,65.59,70.0,1157.2,29.0,224.2,0.0,0.0,この先制限速度なし,167m先に上り勾配12.5‰あり,先行列車なし,後続列車なし,0.0,0.0,,0.0,70.0,0.0,-0.5
190.0,Train11,次駅への減速フェーズ（駅手前400m以内）,ブレーキ（減速）中,5.0,力行（加速）,39.0,70.0,70.0,52.44,70.0,126.8,0.0,128.8,11.0,9.2,この先制限速度なし,この先目立った勾配なし,先行列車なし,後続列車なし,0.0,0.0,,0.0,70.0,0.0,-0.5
165.0,Train11,次駅への減速フェーズ（駅手前400m以内）,惰行中,3.0,力行（加速）,4.0,70.0,70.0,70.1,70.0,404.2,15.0,236.2,0.0,6.1,この先制限速度なし,214m先に上り勾配9.2‰あり,先行列車なし,後続列車なし,0.0,0.0,,0.0,70.0,0.0,-0.5
175.0,Train11,巡航フェーズ（駅間走行中）,ブレーキ（減速）中,8.0,力行（加速）,37.0,70.0,70.0,50.17,70.0,1048.6,5.0,132.5,0.0,0.0,この先制限速度なし,58m先に上り勾配12.5‰あり,先行列車なし,後続列車なし,0.0,0.0,,0.0,70.0,0.0,-0.5
172.0,Train11,次駅への減速フェーズ（駅手前400m以内）,惰行中,10.0,力行（加速）,4.0,70.0,70.0,66.9,70.0,271.0,8.0,215.6,0.0,6.1,この先制限速度なし,81m先に上り勾配9.2‰あり,先行列車なし,後続列車なし,0.0,0.0,,0.0,70.0,0.0,-0.5
113.0,Train11,巡航フェーズ（駅間走行中）,惰行中,1.0,力行（加速）,19.0,70.0,70.0,67.46,70.0,1305.0,67.0,236.8,0.0,0.0,この先制限速度なし,315m先に上り勾配12.5‰あり,先行列車なし,後続列車なし,0.0,0.0,,0.0,70.0,0.0,-0.5
190.0,Train11,巡航フェーズ（駅間走行中）,ブレーキ（減速）中,6.0,力行（加速）,22.0,70.0,70.0,56.61,70.0,644.7,0.0,168.0,11.0,0.0,この先制限速度なし,54m先に上り勾配6.1‰あり,先行列車なし,後続列車なし,0.0,0.0,,0.0,70.0,0.0,-0.5
170.0,Train11,巡航フェーズ（駅間走行中）,ブレーキ（減速）中,9.0,力行（加速）,9.0,70.0,70.0,46.09,70.0,811.9,10.0,96.0,0.0,12.5,この先制限速度なし,21m先で上り勾配12.5‰が終わり平坦になる,先行列車なし,後続列車なし,0.0,0.0,,0.0,70.0,0.0,-0.5
131.0,Train11,巡航フェーズ（駅間走行中）,惰行中,3.0,力行（加速）,6.0,70.0,70.0,68.72,70.0,1041.4,49.0,245.5,0.0,0.0,この先制限速度なし,51m先に上り勾配12.5‰あり,先行列車なし,後続列車なし,0.0,0.0,,0.0,70.0,0.0,-0.5
159.0,Train11,巡航フェーズ（駅間走行中）,惰行中,25.0,力行（加速）,6.0,70.0,70.0,68.99,70.0,723.9,21.0,247.4,0.0,0.0,この先制限速度なし,133m先に上り勾配6.1‰あり,先行列車なし,後続列車なし,0.0,0.0,,0.0,70.0,0.0,-0.5
225.0,Train11,次駅への減速フェーズ（駅手前400m以内）,ブレーキ（減速）中,5.0,惰行,10.0,70.0,70.0,68.31,70.0,126.6,0.0,216.4,46.0,9.2,この先制限速度なし,この先目立った勾配なし,先行列車なし,後続列車なし,0.0,0.0,,0.0,70.0,0.0,-0.5
214.0,Train11,次駅への減速フェーズ（駅手前400m以内）,惰行中,20.0,力行（加速）,24.0,70.0,70.0,67.87,70.0,319.0,0.0,221.8,35.0,6.1,この先制限速度なし,129m先に上り勾配9.2‰あり,先行列車なし,後続列車なし,0.0,0.0,,0.0,70.0,0.0,-0.5
196.0,Train11,次駅への減速フェーズ（駅手前400m以内）,ブレーキ（減速）中,1.0,力行（加速）,58.0,70.0,70.0,69.04,70.0,229.9,0.0,229.2,17.0,6.1,この先制限速度なし,39m先に上り勾配9.2‰あり,先行列車なし,後続列車なし,0.0,0.0,,0.0,70.0,0.0,-0.5
201.0,Train11,巡航フェーズ（駅間走行中）,力行（加速）中,14.0,惰行,33.0,70.0,70.0,66.24,70.0,587.5,0.0,211.5,22.0,6.1,この先制限速度なし,397m先に上り勾配9.2‰あり,先行列車なし,後続列車なし,0.0,0.0,,0.0,70.0,0.0,-0.5
148.0,Train11,巡航フェーズ（駅間走行中）,惰行中,19.0,力行（加速）,15.0,70.0,70.0,66.72,70.0,1053.2,32.0,231.8,0.0,0.0,この先制限速度なし,63m先に上り勾配12.5‰あり,先行列車なし,後続列車なし,0.0,0.0,,0.0,70.0,0.0,-0.5
193.0,Train11,巡航フェーズ（駅間走行中）,ブレーキ（減速）中,9.0,力行（加速）,22.0,70.0,70.0,48.55,70.0,600.9,0.0,124.2,14.0,0.0,この先制限速度なし,10m先に上り勾配6.1‰あり,先行列車なし,後続列車なし,0.0,0.0,,0.0,70.0,0.0,-0.5
161.0,Train11,巡航フェーズ（駅間走行中）,惰行中,8.0,力行（加速）,6.0,70.0,70.0,71.13,70.0,1025.1,19.0,262.6,0.0,0.0,この先制限速度なし,35m先に上り勾配12.5‰あり,先行列車なし,後続列車なし,0.0,0.0,,0.0,70.0,0.0,-0.5
200.0,Train11,巡航フェーズ（駅間走行中）,力行（加速）中,17.0,惰行,19.0,70.0,70.0,66.23,70.0,580.5,0.0,211.4,21.0,6.1,この先制限速度なし,390m先に上り勾配9.2‰あり,先行列車なし,後続列車なし,0.0,0.0,,0.0,70.0,0.0,-0.5
123.0,Train11,巡航フェーズ（駅間走行中）,ブレーキ（減速）中,9.0,力行（加速）,12.0,70.0,70.0,49.21,70.0,1250.7,57.0,127.6,0.0,0.0,この先制限速度なし,260m先に上り勾配12.5‰あり,先行列車なし,後続列車なし,0.0,0.0,,0.0,70.0,0.0,-0.5
202.4,Train11,次駅への減速フェーズ（駅手前400m以内）,ブレーキ（減速）中,0.5,力行（加速）,1.0,70.0,70.0,69.73,70.0,84.3,0.0,225.2,22.5,9.2,この先制限速度なし,この先目立った勾配なし,先行列車なし,後続列車なし,0.0,0.0,,0.0,70.0,0.0,-0.05
141.0,Train11,巡航フェーズ（駅間走行中）,ブレーキ（減速）中,3.0,惰行,1.0,70.0,70.0,63.73,70.0,1337.2,39.0,211.9,0.0,0.0,この先制限速度なし,347m先に上り勾配12.5‰あり,先行列車なし,後続列車なし,0.0,0.0,,0.0,70.0,0.0,-0.5
169.0,Train11,巡航フェーズ（駅間走行中）,惰行中,3.0,力行（加速）,11.0,70.0,70.0,64.38,70.0,657.6,11.0,216.2,0.0,0.0,この先制限速度なし,67m先に上り勾配6.1‰あり,先行列車なし,後続列車なし,0.0,0.0,,0.0,70.0,0.0,-0.5
210.0,Train11,次駅への減速フェーズ（駅手前400m以内）,惰行中,16.0,力行（加速）,24.0,70.0,70.0,69.7,70.0,395.5,0.0,233.6,31.0,6.1,この先制限速度なし,205m先に上り勾配9.2‰あり,先行列車なし,後続列車なし,0.0,0.0,,0.0,70.0,0.0,-0.5
209.7,Train11,次駅への減速フェーズ（駅手前400m以内）,ブレーキ（減速）中,0.8,力行（加速）,0.1,70.0,70.0,48.19,70.0,2.8,0.0,109.0,29.8,9.2,この先制限速度なし,この先目立った勾配なし,先行列車なし,後続列車なし,0.0,0.0,,0.0,70.0,0.0,-0.05
129.0,Train11,巡航フェーズ（駅間走行中）,ブレーキ（減速）中,9.0,力行（加速）,41.0,70.0,70.0,47.51,70.0,1282.8,51.0,119.0,0.0,0.0,この先制限速度なし,292m先に上り勾配12.5‰あり,先行列車なし,後続列車なし,0.0,0.0,,0.0,70.0,0.0,-0.5
229.0,Train11,次駅への減速フェーズ（駅手前400m以内）,ブレーキ（減速）中,3.0,惰行,2.0,70.0,70.0,55.76,70.0,307.1,0.0,150.9,50.0,6.1,この先制限速度なし,117m先に上り勾配9.2‰あり,先行列車なし,後続列車なし,0.0,0.0,,0.0,70.0,0.0,-0.5
203.6,Train11,次駅への減速フェーズ（駅手前400m以内）,ブレーキ（減速）中,1.0,力行（加速）,0.1,70.0,70.0,66.37,70.0,61.6,0.0,204.5,23.7,9.2,この先制限速度なし,この先目立った勾配なし,先行列車なし,後続列車なし,0.0,0.0,,0.0,70.0,0.0,-0.05
181.0,Train11,巡航フェーズ（駅間走行中）,惰行中,3.0,力行（加速）,30.0,70.0,70.0,66.66,70.0,1101.6,0.0,231.3,2.0,0.0,この先制限速度なし,111m先に上り勾配12.5‰あり,先行列車なし,後続列車なし,0.0,0.0,,0.0,70.0,0.0,-0.5
218.0,Train11,次駅への減速フェーズ（駅手前400m以内）,ブレーキ（減速）中,2.0,力行（加速）,13.0,70.0,70.0,48.64,70.0,334.3,0.0,115.3,39.0,6.1,この先制限速度なし,144m先に上り勾配9.2‰あり,先行列車なし,後続列車なし,0.0,0.0,,0.0,70.0,0.0,-0.5
180.0,Train11,巡航フェーズ（駅間走行中）,惰行中,26.0,力行（加速）,13.0,70.0,70.0,65.21,70.0,953.8,0.0,190.2,1.0,12.5,この先制限速度なし,163m先で上り勾配12.5‰が終わり平坦になる,先行列車なし,後続列車なし,0.0,0.0,,0.0,70.0,0.0,-0.5
174.0,Train11,次駅への減速フェーズ（駅手前400m以内）,惰行中,2.0,力行（加速）,23.0,70.0,70.0,66.73,70.0,290.5,6.0,214.6,0.0,6.1,この先制限速度なし,100m先に上り勾配9.2‰あり,先行列車なし,後続列車なし,0.0,0.0,,0.0,70.0,0.0,-0.5
212.0,Train11,巡航フェーズ（駅間走行中）,ブレーキ（減速）中,8.0,力行（加速）,18.0,70.0,70.0,59.2,70.0,548.5,0.0,169.7,33.0,6.1,この先制限速度なし,358m先に上り勾配9.2‰あり,先行列車なし,後続列車なし,0.0,0.0,,0.0,70.0,0.0,-0.5
230.1,Train11,次駅への減速フェーズ（駅手前400m以内）,ブレーキ（減速）中,7.2,力行（加速）,12.0,70.0,70.0,52.87,70.0,93.4,0.0,130.8,50.2,9.2,この先制限速度なし,この先目立った勾配なし,先行列車なし,後続列車なし,0.0,0.0,,0.0,70.0,0.0,-0.05
194.0,Train11,巡航フェーズ（駅間走行中）,ブレーキ（減速）中,2.0,力行（加速）,29.0,70.0,70.0,57.3,70.0,460.7,0.0,159.2,15.0,6.1,この先制限速度なし,270m先に上り勾配9.2‰あり,先行列車なし,後続列車なし,0.0,0.0,,0.0,70.0,0.0,-0.5
158.0,Train11,巡航フェーズ（駅間走行中）,ブレーキ（減速）中,5.0,力行（加速）,37.0,70.0,70.0,58.25,70.0,1300.8,22.0,177.7,0.0,0.0,この先制限速度なし,310m先に上り勾配12.5‰あり,先行列車なし,後続列車なし,0.0,0.0,,0.0,70.0,0.0,-0.5
208.0,Train11,巡航フェーズ（駅間走行中）,力行（加速）中,4.0,惰行,2.0,70.0,70.0,66.89,70.0,432.6,0.0,215.5,29.0,6.1,この先制限速度なし,242m先に上り勾配9.2‰あり,先行列車なし,後続列車なし,0.0,0.0,,0.0,70.0,0.0,-0.5
222.4,Train11,次駅への減速フェーズ（駅手前400m以内）,ブレーキ（減速）中,4.1,惰行,0.1,70.0,70.0,54.45,70.0,20.8,0.0,138.7,42.5,9.2,この先制限速度なし,この先目立った勾配なし,先行列車なし,後続列車なし,0.0,0.0,,0.0,70.0,0.0,-0.05
198.0,Train11,次駅への減速フェーズ（駅手前400m以内）,惰行中,13.0,力行（加速）,2.0,70.0,70.0,65.18,70.0,388.1,0.0,204.9,19.0,6.1,この先制限速度なし,198m先に上り勾配9.2‰あり,先行列車なし,後続列車なし,0.0,0.0,,0.0,70.0,0.0,-0.5
203.0,Train11,巡航フェーズ（駅間走行中）,力行（加速）中,16.0,惰行,33.0,70.0,70.0,66.76,70.0,550.6,0.0,214.7,24.0,6.1,この先制限速度なし,360m先に上り勾配9.2‰あり,先行列車なし,後続列車なし,0.0,0.0,,0.0,70.0,0.0,-0.5
170.0,Train11,巡航フェーズ（駅間走行中）,ブレーキ（減速）中,8.0,力行（加速）,20.0,70.0,70.0,50.52,70.0,452.1,10.0,124.2,0.0,6.1,この先制限速度なし,262m先に上り勾配9.2‰あり,先行列車なし,後続列車なし,0.0,0.0,,0.0,70.0,0.0,-0.5
153.0,Train11,巡航フェーズ（駅間走行中）,惰行中,14.0,力行（加速）,7.0,70.0,70.0,69.29,70.0,1290.9,27.0,249.5,0.0,0.0,この先制限速度なし,300m先に上り勾配12.5‰あり,先行列車なし,後続列車なし,0.0,0.0,,0.0,70.0,0.0,-0.5
188.0,Train11,次駅への減速フェーズ（駅手前400m以内）,ブレーキ（減速）中,3.0,力行（加速）,39.0,70.0,70.0,58.48,70.0,157.6,0.0,159.6,9.0,9.2,この先制限速度なし,この先目立った勾配なし,先行列車なし,後続列車なし,0.0,0.0,,0.0,70.0,0.0,-0.5
175.0,Train11,巡航フェーズ（駅間走行中）,惰行中,21.0,力行（加速）,13.0,70.0,70.0,67.25,70.0,1046.2,5.0,235.4,0.0,0.0,この先制限速度なし,56m先に上り勾配12.5‰あり,先行列車なし,後続列車なし,0.0,0.0,,0.0,70.0,0.0,-0.5
232.4,Train11,次駅への減速フェーズ（駅手前400m以内）,ブレーキ（減速）中,0.3,力行（加速）,0.1,70.0,70.0,46.31,70.0,61.8,0.0,100.8,52.5,9.2,この先制限速度なし,この先目立った勾配なし,先行列車なし,後続列車なし,0.0,0.0,,0.0,70.0,0.0,-0.05
155.0,Train11,巡航フェーズ（駅間走行中）,惰行中,1.0,力行（加速）,7.0,70.0,70.0,70.59,70.0,617.7,25.0,258.7,0.0,0.0,この先制限速度なし,27m先に上り勾配6.1‰あり,先行列車なし,後続列車なし,0.0,0.0,,0.0,70.0,0.0,-0.5
109.0,Train11,巡航フェーズ（駅間走行中）,ブレーキ（減速）中,4.0,力行（加速）,38.0,70.0,70.0,60.95,70.0,1357.3,71.0,194.2,0.0,0.0,この先制限速度なし,367m先に上り勾配12.5‰あり,先行列車なし,後続列車なし,0.0,0.0,,0.0,70.0,0.0,-0.5
132.0,Train11,巡航フェーズ（駅間走行中）,惰行中,23.0,力行（加速）,16.0,70.0,70.0,69.75,70.0,969.8,48.0,216.9,0.0,12.5,この先制限速度なし,179m先で上り勾配12.5‰が終わり平坦になる,先行列車なし,後続列車なし,0.0,0.0,,0.0,70.0,0.0,-0.5
123.0,Train11,巡航フェーズ（駅間走行中）,ブレーキ（減速）中,2.0,力行（加速）,53.0,70.0,70.0,66.37,70.0,1394.8,57.0,229.4,0.0,0.0,この先制限速度なし,404m先に上り勾配12.5‰あり,先行列車なし,後続列車なし,0.0,0.0,,0.0,70.0,0.0,-0.5
201.0,Train11,巡航フェーズ（駅間走行中）,力行（加速）中,18.0,惰行,19.0,70.0,70.0,66.5,70.0,562.0,0.0,213.1,22.0,6.1,この先制限速度なし,372m先に上り勾配9.2‰あり,先行列車なし,後続列車なし,0.0,0.0,,0.0,70.0,0.0,-0.5
220.9,Train11,次駅への減速フェーズ（駅手前400m以内）,ブレーキ（減速）中,2.6,惰行,0.1,70.0,70.0,58.99,70.0,44.4,0.0,162.3,41.0,9.2,この先制限速度なし,この先目立った勾配なし,先行列車なし,後続列車なし,0.0,0.0,,0.0,70.0,0.0,-0.05
193.0,Train11,巡航フェーズ（駅間走行中）,ブレーキ（減速）中,1.0,力行（加速）,29.0,70.0,70.0,60.22,70.0,477.0,0.0,175.5,14.0,6.1,この先制限速度なし,287m先に上り勾配9.2‰あり,先行列車なし,後続列車なし,0.0,0.0,,0.0,70.0,0.0,-0.5
199.0,Train11,巡航フェーズ（駅間走行中）,力行（加速）中,15.0,惰行,24.0,70.0,70.0,66.08,70.0,486.9,0.0,210.5,20.0,6.1,この先制限速度なし,296m先に上り勾配9.2‰あり,先行列車なし,後続列車なし,0.0,0.0,,0.0,70.0,0.0,-0.5
203.4,Train11,次駅への減速フェーズ（駅手前400m以内）,ブレーキ（減速）中,0.8,力行（加速）,0.1,70.0,70.0,66.98,70.0,65.3,0.0,208.2,23.5,9.2,この先制限速度なし,この先目立った勾配なし,先行列車なし,後続列車なし,0.0,0.0,,0.0,70.0,0.0,-0.05
127.0,Train11,巡航フェーズ（駅間走行中）,ブレーキ（減速）中,6.0,力行（加速）,49.0,70.0,70.0,55.57,70.0,1324.9,53.0,162.0,0.0,0.0,この先制限速度なし,334m先に上り勾配12.5‰あり,先行列車なし,後続列車なし,0.0,0.0,,0.0,70.0,0.0,-0.5
141.0,Train11,巡航フェーズ（駅間走行中）,ブレーキ（減速）中,4.0,力行（加速）,49.0,70.0,70.0,61.17,70.0,1338.5,39.0,195.6,0.0,0.0,この先制限速度なし,348m先に上り勾配12.5‰あり,先行列車なし,後続列車なし,0.0,0.0,,0.0,70.0,0.0,-0.5
137.0,Train11,巡航フェーズ（駅間走行中）,惰行中,8.0,力行（加速）,15.0,70.0,70.0,69.36,70.0,1261.1,43.0,250.0,0.0,0.0,この先制限速度なし,271m先に上り勾配12.5‰あり,先行列車なし,後続列車なし,0.0,0.0,,0.0,70.0,0.0,-0.5
161.0,Train11,巡航フェーズ（駅間走行中）,惰行中,2.0,力行（加速）,9.0,70.0,70.0,66.93,70.0,761.0,19.0,233.2,0.0,0.0,この先制限速度なし,171m先に上り勾配6.1‰あり,先行列車なし,後続列車なし,0.0,0.0,,0.0,70.0,0.0,-0.5
162.0,Train11,巡航フェーズ（駅間走行中）,力行（加速）中,4.0,惰行,2.0,70.0,70.0,65.31,70.0,461.6,18.0,205.7,0.0,6.1,この先制限速度なし,271m先に上り勾配9.2‰あり,先行列車なし,後続列車なし,0.0,0.0,,0.0,70.0,0.0,-0.5
170.0,Train11,巡航フェーズ（駅間走行中）,ブレーキ（減速）中,3.0,力行（加速）,43.0,70.0,70.0,59.98,70.0,515.0,10.0,174.1,0.0,6.1,この先制限速度なし,324m先に上り勾配9.2‰あり,先行列車なし,後続列車なし,0.0,0.0,,0.0,70.0,0.0,-0.5
126.0,Train11,巡航フェーズ（駅間走行中）,ブレーキ（減速）中,9.0,力行（加速）,37.0,70.0,70.0,47.48,70.0,1113.4,54.0,118.9,0.0,0.0,この先制限速度なし,123m先に上り勾配12.5‰あり,先行列車なし,後続列車なし,0.0,0.0,,0.0,70.0,0.0,-0.5
230.8,Train11,次駅への減速フェーズ（駅手前400m以内）,ブレーキ（減速）中,7.9,力行（加速）,12.0,70.0,70.0,50.76,70.0,83.3,0.0,120.8,50.9,9.2,この先制限速度なし,この先目立った勾配なし,先行列車なし,後続列車なし,0.0,0.0,,0.0,70.0,0.0,-0.05
148.0,Train11,巡航フェーズ（駅間走行中）,惰行中,14.0,力行（加速）,6.0,70.0,70.0,65.25,70.0,926.1,32.0,190.4,0.0,12.5,この先制限速度なし,136m先で上り勾配12.5‰が終わり平坦になる,先行列車なし,後続列車なし,0.0,0.0,,0.0,70.0,0.0,-0.5
181.0,Train11,次駅への減速フェーズ（駅手前400m以内）,ブレーキ（減速）中,3.0,力行（加速）,52.0,70.0,70.0,64.93,70.0,227.1,0.0,203.4,2.0,6.1,この先制限速度なし,37m先に上り勾配9.2‰あり,先行列車なし,後続列車なし,0.0,0.0,,0.0,70.0,0.0,-0.5
130.0,Train11,巡航フェーズ（駅間走行中）,ブレーキ（減速）中,8.0,惰行,13.0,70.0,70.0,51.56,70.0,1020.9,50.0,139.9,0.0,0.0,この先制限速度なし,30m先に上り勾配12.5‰あり,先行列車なし,後続列車なし,0.0,0.0,,0.0,70.0,0.0,-0.5
149.0,Train11,巡航フェーズ（駅間走行中）,惰行中,20.0,力行（加速）,15.0,70.0,70.0,66.49,70.0,1034.7,31.0,230.2,0.0,0.0,この先制限速度なし,44m先に上り勾配12.5‰あり,先行列車なし,後続列車なし,0.0,0.0,,0.0,70.0,0.0,-0.5
154.0,Train11,巡航フェーズ（駅間走行中）,惰行中,2.0,力行（加速）,11.0,70.0,70.0,70.06,70.0,1307.0,26.0,254.9,0.0,0.0,この先制限速度なし,317m先に上り勾配12.5‰あり,先行列車なし,後続列車なし,0.0,0.0,,0.0,70.0,0.0,-0.5
186.0,Train11,巡航フェーズ（駅間走行中）,力行（加速）中,1.0,惰行,7.0,70.0,70.0,64.83,70.0,873.2,0.0,188.0,7.0,12.5,この先制限速度なし,83m先で上り勾配12.5‰が終わり平坦になる,先行列車なし,後続列車なし,0.0,0.0,,0.0,70.0,0.0,-0.5
145.0,Train11,巡航フェーズ（駅間走行中）,惰行中,16.0,力行（加速）,15.0,70.0,70.0,67.43,70.0,1109.1,35.0,236.6,0.0,0.0,この先制限速度なし,119m先に上り勾配12.5‰あり,先行列車なし,後続列車なし,0.0,0.0,,0.0,70.0,0.0,-0.5
201.0,Train11,巡航フェーズ（駅間走行中）,力行（加速）中,19.0,惰行,12.0,70.0,70.0,64.54,70.0,770.3,0.0,217.2,22.0,0.0,この先制限速度なし,180m先に上り勾配6.1‰あり,先行列車なし,後続列車なし,0.0,0.0,,0.0,70.0,0.0,-0.5
214.3,Train11,次駅への減速フェーズ（駅手前400m以内）,ブレーキ（減速）中,1.4,力行（加速）,10.0,70.0,70.0,45.73,70.0,88.9,0.0,98.3,34.4,9.2,この先制限速度なし,この先目立った勾配なし,先行列車なし,後続列車なし,0.0,0.0,,0.0,70.0,0.0,-0.05
170.0,Train11,次駅への減速フェーズ（駅手前400m以内）,力行（加速）中,21.0,惰行,6.0,70.0,70.0,66.42,70.0,364.7,10.0,212.6,0.0,6.1,この先制限速度なし,174m先に上り勾配9.2‰あり,先行列車なし,後続列車なし,0.0,0.0,,0.0,70.0,0.0,-0.5
134.0,Train11,巡航フェーズ（駅間走行中）,惰行中,6.0,力行（加速）,6.0,70.0,70.0,67.87,70.0,984.5,46.0,205.6,0.0,12.5,この先制限速度なし,194m先で上り勾配12.5‰が終わり平坦になる,先行列車なし,後続列車なし,0.0,0.0,,0.0,70.0,0.0,-0.5
143.0,Train11,巡航フェーズ（駅間走行中）,ブレーキ（減速）中,9.0,力行（加速）,60.0,70.0,70.0,47.58,70.0,1292.9,37.0,119.4,0.0,0.0,この先制限速度なし,302m先に上り勾配12.5‰あり,先行列車なし,後続列車なし,0.0,0.0,,0.0,70.0,0.0,-0.5
145.0,Train11,巡航フェーズ（駅間走行中）,ブレーキ（減速）中,7.0,力行（加速）,4.0,70.0,70.0,51.83,70.0,814.7,35.0,121.1,0.0,12.5,この先制限速度なし,24m先で上り勾配12.5‰が終わり平坦になる,先行列車なし,後続列車なし,0.0,0.0,,0.0,70.0,0.0,-0.5
142.0,Train11,巡航フェーズ（駅間走行中）,ブレーキ（減速）中,5.0,力行（加速）,24.0,70.0,70.0,47.35,70.0,862.6,38.0,101.3,0.0,12.5,この先制限速度なし,72m先で上り勾配12.5‰が終わり平坦になる,先行列車なし,後続列車なし,0.0,0.0,,0.0,70.0,0.0,-0.5
174.0,Train11,巡航フェーズ（駅間走行中）,惰行中,2.0,力行（加速）,1.0,70.0,70.0,69.89,70.0,1004.1,6.0,253.7,0.0,0.0,この先制限速度なし,14m先に上り勾配12.5‰あり,先行列車なし,後続列車なし,0.0,0.0,,0.0,70.0,0.0,-0.5
223.2,Train11,次駅への減速フェーズ（駅手前400m以内）,ブレーキ（減速）中,2.3,惰行,22.0,70.0,70.0,45.33,70.0,94.4,0.0,96.6,43.3,9.2,この先制限速度なし,この先目立った勾配なし,先行列車なし,後続列車なし,0.0,0.0,,0.0,70.0,0.0,-0.05
218.0,Train11,次駅への減速フェーズ（駅手前400m以内）,力行（加速）中,6.0,惰行,1.0,70.0,70.0,68.36,70.0,270.7,0.0,224.9,39.0,6.1,この先制限速度なし,80m先に上り勾配9.2‰あり,先行列車なし,後続列車なし,0.0,0.0,,0.0,70.0,0.0,-0.5
149.0,Train11,巡航フェーズ（駅間走行中）,ブレーキ（減速）中,2.0,力行（加速）,16.0,70.0,70.0,52.67,70.0,1010.2,31.0,145.8,0.0,0.0,この先制限速度なし,20m先に上り勾配12.5‰あり,先行列車なし,後続列車なし,0.0,0.0,,0.0,70.0,0.0,-0.5
139.0,Train11,巡航フェーズ（駅間走行中）,力行（加速）中,7.0,惰行,18.0,70.0,70.0,66.63,70.0,873.9,41.0,198.3,0.0,12.5,この先制限速度なし,83m先で上り勾配12.5‰が終わり平坦になる,先行列車なし,後続列車なし,0.0,0.0,,0.0,70.0,0.0,-0.5
135.0,Train11,巡航フェーズ（駅間走行中）,惰行中,1.0,力行（加速）,6.0,70.0,70.0,69.89,70.0,1172.1,45.0,253.8,0.0,0.0,この先制限速度なし,182m先に上り勾配12.5‰あり,先行列車なし,後続列車なし,0.0,0.0,,0.0,70.0,0.0,-0.5
134.0,Train11,巡航フェーズ（駅間走行中）,ブレーキ（減速）中,5.0,力行（加速）,10.0,70.0,70.0,60.17,70.0,1302.4,46.0,189.4,0.0,0.0,この先制限速度なし,312m先に上り勾配12.5‰あり,先行列車なし,後続列車なし,0.0,0.0,,0.0,70.0,0.0,-0.5
171.0,Train11,巡航フェーズ（駅間走行中）,惰行中,18.0,力行（加速）,6.0,70.0,70.0,65.1,70.0,835.1,9.0,189.5,0.0,12.5,この先制限速度なし,45m先で上り勾配12.5‰が終わり平坦になる,先行列車なし,後続列車なし,0.0,0.0,,0.0,70.0,0.0,-0.5
198.0,Train11,次駅への減速フェーズ（駅手前400m以内）,ブレーキ（減速）中,1.0,力行（加速）,19.0,70.0,70.0,53.81,70.0,134.1,0.0,135.5,19.0,9.2,この先制限速度なし,この先目立った勾配なし,先行列車なし,後続列車なし,0.0,0.0,,0.0,70.0,0.0,-0.5
127.0,Train11,巡航フェーズ（駅間走行中）,力行（加速）中,27.0,惰行,11.0,70.0,70.0,66.91,70.0,1195.6,53.0,233.1,0.0,0.0,この先制限速度なし,205m先に上り勾配12.5‰あり,先行列車なし,後続列車なし,0.0,0.0,,0.0,70.0,0.0,-0.5
151.0,Train11,巡航フェーズ（駅間走行中）,ブレーキ（減速）中,2.0,力行（加速）,60.0,70.0,70.0,66.48,70.0,1403.7,29.0,230.2,0.0,0.0,この先制限速度なし,413m先に上り勾配12.5‰あり,先行列車なし,後続列車なし,0.0,0.0,,0.0,70.0,0.0,-0.5
116.0,Train11,巡航フェーズ（駅間走行中）,惰行中,4.0,力行（加速）,19.0,70.0,70.0,66.75,70.0,1249.1,64.0,232.0,0.0,0.0,この先制限速度なし,259m先に上り勾配12.5‰あり,先行列車なし,後続列車なし,0.0,0.0,,0.0,70.0,0.0,-0.5
165.0,Train11,巡航フェーズ（駅間走行中）,惰行中,6.0,力行（加速）,9.0,70.0,70.0,66.0,70.0,687.2,15.0,226.9,0.0,0.0,この先制限速度なし,97m先に上り勾配6.1‰あり,先行列車なし,後続列車なし,0.0,0.0,,0.0,70.0,0.0,-0.5
199.0,Train11,次駅への減速フェーズ（駅手前400m以内）,ブレーキ（減速）中,2.0,力行（加速）,19.0,70.0,70.0,50.8,70.0,119.6,0.0,120.9,20.0,9.2,この先制限速度なし,この先目立った勾配なし,先行列車なし,後続列車なし,0.0,0.0,,0.0,70.0,0.0,-0.5
134.0,Train11,巡航フェーズ（駅間走行中）,惰行中,5.0,力行（加速）,15.0,70.0,70.0,70.09,70.0,1319.2,46.0,255.2,0.0,0.0,この先制限速度なし,329m先に上り勾配12.5‰あり,先行列車なし,後続列車なし,0.0,0.0,,0.0,70.0,0.0,-0.5
78.0,Train11,巡航フェーズ（駅間走行中）,ブレーキ（減速）中,2.0,力行（加速）,32.0,70.0,70.0,47.96,70.0,1883.6,102.0,124.7,0.0,-2.1,この先制限速度なし,93m先に下り勾配6.7‰あり,先行列車なし,後続列車なし,0.0,0.0,,0.0,70.0,0.0,-0.5
169.0,Train11,次駅への減速フェーズ（駅手前400m以内）,惰行中,4.0,力行（加速）,6.0,70.0,70.0,68.56,70.0,347.8,11.0,226.2,0.0,6.1,この先制限速度なし,157m先に上り勾配9.2‰あり,先行列車なし,後続列車なし,0.0,0.0,,0.0,70.0,0.0,-0.5
227.4,Train11,次駅への減速フェーズ（駅手前400m以内）,ブレーキ（減速）中,0.5,力行（加速）,1.0,70.0,70.0,45.27,70.0,83.2,0.0,96.3,47.5,9.2,この先制限速度なし,この先目立った勾配なし,先行列車なし,後続列車なし,0.0,0.0,,0.0,70.0,0.0,-0.05
169.0,Train11,巡航フェーズ（駅間走行中）,惰行中,10.0,力行（加速）,9.0,70.0,70.0,65.08,70.0,614.3,11.0,220.8,0.0,0.0,この先制限速度なし,24m先に上り勾配6.1‰あり,先行列車なし,後続列車なし,0.0,0.0,,0.0,70.0,0.0,-0.5
205.0,Train11,次駅への減速フェーズ（駅手前400m以内）,ブレーキ（減速）中,1.0,力行（加速）,10.0,70.0,70.0,49.14,70.0,117.0,0.0,113.2,26.0,9.2,この先制限速度なし,この先目立った勾配なし,先行列車なし,後続列車なし,0.0,0.0,,0.0,70.0,0.0,-0.5
191.0,Train11,次駅への減速フェーズ（駅手前400m以内）,ブレーキ（減速）中,5.0,力行（加速）,57.0,70.0,70.0,59.24,70.0,141.1,0.0,163.7,12.0,9.2,この先制限速度なし,この先目立った勾配なし,先行列車なし,後続列車なし,0.0,0.0,,0.0,70.0,0.0,-0.5
167.0,Train11,巡航フェーズ（駅間走行中）,ブレーキ（減速）中,1.0,力行（加速）,8.0,70.0,70.0,47.91,70.0,819.1,13.0,103.7,0.0,12.5,この先制限速度なし,29m先で上り勾配12.5‰が終わり平坦になる,先行列車なし,後続列車なし,0.0,0.0,,0.0,70.0,0.0,-0.5
232.3,Train11,次駅への減速フェーズ（駅手前400m以内）,ブレーキ（減速）中,0.9,惰行,0.1,70.0,70.0,67.97,70.0,68.2,0.0,214.3,52.4,9.2,この先制限速度なし,この先目立った勾配なし,先行列車なし,後続列車なし,0.0,0.0,,0.0,70.0,0.0,-0.05
222.6,Train11,次駅への減速フェーズ（駅手前400m以内）,ブレーキ（減速）中,4.3,惰行,0.1,70.0,70.0,53.85,70.0,17.8,0.0,135.7,42.7,9.2,この先制限速度なし,この先目立った勾配なし,先行列車なし,後続列車なし,0.0,0.0,,0.0,70.0,0.0,-0.05
117.0,Train11,巡航フェーズ（駅間走行中）,ブレーキ（減速）中,1.0,力行（加速）,3.0,70.0,70.0,51.99,70.0,1548.8,63.0,142.1,0.0,0.0,この先制限速度なし,この先目立った勾配なし,先行列車なし,後続列車なし,0.0,0.0,,0.0,70.0,0.0,-0.5
140.0,Train11,巡航フェーズ（駅間走行中）,力行（加速）中,8.0,惰行,18.0,70.0,70.0,66.66,70.0,855.4,40.0,198.5,0.0,12.5,この先制限速度なし,65m先で上り勾配12.5‰が終わり平坦になる,先行列車なし,後続列車なし,0.0,0.0,,0.0,70.0,0.0,-0.5
232.5,Train11,次駅への減速フェーズ（駅手前400m以内）,ブレーキ（減速）中,0.4,力行（加速）,0.1,70.0,70.0,46.01,70.0,60.5,0.0,99.5,52.6,9.2,この先制限速度なし,この先目立った勾配なし,先行列車なし,後続列車なし,0.0,0.0,,0.0,70.0,0.0,-0.05
221.0,Train11,次駅への減速フェーズ（駅手前400m以内）,ブレーキ（減速）中,2.7,惰行,0.1,70.0,70.0,58.68,70.0,42.8,0.0,160.7,41.1,9.2,この先制限速度なし,この先目立った勾配なし,先行列車なし,後続列車なし,0.0,0.0,,0.0,70.0,0.0,-0.05
139.0,Train11,巡航フェーズ（駅間走行中）,ブレーキ（減速）中,2.0,力行（加速）,49.0,70.0,70.0,66.62,70.0,1374.0,41.0,231.1,0.0,0.0,この先制限速度なし,383m先に上り勾配12.5‰あり,先行列車なし,後続列車なし,0.0,0.0,,0.0,70.0,0.0,-0.5
158.0,Train11,巡航フェーズ（駅間走行中）,ブレーキ（減速）中,5.0,力行（加速）,41.0,70.0,70.0,58.26,70.0,1311.2,22.0,177.8,0.0,0.0,この先制限速度なし,321m先に上り勾配12.5‰あり,先行列車なし,後続列車なし,0.0,0.0,,0.0,70.0,0.0,-0.5
130.0,Train11,巡航フェーズ（駅間走行中）,惰行中,6.0,力行（加速）,6.0,70.0,70.0,68.4,70.0,1028.1,50.0,243.3,0.0,0.0,この先制限速度なし,38m先に上り勾配12.5‰あり,先行列車なし,後続列車なし,0.0,0.0,,0.0,70.0,0.0,-0.5
169.0,Train11,巡航フェーズ（駅間走行中）,ブレーキ（減速）中,1.0,惰行,31.0,70.0,70.0,70.35,70.0,874.0,11.0,220.6,0.0,12.5,この先制限速度なし,83m先で上り勾配12.5‰が終わり平坦になる,先行列車なし,後続列車なし,0.0,0.0,,0.0,70.0,0.0,-0.5
140.0,Train11,巡航フェーズ（駅間走行中）,惰行中,6.0,力行（加速）,23.0,70.0,70.0,65.97,70.0,1151.7,40.0,226.7,0.0,0.0,この先制限速度なし,161m先に上り勾配12.5‰あり,先行列車なし,後続列車なし,0.0,0.0,,0.0,70.0,0.0,-0.5
202.0,Train11,巡航フェーズ（駅間走行中）,力行（加速）中,15.0,惰行,33.0,70.0,70.0,66.5,70.0,569.1,0.0,213.1,23.0,6.1,この先制限速度なし,379m先に上り勾配9.2‰あり,先行列車なし,後続列車なし,0.0,0.0,,0.0,70.0,0.0,-0.5
139.0,Train11,巡航フェーズ（駅間走行中）,惰行中,11.0,力行（加速）,6.0,70.0,70.0,64.5,70.0,892.5,41.0,186.1,0.0,12.5,この先制限速度なし,102m先で上り勾配12.5‰が終わり平坦になる,先行列車なし,後続列車なし,0.0,0.0,,0.0,70.0,0.0,-0.5
156.0,Train11,巡航フェーズ（駅間走行中）,惰行中,14.0,力行（加速）,19.0,70.0,70.0,64.45,70.0,1066.9,24.0,216.6,0.0,0.0,この先制限速度なし,76m先に上り勾配12.5‰あり,先行列車なし,後続列車なし,0.0,0.0,,0.0,70.0,0.0,-0.5
212.0,Train11,次駅への減速フェーズ（駅手前400m以内）,ブレーキ（減速）中,1.0,力行（加速）,16.0,70.0,70.0,53.44,70.0,134.0,0.0,133.6,33.0,9.2,この先制限速度なし,この先目立った勾配なし,先行列車なし,後続列車なし,0.0,0.0,,0.0,70.0,0.0,-0.5
186.0,Train11,次駅への減速フェーズ（駅手前400m以内）,ブレーキ（減速）中,1.0,力行（加速）,39.0,70.0,70.0,64.55,70.0,191.8,0.0,201.0,7.0,6.1,この先制限速度なし,1m先に上り勾配9.2‰あり,先行列車なし,後続列車なし,0.0,0.0,,0.0,70.0,0.0,-0.5
157.0,Train11,巡航フェーズ（駅間走行中）,惰行中,23.0,力行（加速）,6.0,70.0,70.0,69.47,70.0,762.3,23.0,250.8,0.0,0.0,この先制限速度なし,172m先に上り勾配6.1‰あり,先行列車なし,後続列車なし,0.0,0.0,,0.0,70.0,0.0,-0.5
194.6,Train11,次駅への減速フェーズ（駅手前400m以内）,ブレーキ（減速）中,7.7,力行（加速）,57.0,70.0,70.0,48.39,70.0,87.3,0.0,109.9,14.7,9.2,この先制限速度なし,この先目立った勾配なし,先行列車なし,後続列車なし,0.0,0.0,,0.0,70.0,0.0,-0.05
232.7,Train11,次駅への減速フェーズ（駅手前400m以内）,ブレーキ（減速）中,0.6,力行（加速）,0.1,70.0,70.0,45.41,70.0,58.0,0.0,96.9,52.8,9.2,この先制限速度なし,この先目立った勾配なし,先行列車なし,後続列車なし,0.0,0.0,,0.0,70.0,0.0,-0.05
174.0,Train11,巡航フェーズ（駅間走行中）,ブレーキ（減速）中,5.0,惰行,53.0,70.0,70.0,58.93,70.0,524.6,6.0,168.2,0.0,6.1,この先制限速度なし,334m先に上り勾配9.2‰あり,先行列車なし,後続列車なし,0.0,0.0,,0.0,70.0,0.0,-0.5
167.0,Train11,巡航フェーズ（駅間走行中）,ブレーキ（減速）中,6.0,力行（加速）,9.0,70.0,70.0,55.46,70.0,854.2,13.0,138.3,0.0,12.5,この先制限速度なし,64m先で上り勾配12.5‰が終わり平坦になる,先行列車なし,後続列車なし,0.0,0.0,,0.0,70.0,0.0,-0.5
177.0,Train11,巡航フェーズ（駅間走行中）,惰行中,3.0,力行（加速）,6.0,70.0,70.0,69.56,70.0,598.3,3.0,251.4,0.0,0.0,この先制限速度なし,8m先に上り勾配6.1‰あり,先行列車なし,後続列車なし,0.0,0.0,,0.0,70.0,0.0,-0.5
147.0,Train11,巡航フェーズ（駅間走行中）,ブレーキ（減速）中,7.0,力行（加速）,32.0,70.0,70.0,71.15,70.0,808.2,33.0,225.5,0.0,12.5,この先制限速度なし,18m先で上り勾配12.5‰が終わり平坦になる,先行列車なし,後続列車なし,0.0,0.0,,0.0,70.0,0.0,-0.5
119.0,Train11,巡航フェーズ（駅間走行中）,惰行中,5.0,力行（加速）,18.0,70.0,70.0,69.91,70.0,1250.0,61.0,253.9,0.0,0.0,この先制限速度なし,260m先に上り勾配12.5‰あり,先行列車なし,後続列車なし,0.0,0.0,,0.0,70.0,0.0,-0.5
136.0,Train11,巡航フェーズ（駅間走行中）,惰行中,2.0,力行（加速）,23.0,70.0,70.0,66.93,70.0,1227.7,44.0,233.2,0.0,0.0,この先制限速度なし,237m先に上り勾配12.5‰あり,先行列車なし,後続列車なし,0.0,0.0,,0.0,70.0,0.0,-0.5
197.0,Train11,巡航フェーズ（駅間走行中）,力行（加速）中,13.0,惰行,24.0,70.0,70.0,65.54,70.0,523.4,0.0,207.1,18.0,6.1,この先制限速度なし,333m先に上り勾配9.2‰あり,先行列車なし,後続列車なし,0.0,0.0,,0.0,70.0,0.0,-0.5
116.0,Train11,巡航フェーズ（駅間走行中）,力行（加速）中,14.0,惰行,11.0,70.0,70.0,66.75,70.0,1247.4,64.0,232.0,0.0,0.0,この先制限速度なし,257m先に上り勾配12.5‰あり,先行列車なし,後続列車なし,0.0,0.0,,0.0,70.0,0.0,-0.5
195.0,Train11,巡航フェーズ（駅間走行中）,惰行中,10.0,力行（加速）,2.0,70.0,70.0,66.52,70.0,443.0,0.0,213.2,16.0,6.1,この先制限速度なし,252m先に上り勾配9.2‰あり,先行列車なし,後続列車なし,0.0,0.0,,0.0,70.0,0.0,-0.5
207.9,Train11,次駅への減速フェーズ（駅手前400m以内）,ブレーキ（減速）中,2.0,惰行,0.1,70.0,70.0,53.25,70.0,28.1,0.0,132.7,28.0,9.2,この先制限速度なし,この先目立った勾配なし,先行列車なし,後続列車なし,0.0,0.0,,0.0,70.0,0.0,-0.05
232.8,Train11,次駅への減速フェーズ（駅手前400m以内）,ブレーキ（減速）中,1.4,惰行,0.1,70.0,70.0,66.44,70.0,58.9,0.0,204.9,52.9,9.2,この先制限速度なし,この先目立った勾配なし,先行列車なし,後続列車なし,0.0,0.0,,0.0,70.0,0.0,-0.05
195.0,Train11,巡航フェーズ（駅間走行中）,ブレーキ（減速）中,4.0,力行（加速）,14.0,70.0,70.0,61.73,70.0,768.4,0.0,199.1,16.0,0.0,この先制限速度なし,178m先に上り勾配6.1‰あり,先行列車なし,後続列車なし,0.0,0.0,,0.0,70.0,0.0,-0.5
187.0,Train11,巡航フェーズ（駅間走行中）,惰行中,9.0,力行（加速）,7.0,70.0,70.0,64.78,70.0,542.5,0.0,202.4,8.0,6.1,この先制限速度なし,352m先に上り勾配9.2‰あり,先行列車なし,後続列車なし,0.0,0.0,,0.0,70.0,0.0,-0.5
109.0,Train11,巡航フェーズ（駅間走行中）,ブレーキ（減速）中,5.0,力行（加速）,60.0,70.0,70.0,58.33,70.0,1351.7,71.0,178.2,0.0,0.0,この先制限速度なし,361m先に上り勾配12.5‰あり,先行列車なし,後続列車なし,0.0,0.0,,0.0,70.0,0.0,-0.5
221.4,Train11,次駅への減速フェーズ（駅手前400m以内）,ブレーキ（減速）中,3.1,惰行,0.1,70.0,70.0,57.47,70.0,36.3,0.0,154.2,41.5,9.2,この先制限速度なし,この先目立った勾配なし,先行列車なし,後続列車なし,0.0,0.0,,0.0,70.0,0.0,-0.05
163.0,Train11,次駅への減速フェーズ（駅手前400m以内）,惰行中,4.0,力行（加速）,5.0,70.0,70.0,67.54,70.0,383.0,17.0,219.7,0.0,6.1,この先制限速度なし,192m先に上り勾配9.2‰あり,先行列車なし,後続列車なし,0.0,0.0,,0.0,70.0,0.0,-0.5
199.0,Train11,次駅への減速フェーズ（駅手前400m以内）,惰行中,14.0,力行（加速）,2.0,70.0,70.0,64.74,70.0,370.0,0.0,202.2,20.0,6.1,この先制限速度なし,180m先に上り勾配9.2‰あり,先行列車なし,後続列車なし,0.0,0.0,,0.0,70.0,0.0,-0.5
140.0,Train11,巡航フェーズ（駅間走行中）,ブレーキ（減速）中,4.0,力行（加速）,47.0,70.0,70.0,54.85,70.0,1612.5,40.0,157.9,0.0,0.0,この先制限速度なし,この先目立った勾配なし,先行列車なし,後続列車なし,0.0,0.0,,0.0,70.0,0.0,-0.5
154.0,Train11,巡航フェーズ（駅間走行中）,ブレーキ（減速）中,2.0,力行（加速）,37.0,70.0,70.0,64.93,70.0,1217.7,26.0,219.8,0.0,0.0,この先制限速度なし,227m先に上り勾配12.5‰あり,先行列車なし,後続列車なし,0.0,0.0,,0.0,70.0,0.0,-0.5
139.0,Train11,巡航フェーズ（駅間走行中）,力行（加速）中,13.0,惰行,8.0,70.0,70.0,64.14,70.0,1435.8,41.0,214.6,0.0,0.0,この先制限速度なし,445m先に上り勾配12.5‰あり,先行列車なし,後続列車なし,0.0,0.0,,0.0,70.0,0.0,-0.5
122.0,Train11,巡航フェーズ（駅間走行中）,ブレーキ（減速）中,8.0,力行（加速）,12.0,70.0,70.0,51.89,70.0,1264.7,58.0,141.6,0.0,0.0,この先制限速度なし,274m先に上り勾配12.5‰あり,先行列車なし,後続列車なし,0.0,0.0,,0.0,70.0,0.0,-0.5
229.0,Train11,次駅への減速フェーズ（駅手前400m以内）,ブレーキ（減速）中,3.0,力行（加速）,4.0,70.0,70.0,47.66,70.0,110.7,0.0,106.6,50.0,9.2,この先制限速度なし,この先目立った勾配なし,先行列車なし,後続列車なし,0.0,0.0,,0.0,70.0,0.0,-0.5
132.0,Train11,巡航フェーズ（駅間走行中）,惰行中,8.0,力行（加速）,6.0,70.0,70.0,67.92,70.0,990.2,48.0,240.0,0.0,0.0,この先制限速度なし,0m先に上り勾配12.5‰あり,先行列車なし,後続列車なし,0.0,0.0,,0.0,70.0,0.0,-0.5
177.0,Train11,巡航フェーズ（駅間走行中）,力行（加速）中,5.0,惰行,2.0,70.0,70.0,68.37,70.0,1042.0,3.0,243.1,0.0,0.0,この先制限速度なし,51m先に上り勾配12.5‰あり,先行列車なし,後続列車なし,0.0,0.0,,0.0,70.0,0.0,-0.5
146.0,Train11,巡航フェーズ（駅間走行中）,ブレーキ（減速）中,9.0,力行（加速）,49.0,70.0,70.0,47.71,70.0,1262.9,34.0,120.0,0.0,0.0,この先制限速度なし,272m先に上り勾配12.5‰あり,先行列車なし,後続列車なし,0.0,0.0,,0.0,70.0,0.0,-0.5
187.0,Train11,巡航フェーズ（駅間走行中）,力行（加速）中,14.0,惰行,14.0,70.0,70.0,65.88,70.0,588.0,0.0,209.2,8.0,6.1,この先制限速度なし,397m先に上り勾配9.2‰あり,先行列車なし,後続列車なし,0.0,0.0,,0.0,70.0,0.0,-0.5
133.0,Train11,巡航フェーズ（駅間走行中）,惰行中,9.0,力行（加速）,6.0,70.0,70.0,67.25,70.0,971.5,47.0,202.0,0.0,12.5,この先制限速度なし,181m先で上り勾配12.5‰が終わり平坦になる,先行列車なし,後続列車なし,0.0,0.0,,0.0,70.0,0.0,-0.5
213.0,Train11,次駅への減速フェーズ（駅手前400m以内）,ブレーキ（減速）中,1.0,力行（加速）,10.0,70.0,70.0,49.63,70.0,106.2,0.0,115.5,34.0,9.2,この先制限速度なし,この先目立った勾配なし,先行列車なし,後続列車なし,0.0,0.0,,0.0,70.0,0.0,-0.5
163.0,Train11,巡航フェーズ（駅間走行中）,惰行中,2.0,力行（加速）,13.0,70.0,70.0,70.59,70.0,866.1,17.0,222.1,0.0,12.5,この先制限速度なし,76m先で上り勾配12.5‰が終わり平坦になる,先行列車なし,後続列車なし,0.0,0.0,,0.0,70.0,0.0,-0.5
172.0,Train11,巡航フェーズ（駅間走行中）,ブレーキ（減速）中,5.0,力行（加速）,43.0,70.0,70.0,54.15,70.0,483.3,8.0,142.4,0.0,6.1,この先制限速度なし,293m先に上り勾配9.2‰あり,先行列車なし,後続列車なし,0.0,0.0,,0.0,70.0,0.0,-0.5
150.0,Train11,巡航フェーズ（駅間走行中）,惰行中,13.0,力行（加速）,26.0,70.0,70.0,67.35,70.0,965.3,30.0,202.6,0.0,12.5,この先制限速度なし,175m先で上り勾配12.5‰が終わり平坦になる,先行列車なし,後続列車なし,0.0,0.0,,0.0,70.0,0.0,-0.5
138.0,Train11,巡航フェーズ（駅間走行中）,惰行中,10.0,力行（加速）,6.0,70.0,70.0,65.17,70.0,910.6,42.0,189.9,0.0,12.5,この先制限速度なし,120m先で上り勾配12.5‰が終わり平坦になる,先行列車なし,後続列車なし,0.0,0.0,,0.0,70.0,0.0,-0.5
155.0,Train11,巡航フェーズ（駅間走行中）,力行（加速）中,17.0,惰行,9.0,70.0,70.0,66.05,70.0,1360.7,25.0,227.2,0.0,0.0,この先制限速度なし,370m先に上り勾配12.5‰あり,先行列車なし,後続列車なし,0.0,0.0,,0.0,70.0,0.0,-0.5
167.0,Train11,巡航フェーズ（駅間走行中）,力行（加速）中,18.0,惰行,6.0,70.0,70.0,65.62,70.0,419.8,13.0,207.6,0.0,6.1,この先制限速度なし,229m先に上り勾配9.2‰あり,先行列車なし,後続列車なし,0.0,0.0,,0.0,70.0,0.0,-0.5
139.0,Train11,巡航フェーズ（駅間走行中）,力行（加速）中,16.0,惰行,9.0,70.0,70.0,65.56,70.0,1379.0,41.0,224.0,0.0,0.0,この先制限速度なし,388m先に上り勾配12.5‰あり,先行列車なし,後続列車なし,0.0,0.0,,0.0,70.0,0.0,-0.5
231.3,Train11,次駅への減速フェーズ（駅手前400m以内）,ブレーキ（減速）中,8.4,力行（加速）,12.0,70.0,70.0,49.26,70.0,76.4,0.0,113.8,51.4,9.2,この先制限速度なし,この先目立った勾配なし,先行列車なし,後続列車なし,0.0,0.0,,0.0,70.0,0.0,-0.05
171.0,Train11,巡航フェーズ（駅間走行中）,ブレーキ（減速）中,2.0,力行（加速）,8.0,70.0,70.0,46.75,70.0,468.7,9.0,106.6,0.0,6.1,この先制限速度なし,278m先に上り勾配9.2‰あり,先行列車なし,後続列車なし,0.0,0.0,,0.0,70.0,0.0,-0.5
79.0,Train11,巡航フェーズ（駅間走行中）,ブレーキ（減速）中,3.0,力行（加速）,32.0,70.0,70.0,45.36,70.0,1870.7,101.0,111.8,0.0,-2.1,この先制限速度なし,80m先に下り勾配6.7‰あり,先行列車なし,後続列車なし,0.0,0.0,,0.0,70.0,0.0,-0.5
159.0,Train11,巡航フェーズ（駅間走行中）,ブレーキ（減速）中,1.0,力行（加速）,11.0,70.0,70.0,53.4,70.0,1081.1,21.0,149.9,0.0,0.0,この先制限速度なし,91m先に上り勾配12.5‰あり,先行列車なし,後続列車なし,0.0,0.0,,0.0,70.0,0.0,-0.5
225.0,Train11,次駅への減速フェーズ（駅手前400m以内）,ブレーキ（減速）中,2.0,力行（加速）,23.0,70.0,70.0,62.76,70.0,254.6,0.0,190.3,46.0,6.1,この先制限速度なし,64m先に上り勾配9.2‰あり,先行列車なし,後続列車なし,0.0,0.0,,0.0,70.0,0.0,-0.5
162.0,Train11,巡航フェーズ（駅間走行中）,力行（加速）中,3.0,惰行,5.0,70.0,70.0,69.05,70.0,482.7,18.0,229.3,0.0,6.1,この先制限速度なし,292m先に上り勾配9.2‰あり,先行列車なし,後続列車なし,0.0,0.0,,0.0,70.0,0.0,-0.5
158.0,Train11,巡航フェーズ（駅間走行中）,惰行中,13.0,力行（加速）,21.0,70.0,70.0,64.48,70.0,1054.1,22.0,216.8,0.0,0.0,この先制限速度なし,64m先に上り勾配12.5‰あり,先行列車なし,後続列車なし,0.0,0.0,,0.0,70.0,0.0,-0.5
168.0,Train11,巡航フェーズ（駅間走行中）,惰行中,7.0,力行（加速）,13.0,70.0,70.0,67.63,70.0,770.4,12.0,238.0,0.0,0.0,この先制限速度なし,180m先に上り勾配6.1‰あり,先行列車なし,後続列車なし,0.0,0.0,,0.0,70.0,0.0,-0.5
199.0,Train11,巡航フェーズ（駅間走行中）,ブレーキ（減速）中,7.0,惰行,12.0,70.0,70.0,52.78,70.0,464.0,0.0,135.4,20.0,6.1,この先制限速度なし,274m先に上り勾配9.2‰あり,先行列車なし,後続列車なし,0.0,0.0,,0.0,70.0,0.0,-0.5
211.0,Train11,次駅への減速フェーズ（駅手前400m以内）,惰行中,1.0,力行（加速）,6.0,70.0,70.0,67.63,70.0,376.5,0.0,220.2,32.0,6.1,この先制限速度なし,186m先に上り勾配9.2‰あり,先行列車なし,後続列車なし,0.0,0.0,,0.0,70.0,0.0,-0.5
204.0,Train11,次駅への減速フェーズ（駅手前400m以内）,ブレーキ（減速）中,1.4,力行（加速）,0.1,70.0,70.0,65.14,70.0,54.3,0.0,197.2,24.1,9.2,この先制限速度なし,この先目立った勾配なし,先行列車なし,後続列車なし,0.0,0.0,,0.0,70.0,0.0,-0.05
173.0,Train11,巡航フェーズ（駅間走行中）,惰行中,13.0,力行（加速）,3.0,70.0,70.0,66.35,70.0,942.3,7.0,196.7,0.0,12.5,この先制限速度なし,152m先で上り勾配12.5‰が終わり平坦になる,先行列車なし,後続列車なし,0.0,0.0,,0.0,70.0,0.0,-0.5
125.0,Train11,巡航フェーズ（駅間走行中）,ブレーキ（減速）中,3.0,力行（加速）,12.0,70.0,70.0,63.54,70.0,1126.1,55.0,210.7,0.0,0.0,この先制限速度なし,136m先に上り勾配12.5‰あり,先行列車なし,後続列車なし,0.0,0.0,,0.0,70.0,0.0,-0.5
196.0,Train11,次駅への減速フェーズ（駅手前400m以内）,ブレーキ（減速）中,1.0,惰行,17.0,70.0,70.0,50.43,70.0,321.8,0.0,123.8,17.0,6.1,この先制限速度なし,131m先に上り勾配9.2‰あり,先行列車なし,後続列車なし,0.0,0.0,,0.0,70.0,0.0,-0.5
134.0,Train11,巡航フェーズ（駅間走行中）,ブレーキ（減速）中,6.0,力行（加速）,37.0,70.0,70.0,55.78,70.0,1211.2,46.0,163.2,0.0,0.0,この先制限速度なし,221m先に上り勾配12.5‰あり,先行列車なし,後続列車なし,0.0,0.0,,0.0,70.0,0.0,-0.5
204.2,Train11,次駅への減速フェーズ（駅手前400m以内）,ブレーキ（減速）中,1.6,力行（加速）,0.1,70.0,70.0,64.53,70.0,50.7,0.0,193.6,24.3,9.2,この先制限速度なし,この先目立った勾配なし,先行列車なし,後続列車なし,0.0,0.0,,0.0,70.0,0.0,-0.05
175.0,Train11,巡航フェーズ（駅間走行中）,ブレーキ（減速）中,8.0,力行（加速）,43.0,70.0,70.0,45.47,70.0,441.8,5.0,100.9,0.0,6.1,この先制限速度なし,251m先に上り勾配9.2‰あり,先行列車なし,後続列車なし,0.0,0.0,,0.0,70.0,0.0,-0.5
175.0,Train11,巡航フェーズ（駅間走行中）,惰行中,7.0,力行（加速）,11.0,70.0,70.0,66.75,70.0,769.0,5.0,232.0,0.0,0.0,この先制限速度なし,179m先に上り勾配6.1‰あり,先行列車なし,後続列車なし,0.0,0.0,,0.0,70.0,0.0,-0.5
168.0,Train11,巡航フェーズ（駅間走行中）,ブレーキ（減速）中,1.0,力行（加速）,37.0,70.0,70.0,69.14,70.0,1164.5,12.0,248.5,0.0,0.0,この先制限速度なし,174m先に上り勾配12.5‰あり,先行列車なし,後続列車なし,0.0,0.0,,0.0,70.0,0.0,-0.5
167.0,Train11,巡航フェーズ（駅間走行中）,力行（加速）中,4.0,惰行,29.0,70.0,70.0,68.92,70.0,571.9,13.0,228.5,0.0,6.1,この先制限速度なし,381m先に上り勾配9.2‰あり,先行列車なし,後続列車なし,0.0,0.0,,0.0,70.0,0.0,-0.5
167.0,Train11,巡航フェーズ（駅間走行中）,惰行中,11.0,力行（加速）,27.0,70.0,70.0,65.12,70.0,1000.9,13.0,221.1,0.0,0.0,この先制限速度なし,10m先に上り勾配12.5‰あり,先行列車なし,後続列車なし,0.0,0.0,,0.0,70.0,0.0,-0.5
180.0,Train11,巡航フェーズ（駅間走行中）,力行（加速）中,1.0,惰行,3.0,70.0,70.0,69.25,70.0,565.5,0.0,230.7,1.0,6.1,この先制限速度なし,375m先に上り勾配9.2‰あり,先行列車なし,後続列車なし,0.0,0.0,,0.0,70.0,0.0,-0.5
222.8,Train11,次駅への減速フェーズ（駅手前400m以内）,ブレーキ（減速）中,4.5,惰行,0.1,70.0,70.0,53.24,70.0,14.8,0.0,132.7,42.9,9.2,この先制限速度なし,この先目立った勾配なし,先行列車なし,後続列車なし,0.0,0.0,,0.0,70.0,0.0,-0.05
188.3,Train11,次駅への減速フェーズ（駅手前400m以内）,ブレーキ（減速）中,2.4,力行（加速）,1.0,70.0,70.0,64.58,70.0,51.1,0.0,193.9,8.4,9.2,この先制限速度なし,この先目立った勾配なし,先行列車なし,後続列車なし,0.0,0.0,,0.0,70.0,0.0,-0.05
228.0,Train11,次駅への減速フェーズ（駅手前400m以内）,ブレーキ（減速）中,6.0,力行（加速）,12.0,70.0,70.0,59.21,70.0,126.1,0.0,163.5,49.0,9.2,この先制限速度なし,この先目立った勾配なし,先行列車なし,後続列車なし,0.0,0.0,,0.0,70.0,0.0,-0.5
194.4,Train11,次駅への減速フェーズ（駅手前400m以内）,ブレーキ（減速）中,7.5,力行（加速）,57.0,70.0,70.0,48.99,70.0,90.1,0.0,112.6,14.5,9.2,この先制限速度なし,この先目立った勾配なし,先行列車なし,後続列車なし,0.0,0.0,,0.0,70.0,0.0,-0.05
135.0,Train11,巡航フェーズ（駅間走行中）,ブレーキ（減速）中,1.0,力行（加速）,60.0,70.0,70.0,69.22,70.0,1422.5,45.0,249.0,0.0,0.0,この先制限速度なし,432m先に上り勾配12.5‰あり,先行列車なし,後続列車なし,0.0,0.0,,0.0,70.0,0.0,-0.5
201.0,Train11,次駅への減速フェーズ（駅手前400m以内）,ブレーキ（減速）中,6.0,力行（加速）,58.0,70.0,70.0,54.07,70.0,144.4,0.0,136.8,22.0,9.2,この先制限速度なし,この先目立った勾配なし,先行列車なし,後続列車なし,0.0,0.0,,0.0,70.0,0.0,-0.5
77.0,Train11,巡航フェーズ（駅間走行中）,ブレーキ（減速）中,1.0,力行（加速）,32.0,70.0,70.0,50.56,70.0,1897.3,103.0,138.4,0.0,-2.1,この先制限速度なし,107m先に下り勾配6.7‰あり,先行列車なし,後続列車なし,0.0,0.0,,0.0,70.0,0.0,-0.5
217.0,Train11,次駅への減速フェーズ（駅手前400m以内）,惰行中,23.0,力行（加速）,24.0,70.0,70.0,66.52,70.0,263.1,0.0,213.2,38.0,6.1,この先制限速度なし,73m先に上り勾配9.2‰あり,先行列車なし,後続列車なし,0.0,0.0,,0.0,70.0,0.0,-0.5
145.0,Train11,巡航フェーズ（駅間走行中）,惰行中,1.0,力行（加速）,12.0,70.0,70.0,67.45,70.0,762.6,35.0,236.7,0.0,0.0,この先制限速度なし,172m先に上り勾配6.1‰あり,先行列車なし,後続列車なし,0.0,0.0,,0.0,70.0,0.0,-0.5
142.0,Train11,巡航フェーズ（駅間走行中）,ブレーキ（減速）中,5.0,力行（加速）,15.0,70.0,70.0,47.76,70.0,1612.6,38.0,120.3,0.0,0.0,この先制限速度なし,この先目立った勾配なし,先行列車なし,後続列車なし,0.0,0.0,,0.0,70.0,0.0,-0.5
157.0,Train11,巡航フェーズ（駅間走行中）,惰行中,5.0,力行（加速）,14.0,70.0,70.0,64.16,70.0,1325.3,23.0,214.7,0.0,0.0,この先制限速度なし,335m先に上り勾配12.5‰あり,先行列車なし,後続列車なし,0.0,0.0,,0.0,70.0,0.0,-0.5
135.0,Train11,巡航フェーズ（駅間走行中）,ブレーキ（減速）中,1.0,力行（加速）,60.0,70.0,70.0,69.22,70.0,1422.5,45.0,249.0,0.0,0.0,この先制限速度なし,432m先に上り勾配12.5‰あり,先行列車なし,後続列車なし,0.0,0.0,,0.0,70.0,0.0,-0.5
195.0,Train11,巡航フェーズ（駅間走行中）,惰行中,4.0,力行（加速）,3.0,70.0,70.0,68.65,70.0,844.3,0.0,210.3,16.0,12.5,この先制限速度なし,54m先で上り勾配12.5‰が終わり平坦になる,先行列車なし,後続列車なし,0.0,0.0,,0.0,70.0,0.0,-0.5
188.0,Train11,巡航フェーズ（駅間走行中）,ブレーキ（減速）中,8.0,力行（加速）,36.0,70.0,70.0,64.31,70.0,465.7,0.0,199.6,9.0,6.1,この先制限速度なし,275m先に上り勾配9.2‰あり,先行列車なし,後続列車なし,0.0,0.0,,0.0,70.0,0.0,-0.5
188.0,Train11,巡航フェーズ（駅間走行中）,惰行中,25.0,力行（加速）,20.0,70.0,70.0,65.04,70.0,839.1,0.0,189.2,9.0,12.5,この先制限速度なし,49m先で上り勾配12.5‰が終わり平坦になる,先行列車なし,後続列車なし,0.0,0.0,,0.0,70.0,0.0,-0.5
173.0,Train11,巡航フェーズ（駅間走行中）,惰行中,4.0,力行（加速）,13.0,70.0,70.0,69.88,70.0,701.1,7.0,253.7,0.0,0.0,この先制限速度なし,111m先に上り勾配6.1‰あり,先行列車なし,後続列車なし,0.0,0.0,,0.0,70.0,0.0,-0.5
174.0,Train11,巡航フェーズ（駅間走行中）,惰行中,5.0,力行（加速）,13.0,70.0,70.0,69.64,70.0,681.8,6.0,252.0,0.0,0.0,この先制限速度なし,91m先に上り勾配6.1‰あり,先行列車なし,後続列車なし,0.0,0.0,,0.0,70.0,0.0,-0.5
219.6,Train11,次駅への減速フェーズ（駅手前400m以内）,ブレーキ（減速）中,1.3,惰行,0.1,70.0,70.0,62.94,70.0,66.4,0.0,184.3,39.7,9.2,この先制限速度なし,この先目立った勾配なし,先行列車なし,後続列車なし,0.0,0.0,,0.0,70.0,0.0,-0.05
181.0,Train11,巡航フェーズ（駅間走行中）,ブレーキ（減速）中,5.0,惰行,10.0,70.0,70.0,59.16,70.0,766.3,0.0,183.2,2.0,0.0,この先制限速度なし,176m先に上り勾配6.1‰あり,先行列車なし,後続列車なし,0.0,0.0,,0.0,70.0,0.0,-0.5
133.0,Train11,巡航フェーズ（駅間走行中）,惰行中,24.0,力行（加速）,16.0,70.0,70.0,69.07,70.0,950.5,47.0,212.8,0.0,12.5,この先制限速度なし,160m先で上り勾配12.5‰が終わり平坦になる,先行列車なし,後続列車なし,0.0,0.0,,0.0,70.0,0.0,-0.5
195.0,Train11,次駅への減速フェーズ（駅手前400m以内）,惰行中,6.0,力行（加速）,6.0,70.0,70.0,65.7,70.0,261.1,0.0,208.1,16.0,6.1,この先制限速度なし,71m先に上り勾配9.2‰あり,先行列車なし,後続列車なし,0.0,0.0,,0.0,70.0,0.0,-0.5
136.0,Train11,巡航フェーズ（駅間走行中）,力行（加速）中,4.0,惰行,18.0,70.0,70.0,66.53,70.0,929.4,44.0,197.8,0.0,12.5,この先制限速度なし,139m先で上り勾配12.5‰が終わり平坦になる,先行列車なし,後続列車なし,0.0,0.0,,0.0,70.0,0.0,-0.5
173.0,Train11,巡航フェーズ（駅間走行中）,力行（加速）中,5.0,惰行,7.0,70.0,70.0,69.18,70.0,675.7,7.0,248.7,0.0,0.0,この先制限速度なし,85m先に上り勾配6.1‰あり,先行列車なし,後続列車なし,0.0,0.0,,0.0,70.0,0.0,-0.5
209.1,Train11,次駅への減速フェーズ（駅手前400m以内）,ブレーキ（減速）中,6.2,力行（加速）,40.0,70.0,70.0,45.41,70.0,97.5,0.0,96.9,29.2,9.2,この先制限速度なし,この先目立った勾配なし,先行列車なし,後続列車なし,0.0,0.0,,0.0,70.0,0.0,-0.05
227.0,Train11,次駅への減速フェーズ（駅手前400m以内）,ブレーキ（減速）中,0.1,力行（加速）,1.0,70.0,70.0,46.47,70.0,88.3,0.0,101.4,47.1,9.2,この先制限速度なし,この先目立った勾配なし,先行列車なし,後続列車なし,0.0,0.0,,0.0,70.0,0.0,-0.05
198.0,Train11,次駅への減速フェーズ（駅手前400m以内）,ブレーキ（減速）中,3.0,力行（加速）,58.0,70.0,70.0,63.14,70.0,193.2,0.0,192.5,19.0,6.1,この先制限速度なし,3m先に上り勾配9.2‰あり,先行列車なし,後続列車なし,0.0,0.0,,0.0,70.0,0.0,-0.5
164.0,Train11,巡航フェーズ（駅間走行中）,ブレーキ（減速）中,3.0,力行（加速）,9.0,70.0,70.0,64.92,70.0,904.3,16.0,188.5,0.0,12.5,この先制限速度なし,114m先で上り勾配12.5‰が終わり平坦になる,先行列車なし,後続列車なし,0.0,0.0,,0.0,70.0,0.0,-0.5
139.0,Train11,巡航フェーズ（駅間走行中）,力行（加速）中,16.0,惰行,9.0,70.0,70.0,64.98,70.0,1385.6,41.0,220.1,0.0,0.0,この先制限速度なし,395m先に上り勾配12.5‰あり,先行列車なし,後続列車なし,0.0,0.0,,0.0,70.0,0.0,-0.5
149.0,Train11,巡航フェーズ（駅間走行中）,惰行中,12.0,力行（加速）,26.0,70.0,70.0,68.03,70.0,984.1,31.0,206.6,0.0,12.5,この先制限速度なし,194m先で上り勾配12.5‰が終わり平坦になる,先行列車なし,後続列車なし,0.0,0.0,,0.0,70.0,0.0,-0.5
219.0,Train11,次駅への減速フェーズ（駅手前400m以内）,ブレーキ（減速）中,3.0,力行（加速）,1.0,70.0,70.0,50.92,70.0,104.0,0.0,121.5,40.0,9.2,この先制限速度なし,この先目立った勾配なし,先行列車なし,後続列車なし,0.0,0.0,,0.0,70.0,0.0,-0.5
113.0,Train11,巡航フェーズ（駅間走行中）,ブレーキ（減速）中,1.0,力行（加速）,10.0,70.0,70.0,48.59,70.0,1854.1,67.0,128.0,0.0,-2.1,この先制限速度なし,64m先に下り勾配6.7‰あり,先行列車なし,後続列車なし,0.0,0.0,,0.0,70.0,0.0,-0.5
166.0,Train11,巡航フェーズ（駅間走行中）,惰行中,3.0,力行（加速）,20.0,70.0,70.0,66.93,70.0,1251.2,14.0,233.2,0.0,0.0,この先制限速度なし,261m先に上り勾配12.5‰あり,先行列車なし,後続列車なし,0.0,0.0,,0.0,70.0,0.0,-0.5
176.0,Train11,巡航フェーズ（駅間走行中）,ブレーキ（減速）中,7.0,惰行,53.0,70.0,70.0,53.1,70.0,493.5,4.0,137.0,0.0,6.1,この先制限速度なし,303m先に上り勾配9.2‰あり,先行列車なし,後続列車なし,0.0,0.0,,0.0,70.0,0.0,-0.5
199.0,Train11,巡航フェーズ（駅間走行中）,ブレーキ（減速）中,5.0,力行（加速）,24.0,70.0,70.0,58.41,70.0,592.1,0.0,178.6,20.0,0.0,この先制限速度なし,2m先に上り勾配6.1‰あり,先行列車なし,後続列車なし,0.0,0.0,,0.0,70.0,0.0,-0.5
186.0,Train11,次駅への減速フェーズ（駅手前400m以内）,ブレーキ（減速）中,8.0,力行（加速）,52.0,70.0,70.0,50.03,70.0,147.2,0.0,117.4,7.0,9.2,この先制限速度なし,この先目立った勾配なし,先行列車なし,後続列車なし,0.0,0.0,,0.0,70.0,0.0,-0.5
204.0,Train11,次駅への減速フェーズ（駅手前400m以内）,ブレーキ（減速）中,2.0,力行（加速）,40.0,70.0,70.0,60.77,70.0,172.7,0.0,172.1,25.0,9.2,この先制限速度なし,この先目立った勾配なし,先行列車なし,後続列車なし,0.0,0.0,,0.0,70.0,0.0,-0.5
113.0,Train11,巡航フェーズ（駅間走行中）,力行（加速）中,18.0,惰行,8.0,70.0,70.0,64.74,70.0,1348.0,67.0,218.5,0.0,0.0,この先制限速度なし,358m先に上り勾配12.5‰あり,先行列車なし,後続列車なし,0.0,0.0,,0.0,70.0,0.0,-0.5
216.0,Train11,次駅への減速フェーズ（駅手前400m以内）,ブレーキ（減速）中,1.0,力行（加速）,53.0,70.0,70.0,66.39,70.0,178.1,0.0,204.6,37.0,9.2,この先制限速度なし,この先目立った勾配なし,先行列車なし,後続列車なし,0.0,0.0,,0.0,70.0,0.0,-0.5
163.0,Train11,巡航フェーズ（駅間走行中）,力行（加速）中,20.0,惰行,9.0,70.0,70.0,66.94,70.0,1307.1,17.0,233.3,0.0,0.0,この先制限速度なし,317m先に上り勾配12.5‰あり,先行列車なし,後続列車なし,0.0,0.0,,0.0,70.0,0.0,-0.5
185.0,Train11,次駅への減速フェーズ（駅手前400m以内）,ブレーキ（減速）中,3.0,力行（加速）,8.0,70.0,70.0,46.88,70.0,267.3,0.0,107.2,6.0,6.1,この先制限速度なし,77m先に上り勾配9.2‰あり,先行列車なし,後続列車なし,0.0,0.0,,0.0,70.0,0.0,-0.5
216.0,Train11,次駅への減速フェーズ（駅手前400m以内）,ブレーキ（減速）中,1.0,惰行,33.0,70.0,70.0,51.37,70.0,128.5,0.0,123.6,37.0,9.2,この先制限速度なし,この先目立った勾配なし,先行列車なし,後続列車なし,0.0,0.0,,0.0,70.0,0.0,-0.5
186.0,Train11,巡航フェーズ（駅間走行中）,力行（加速）中,3.0,惰行,9.0,70.0,70.0,66.98,70.0,428.9,0.0,216.1,7.0,6.1,この先制限速度なし,238m先に上り勾配9.2‰あり,先行列車なし,後続列車なし,0.0,0.0,,0.0,70.0,0.0,-0.5
224.0,Train11,次駅への減速フェーズ（駅手前400m以内）,ブレーキ（減速）中,4.0,力行（加速）,34.0,70.0,70.0,51.97,70.0,128.3,0.0,126.5,45.0,9.2,この先制限速度なし,この先目立った勾配なし,先行列車なし,後続列車なし,0.0,0.0,,0.0,70.0,0.0,-0.5
169.0,Train11,巡航フェーズ（駅間走行中）,ブレーキ（減速）中,7.0,力行（加速）,20.0,70.0,70.0,53.42,70.0,466.5,11.0,138.7,0.0,6.1,この先制限速度なし,276m先に上り勾配9.2‰あり,先行列車なし,後続列車なし,0.0,0.0,,0.0,70.0,0.0,-0.5
153.0,Train11,巡航フェーズ（駅間走行中）,ブレーキ（減速）中,1.0,力行（加速）,9.0,70.0,70.0,70.3,70.0,1158.7,27.0,256.6,0.0,0.0,この先制限速度なし,168m先に上り勾配12.5‰あり,先行列車なし,後続列車なし,0.0,0.0,,0.0,70.0,0.0,-0.5
126.0,Train11,巡航フェーズ（駅間走行中）,力行（加速）中,4.0,惰行,3.0,70.0,70.0,67.87,70.0,1136.8,54.0,239.6,0.0,0.0,この先制限速度なし,146m先に上り勾配12.5‰あり,先行列車なし,後続列車なし,0.0,0.0,,0.0,70.0,0.0,-0.5
180.0,Train11,巡航フェーズ（駅間走行中）,力行（加速）中,18.0,惰行,23.0,70.0,70.0,64.74,70.0,675.4,0.0,218.5,1.0,0.0,この先制限速度なし,85m先に上り勾配6.1‰あり,先行列車なし,後続列車なし,0.0,0.0,,0.0,70.0,0.0,-0.5
209.0,Train11,巡航フェーズ（駅間走行中）,ブレーキ（減速）中,5.0,力行（加速）,18.0,70.0,70.0,67.88,70.0,601.5,0.0,239.7,30.0,0.0,この先制限速度なし,11m先に上り勾配6.1‰あり,先行列車なし,後続列車なし,0.0,0.0,,0.0,70.0,0.0,-0.5
142.0,Train11,巡航フェーズ（駅間走行中）,力行（加速）中,24.0,惰行,6.0,70.0,70.0,66.77,70.0,1135.9,38.0,232.1,0.0,0.0,この先制限速度なし,145m先に上り勾配12.5‰あり,先行列車なし,後続列車なし,0.0,0.0,,0.0,70.0,0.0,-0.5
220.2,Train11,次駅への減速フェーズ（駅手前400m以内）,ブレーキ（減速）中,3.3,力行（加速）,1.0,70.0,70.0,47.32,70.0,87.6,0.0,105.1,40.3,9.2,この先制限速度なし,この先目立った勾配なし,先行列車なし,後続列車なし,0.0,0.0,,0.0,70.0,0.0,-0.05
144.0,Train11,巡航フェーズ（駅間走行中）,力行（加速）中,2.0,惰行,4.0,70.0,70.0,69.02,70.0,746.7,36.0,247.6,0.0,0.0,この先制限速度なし,156m先に上り勾配6.1‰あり,先行列車なし,後続列車なし,0.0,0.0,,0.0,70.0,0.0,-0.5
224.1,Train11,次駅への減速フェーズ（駅手前400m以内）,ブレーキ（減速）中,5.8,惰行,0.1,70.0,70.0,49.34,0.0,-3.7,0.0,128.2,44.2,0.0,この先制限速度なし,この先目立った勾配なし,先行列車なし,後続列車なし,0.0,0.0,,0.0,0.0,0.0,-0.05
145.0,Train11,巡航フェーズ（駅間走行中）,ブレーキ（減速）中,1.0,惰行,7.0,70.0,70.0,71.28,70.0,1259.4,35.0,263.6,0.0,0.0,この先制限速度なし,269m先に上り勾配12.5‰あり,先行列車なし,後続列車なし,0.0,0.0,,0.0,70.0,0.0,-0.5
149.0,Train11,巡航フェーズ（駅間走行中）,惰行中,3.0,力行（加速）,4.0,70.0,70.0,69.84,70.0,649.7,31.0,253.4,0.0,0.0,この先制限速度なし,59m先に上り勾配6.1‰あり,先行列車なし,後続列車なし,0.0,0.0,,0.0,70.0,0.0,-0.5
133.0,Train11,巡航フェーズ（駅間走行中）,惰行中,4.0,力行（加速）,15.0,70.0,70.0,70.34,70.0,1338.7,47.0,256.9,0.0,0.0,この先制限速度なし,348m先に上り勾配12.5‰あり,先行列車なし,後続列車なし,0.0,0.0,,0.0,70.0,0.0,-0.5
222.1,Train11,次駅への減速フェーズ（駅手前400m以内）,ブレーキ（減速）中,2.2,力行（加速）,19.0,70.0,70.0,45.33,70.0,93.1,0.0,96.6,42.2,9.2,この先制限速度なし,この先目立った勾配なし,先行列車なし,後続列車なし,0.0,0.0,,0.0,70.0,0.0,-0.05
146.0,Train11,巡航フェーズ（駅間走行中）,惰行中,7.0,力行（加速）,7.0,70.0,70.0,71.03,70.0,1427.3,34.0,261.8,0.0,0.0,この先制限速度なし,437m先に上り勾配12.5‰あり,先行列車なし,後続列車なし,0.0,0.0,,0.0,70.0,0.0,-0.5
178.0,Train11,巡航フェーズ（駅間走行中）,ブレーキ（減速）中,1.0,力行（加速）,10.0,70.0,70.0,70.41,70.0,672.0,2.0,257.4,0.0,0.0,この先制限速度なし,81m先に上り勾配6.1‰あり,先行列車なし,後続列車なし,0.0,0.0,,0.0,70.0,0.0,-0.5
128.0,Train11,巡航フェーズ（駅間走行中）,ブレーキ（減速）中,6.0,力行（加速）,12.0,70.0,70.0,55.41,70.0,1076.5,52.0,161.1,0.0,0.0,この先制限速度なし,86m先に上り勾配12.5‰あり,先行列車なし,後続列車なし,0.0,0.0,,0.0,70.0,0.0,-0.5
147.0,Train11,巡航フェーズ（駅間走行中）,惰行中,3.0,力行（加速）,12.0,70.0,70.0,66.97,70.0,725.2,33.0,233.5,0.0,0.0,この先制限速度なし,135m先に上り勾配6.1‰あり,先行列車なし,後続列車なし,0.0,0.0,,0.0,70.0,0.0,-0.5
172.0,Train11,巡航フェーズ（駅間走行中）,ブレーキ（減速）中,4.0,惰行,31.0,70.0,70.0,60.83,70.0,819.3,8.0,165.9,0.0,12.5,この先制限速度なし,29m先で上り勾配12.5‰が終わり平坦になる,先行列車なし,後続列車なし,0.0,0.0,,0.0,70.0,0.0,-0.5
205.3,Train11,次駅への減速フェーズ（駅手前400m以内）,ブレーキ（減速）中,9.4,力行（加速）,58.0,70.0,70.0,60.87,70.0,69.4,0.0,172.6,25.4,9.2,この先制限速度なし,この先目立った勾配なし,先行列車なし,後続列車なし,0.0,0.0,,0.0,70.0,0.0,-0.05
232.5,Train11,次駅への減速フェーズ（駅手前400m以内）,ブレーキ（減速）中,1.1,惰行,0.1,70.0,70.0,67.35,70.0,64.4,0.0,210.5,52.6,9.2,この先制限速度なし,この先目立った勾配なし,先行列車なし,後続列車なし,0.0,0.0,,0.0,70.0,0.0,-0.05
195.0,Train11,次駅への減速フェーズ（駅手前400m以内）,惰行中,11.0,力行（加速）,17.0,70.0,70.0,65.68,70.0,397.7,0.0,208.0,16.0,6.1,この先制限速度なし,207m先に上り勾配9.2‰あり,先行列車なし,後続列車なし,0.0,0.0,,0.0,70.0,0.0,-0.5
148.0,Train11,巡航フェーズ（駅間走行中）,ブレーキ（減速）中,2.0,力行（加速）,19.0,70.0,70.0,58.28,70.0,1134.3,32.0,177.9,0.0,0.0,この先制限速度なし,144m先に上り勾配12.5‰あり,先行列車なし,後続列車なし,0.0,0.0,,0.0,70.0,0.0,-0.5
186.0,Train11,巡航フェーズ（駅間走行中）,ブレーキ（減速）中,1.0,力行（加速）,34.0,70.0,70.0,60.44,70.0,491.2,0.0,176.7,7.0,6.1,この先制限速度なし,301m先に上り勾配9.2‰あり,先行列車なし,後続列車なし,0.0,0.0,,0.0,70.0,0.0,-0.5
224.3,Train11,次駅への減速フェーズ（駅手前400m以内）,ブレーキ（減速）中,0.2,惰行,0.1,70.0,70.0,46.17,70.0,94.2,0.0,100.1,44.4,9.2,この先制限速度なし,この先目立った勾配なし,先行列車なし,後続列車なし,0.0,0.0,,0.0,70.0,0.0,-0.05
181.0,Train11,巡航フェーズ（駅間走行中）,ブレーキ（減速）中,1.0,力行（加速）,36.0,70.0,70.0,62.24,70.0,579.3,0.0,187.2,2.0,6.1,この先制限速度なし,389m先に上り勾配9.2‰あり,先行列車なし,後続列車なし,0.0,0.0,,0.0,70.0,0.0,-0.5
222.0,Train11,次駅への減速フェーズ（駅手前400m以内）,力行（加速）中,1.0,ブレーキ（減速）,1.0,70.0,70.0,64.74,70.0,195.4,0.0,202.2,43.0,6.1,この先制限速度なし,5m先に上り勾配9.2‰あり,先行列車なし,後続列車なし,0.0,0.0,,0.0,70.0,0.0,-0.5
237.0,Train11,次駅への減速フェーズ（駅手前400m以内）,ブレーキ（減速）中,3.0,惰行,2.0,70.0,70.0,47.04,70.0,199.7,0.0,107.9,58.0,6.1,この先制限速度なし,9m先に上り勾配9.2‰あり,先行列車なし,後続列車なし,0.0,0.0,,0.0,70.0,0.0,-0.5
159.0,Train11,巡航フェーズ（駅間走行中）,惰行中,3.0,力行（加速）,27.0,70.0,70.0,66.98,70.0,1147.7,21.0,233.5,0.0,0.0,この先制限速度なし,157m先に上り勾配12.5‰あり,先行列車なし,後続列車なし,0.0,0.0,,0.0,70.0,0.0,-0.5
107.0,Train11,巡航フェーズ（駅間走行中）,ブレーキ（減速）中,3.0,力行（加速）,60.0,70.0,70.0,63.75,70.0,1385.6,73.0,212.1,0.0,0.0,この先制限速度なし,395m先に上り勾配12.5‰あり,先行列車なし,後続列車なし,0.0,0.0,,0.0,70.0,0.0,-0.5
133.0,Train11,巡航フェーズ（駅間走行中）,惰行中,6.0,力行（加速）,27.0,70.0,70.0,66.2,70.0,1084.2,47.0,228.3,0.0,0.0,この先制限速度なし,94m先に上り勾配12.5‰あり,先行列車なし,後続列車なし,0.0,0.0,,0.0,70.0,0.0,-0.5
163.0,Train11,巡航フェーズ（駅間走行中）,惰行中,6.0,力行（加速）,19.0,70.0,70.0,66.28,70.0,1212.2,17.0,228.8,0.0,0.0,この先制限速度なし,222m先に上り勾配12.5‰あり,先行列車なし,後続列車なし,0.0,0.0,,0.0,70.0,0.0,-0.5
207.0,Train11,次駅への減速フェーズ（駅手前400m以内）,ブレーキ（減速）中,1.1,惰行,0.1,70.0,70.0,55.97,70.0,41.8,0.0,146.4,27.1,9.2,この先制限速度なし,この先目立った勾配なし,先行列車なし,後続列車なし,0.0,0.0,,0.0,70.0,0.0,-0.05
158.0,Train11,巡航フェーズ（駅間走行中）,ブレーキ（減速）中,5.0,力行（加速）,2.0,70.0,70.0,58.24,70.0,873.5,22.0,152.3,0.0,12.5,この先制限速度なし,83m先で上り勾配12.5‰が終わり平坦になる,先行列車なし,後続列車なし,0.0,0.0,,0.0,70.0,0.0,-0.5
124.0,Train11,巡航フェーズ（駅間走行中）,ブレーキ（減速）中,2.0,力行（加速）,20.0,70.0,70.0,59.33,70.0,1218.6,56.0,184.2,0.0,0.0,この先制限速度なし,228m先に上り勾配12.5‰あり,先行列車なし,後続列車なし,0.0,0.0,,0.0,70.0,0.0,-0.5
123.0,Train11,巡航フェーズ（駅間走行中）,ブレーキ（減速）中,1.0,惰行,13.0,70.0,70.0,70.57,70.0,1139.5,57.0,258.5,0.0,0.0,この先制限速度なし,149m先に上り勾配12.5‰あり,先行列車なし,後続列車なし,0.0,0.0,,0.0,70.0,0.0,-0.5
182.0,Train11,巡航フェーズ（駅間走行中）,惰行中,19.0,力行（加速）,20.0,70.0,70.0,69.1,70.0,950.8,0.0,213.0,3.0,12.5,この先制限速度なし,160m先で上り勾配12.5‰が終わり平坦になる,先行列車なし,後続列車なし,0.0,0.0,,0.0,70.0,0.0,-0.5
165.0,Train11,巡航フェーズ（駅間走行中）,力行（加速）中,16.0,惰行,6.0,70.0,70.0,65.06,70.0,456.1,15.0,204.1,0.0,6.1,この先制限速度なし,266m先に上り勾配9.2‰あり,先行列車なし,後続列車なし,0.0,0.0,,0.0,70.0,0.0,-0.5
188.0,Train11,次駅への減速フェーズ（駅手前400m以内）,惰行中,3.0,力行（加速）,5.0,70.0,70.0,69.29,70.0,326.1,0.0,230.9,9.0,6.1,この先制限速度なし,136m先に上り勾配9.2‰あり,先行列車なし,後続列車なし,0.0,0.0,,0.0,70.0,0.0,-0.5
121.0,Train11,巡航フェーズ（駅間走行中）,力行（加速）中,25.0,惰行,11.0,70.0,70.0,66.94,70.0,1223.9,59.0,233.2,0.0,0.0,この先制限速度なし,233m先に上り勾配12.5‰あり,先行列車なし,後続列車なし,0.0,0.0,,0.0,70.0,0.0,-0.5
135.0,Train11,巡航フェーズ（駅間走行中）,惰行中,6.0,力行（加速）,15.0,70.0,70.0,69.85,70.0,1299.7,45.0,253.4,0.0,0.0,この先制限速度なし,309m先に上り勾配12.5‰あり,先行列車なし,後続列車なし,0.0,0.0,,0.0,70.0,0.0,-0.5
125.0,Train11,巡航フェーズ（駅間走行中）,力行（加速）中,25.0,惰行,11.0,70.0,70.0,65.96,70.0,1232.5,55.0,226.7,0.0,0.0,この先制限速度なし,242m先に上り勾配12.5‰あり,先行列車なし,後続列車なし,0.0,0.0,,0.0,70.0,0.0,-0.5
180.0,Train11,巡航フェーズ（駅間走行中）,惰行中,17.0,力行（加速）,20.0,70.0,70.0,70.47,70.0,989.6,0.0,221.4,1.0,12.5,この先制限速度なし,199m先で上り勾配12.5‰が終わり平坦になる,先行列車なし,後続列車なし,0.0,0.0,,0.0,70.0,0.0,-0.5
163.0,Train11,巡航フェーズ（駅間走行中）,力行（加速）中,14.0,惰行,6.0,70.0,70.0,64.48,70.0,492.0,17.0,200.6,0.0,6.1,この先制限速度なし,302m先に上り勾配9.2‰あり,先行列車なし,後続列車なし,0.0,0.0,,0.0,70.0,0.0,-0.5
128.0,Train11,巡航フェーズ（駅間走行中）,惰行中,4.0,力行（加速）,6.0,70.0,70.0,68.89,70.0,1066.2,52.0,246.7,0.0,0.0,この先制限速度なし,76m先に上り勾配12.5‰あり,先行列車なし,後続列車なし,0.0,0.0,,0.0,70.0,0.0,-0.5
192.0,Train11,次駅への減速フェーズ（駅手前400m以内）,ブレーキ（減速）中,6.1,力行（加速）,39.0,70.0,70.0,46.44,70.0,99.4,0.0,101.3,12.1,9.2,この先制限速度なし,この先目立った勾配なし,先行列車なし,後続列車なし,0.0,0.0,,0.0,70.0,0.0,-0.05
106.0,Train11,巡航フェーズ（駅間走行中）,ブレーキ（減速）中,1.0,力行（加速）,38.0,70.0,70.0,69.14,70.0,1411.5,74.0,248.4,0.0,0.0,この先制限速度なし,421m先に上り勾配12.5‰あり,先行列車なし,後続列車なし,0.0,0.0,,0.0,70.0,0.0,-0.5
221.0,Train11,次駅への減速フェーズ（駅手前400m以内）,ブレーキ（減速）中,1.0,惰行,3.0,70.0,70.0,49.08,70.0,120.8,0.0,113.0,42.0,9.2,この先制限速度なし,この先目立った勾配なし,先行列車なし,後続列車なし,0.0,0.0,,0.0,70.0,0.0,-0.5
129.0,Train11,巡航フェーズ（駅間走行中）,惰行中,10.0,力行（加速）,6.0,70.0,70.0,65.85,70.0,1009.6,51.0,225.9,0.0,0.0,この先制限速度なし,19m先に上り勾配12.5‰あり,先行列車なし,後続列車なし,0.0,0.0,,0.0,70.0,0.0,-0.5
188.0,Train11,巡航フェーズ（駅間走行中）,力行（加速）中,15.0,惰行,14.0,70.0,70.0,66.15,70.0,569.7,0.0,210.9,9.0,6.1,この先制限速度なし,379m先に上り勾配9.2‰あり,先行列車なし,後続列車なし,0.0,0.0,,0.0,70.0,0.0,-0.5
154.0,Train11,巡航フェーズ（駅間走行中）,惰行中,15.0,力行（加速）,7.0,70.0,70.0,69.05,70.0,1271.7,26.0,247.8,0.0,0.0,この先制限速度なし,281m先に上り勾配12.5‰あり,先行列車なし,後続列車なし,0.0,0.0,,0.0,70.0,0.0,-0.5
159.0,Train11,巡航フェーズ（駅間走行中）,惰行中,13.0,力行（加速）,8.0,70.0,70.0,66.84,70.0,468.0,21.0,215.2,0.0,6.1,この先制限速度なし,278m先に上り勾配9.2‰あり,先行列車なし,後続列車なし,0.0,0.0,,0.0,70.0,0.0,-0.5
105.0,Train11,巡航フェーズ（駅間走行中）,ブレーキ（減速）中,1.0,力行（加速）,60.0,70.0,70.0,69.22,70.0,1422.5,75.0,249.0,0.0,0.0,この先制限速度なし,432m先に上り勾配12.5‰あり,先行列車なし,後続列車なし,0.0,0.0,,0.0,70.0,0.0,-0.5
202.0,Train11,巡航フェーズ（駅間走行中）,惰行中,8.0,力行（加速）,9.0,70.0,70.0,65.47,70.0,580.2,0.0,206.7,23.0,6.1,この先制限速度なし,390m先に上り勾配9.2‰あり,先行列車なし,後続列車なし,0.0,0.0,,0.0,70.0,0.0,-0.5
221.3,Train11,次駅への減速フェーズ（駅手前400m以内）,ブレーキ（減速）中,3.0,惰行,0.1,70.0,70.0,57.77,70.0,37.9,0.0,155.8,41.4,9.2,この先制限速度なし,この先目立った勾配なし,先行列車なし,後続列車なし,0.0,0.0,,0.0,70.0,0.0,-0.05
140.0,Train11,巡航フェーズ（駅間走行中）,ブレーキ（減速）中,3.0,力行（加速）,15.0,70.0,70.0,53.11,70.0,1640.6,40.0,162.8,0.0,-6.7,この先制限速度なし,0m先で下り勾配6.7‰が終わり平坦になる,先行列車なし,後続列車なし,0.0,0.0,,0.0,70.0,0.0,-0.5
143.0,Train11,巡航フェーズ（駅間走行中）,ブレーキ（減速）中,6.0,力行（加速）,15.0,70.0,70.0,45.09,70.0,1599.7,37.0,107.4,0.0,0.0,この先制限速度なし,この先目立った勾配なし,先行列車なし,後続列車なし,0.0,0.0,,0.0,70.0,0.0,-0.5
202.0,Train11,巡航フェーズ（駅間走行中）,力行（加速）中,18.0,惰行,24.0,70.0,70.0,66.86,70.0,431.5,0.0,215.3,23.0,6.1,この先制限速度なし,241m先に上り勾配9.2‰あり,先行列車なし,後続列車なし,0.0,0.0,,0.0,70.0,0.0,-0.5
155.0,Train11,巡航フェーズ（駅間走行中）,ブレーキ（減速）中,6.0,力行（加速）,60.0,70.0,70.0,55.63,70.0,1335.9,25.0,162.3,0.0,0.0,この先制限速度なし,345m先に上り勾配12.5‰あり,先行列車なし,後続列車なし,0.0,0.0,,0.0,70.0,0.0,-0.5
126.0,Train11,巡航フェーズ（駅間走行中）,惰行中,14.0,力行（加速）,19.0,70.0,70.0,64.45,70.0,1066.9,54.0,216.6,0.0,0.0,この先制限速度なし,76m先に上り勾配12.5‰あり,先行列車なし,後続列車なし,0.0,0.0,,0.0,70.0,0.0,-0.5
211.0,Train11,次駅への減速フェーズ（駅手前400m以内）,惰行中,12.0,力行（加速）,23.0,70.0,70.0,65.28,70.0,375.6,0.0,205.5,32.0,6.1,この先制限速度なし,185m先に上り勾配9.2‰あり,先行列車なし,後続列車なし,0.0,0.0,,0.0,70.0,0.0,-0.5
187.3,Train11,次駅への減速フェーズ（駅手前400m以内）,ブレーキ（減速）中,1.4,力行（加速）,1.0,70.0,70.0,67.64,70.0,69.5,0.0,212.2,7.4,9.2,この先制限速度なし,この先目立った勾配なし,先行列車なし,後続列車なし,0.0,0.0,,0.0,70.0,0.0,-0.05
156.0,Train11,巡航フェーズ（駅間走行中）,惰行中,12.0,力行（加速）,12.0,70.0,70.0,64.54,70.0,560.5,24.0,201.0,0.0,6.1,この先制限速度なし,370m先に上り勾配9.2‰あり,先行列車なし,後続列車なし,0.0,0.0,,0.0,70.0,0.0,-0.5
126.0,Train11,巡航フェーズ（駅間走行中）,ブレーキ（減速）中,1.0,力行（加速）,12.0,70.0,70.0,53.46,70.0,1468.8,54.0,150.2,0.0,0.0,この先制限速度なし,478m先に上り勾配12.5‰あり,先行列車なし,後続列車なし,0.0,0.0,,0.0,70.0,0.0,-0.5
216.0,Train11,巡航フェーズ（駅間走行中）,惰行中,1.0,力行（加速）,5.0,70.0,70.0,70.38,70.0,492.7,0.0,238.1,37.0,6.1,この先制限速度なし,302m先に上り勾配9.2‰あり,先行列車なし,後続列車なし,0.0,0.0,,0.0,70.0,0.0,-0.5
154.0,Train11,巡航フェーズ（駅間走行中）,惰行中,8.0,力行（加速）,4.0,70.0,70.0,68.21,70.0,553.6,26.0,223.9,0.0,6.1,この先制限速度なし,363m先に上り勾配9.2‰あり,先行列車なし,後続列車なし,0.0,0.0,,0.0,70.0,0.0,-0.5
177.0,Train11,巡航フェーズ（駅間走行中）,惰行中,14.0,力行（加速）,20.0,70.0,70.0,71.23,70.0,1048.6,3.0,263.3,0.0,0.0,この先制限速度なし,58m先に上り勾配12.5‰あり,先行列車なし,後続列車なし,0.0,0.0,,0.0,70.0,0.0,-0.5
174.0,Train11,巡航フェーズ（駅間走行中）,惰行中,11.0,力行（加速）,20.0,70.0,70.0,65.08,70.0,1104.5,6.0,220.8,0.0,0.0,この先制限速度なし,114m先に上り勾配12.5‰あり,先行列車なし,後続列車なし,0.0,0.0,,0.0,70.0,0.0,-0.5
169.0,Train11,次駅への減速フェーズ（駅手前400m以内）,惰行中,7.0,力行（加速）,4.0,70.0,70.0,68.26,70.0,327.3,11.0,224.3,0.0,6.1,この先制限速度なし,137m先に上り勾配9.2‰あり,先行列車なし,後続列車なし,0.0,0.0,,0.0,70.0,0.0,-0.5
223.8,Train11,次駅への減速フェーズ（駅手前400m以内）,ブレーキ（減速）中,5.5,惰行,0.1,70.0,70.0,50.24,70.0,0.4,0.0,118.3,43.9,9.2,この先制限速度なし,この先目立った勾配なし,先行列車なし,後続列車なし,0.0,0.0,,0.0,70.0,0.0,-0.05
224.0,Train11,次駅への減速フェーズ（駅手前400m以内）,ブレーキ（減速）中,1.0,力行（加速）,23.0,70.0,70.0,65.7,70.0,272.5,0.0,208.1,45.0,6.1,この先制限速度なし,82m先に上り勾配9.2‰あり,先行列車なし,後続列車なし,0.0,0.0,,0.0,70.0,0.0,-0.5
139.0,Train11,巡航フェーズ（駅間走行中）,ブレーキ（減速）中,2.0,力行（加速）,15.0,70.0,70.0,55.56,70.0,1655.7,41.0,177.9,0.0,-6.7,この先制限速度なし,15m先で下り勾配6.7‰が終わり平坦になる,先行列車なし,後続列車なし,0.0,0.0,,0.0,70.0,0.0,-0.5
223.3,Train11,次駅への減速フェーズ（駅手前400m以内）,ブレーキ（減速）中,5.0,惰行,0.1,70.0,70.0,51.74,70.0,7.5,0.0,125.4,43.4,9.2,この先制限速度なし,この先目立った勾配なし,先行列車なし,後続列車なし,0.0,0.0,,0.0,70.0,0.0,-0.05
209.0,Train11,次駅への減速フェーズ（駅手前400m以内）,ブレーキ（減速）中,1.0,力行（加速）,47.0,70.0,70.0,70.32,70.0,367.7,0.0,237.6,30.0,6.1,この先制限速度なし,177m先に上り勾配9.2‰あり,先行列車なし,後続列車なし,0.0,0.0,,0.0,70.0,0.0,-0.5
171.0,Train11,次駅への減速フェーズ（駅手前400m以内）,惰行中,9.0,力行（加速）,4.0,70.0,70.0,67.35,70.0,289.7,9.0,218.5,0.0,6.1,この先制限速度なし,99m先に上り勾配9.2‰あり,先行列車なし,後続列車なし,0.0,0.0,,0.0,70.0,0.0,-0.5
189.0,Train11,巡航フェーズ（駅間走行中）,ブレーキ（減速）中,4.0,力行（加速）,34.0,70.0,70.0,51.7,70.0,444.5,0.0,130.0,10.0,6.1,この先制限速度なし,254m先に上り勾配9.2‰あり,先行列車なし,後続列車なし,0.0,0.0,,0.0,70.0,0.0,-0.5
184.0,Train11,巡航フェーズ（駅間走行中）,ブレーキ（減速）中,4.0,力行（加速）,36.0,70.0,70.0,53.49,70.0,531.1,0.0,139.0,5.0,6.1,この先制限速度なし,341m先に上り勾配9.2‰あり,先行列車なし,後続列車なし,0.0,0.0,,0.0,70.0,0.0,-0.5
138.0,Train11,巡航フェーズ（駅間走行中）,惰行中,1.0,力行（加速）,26.0,70.0,70.0,70.86,70.0,1196.4,42.0,260.6,0.0,0.0,この先制限速度なし,206m先に上り勾配12.5‰あり,先行列車なし,後続列車なし,0.0,0.0,,0.0,70.0,0.0,-0.5
217.0,Train11,次駅への減速フェーズ（駅手前400m以内）,ブレーキ（減速）中,2.0,惰行,33.0,70.0,70.0,70.64,70.0,114.6,0.0,231.0,38.0,9.2,この先制限速度なし,この先目立った勾配なし,先行列車なし,後続列車なし,0.0,0.0,,0.0,70.0,0.0,-0.5
176.0,Train11,巡航フェーズ（駅間走行中）,ブレーキ（減速）中,8.0,惰行,31.0,70.0,70.0,49.25,70.0,758.4,4.0,127.8,0.0,0.0,この先制限速度なし,168m先に上り勾配6.1‰あり,先行列車なし,後続列車なし,0.0,0.0,,0.0,70.0,0.0,-0.5
156.0,Train11,巡航フェーズ（駅間走行中）,ブレーキ（減速）中,3.0,力行（加速）,37.0,70.0,70.0,63.68,70.0,1334.6,24.0,211.6,0.0,0.0,この先制限速度なし,344m先に上り勾配12.5‰あり,先行列車なし,後続列車なし,0.0,0.0,,0.0,70.0,0.0,-0.5
177.0,Train11,巡航フェーズ（駅間走行中）,惰行中,9.0,力行（加速）,11.0,70.0,70.0,66.29,70.0,732.1,3.0,228.8,0.0,0.0,この先制限速度なし,142m先に上り勾配6.1‰あり,先行列車なし,後続列車なし,0.0,0.0,,0.0,70.0,0.0,-0.5
146.0,Train11,巡航フェーズ（駅間走行中）,ブレーキ（減速）中,8.0,惰行,1.0,70.0,70.0,50.22,70.0,1258.1,34.0,132.8,0.0,0.0,この先制限速度なし,268m先に上り勾配12.5‰あり,先行列車なし,後続列車なし,0.0,0.0,,0.0,70.0,0.0,-0.5
189.0,Train11,巡航フェーズ（駅間走行中）,惰行中,26.0,力行（加速）,20.0,70.0,70.0,64.37,70.0,821.1,0.0,185.4,10.0,12.5,この先制限速度なし,31m先で上り勾配12.5‰が終わり平坦になる,先行列車なし,後続列車なし,0.0,0.0,,0.0,70.0,0.0,-0.5
172.0,Train11,巡航フェーズ（駅間走行中）,ブレーキ（減速）中,3.0,惰行,53.0,70.0,70.0,64.79,70.0,558.9,8.0,202.5,0.0,6.1,この先制限速度なし,368m先に上り勾配9.2‰あり,先行列車なし,後続列車なし,0.0,0.0,,0.0,70.0,0.0,-0.5
147.0,Train11,巡航フェーズ（駅間走行中）,惰行中,5.0,力行（加速）,19.0,70.0,70.0,66.52,70.0,1230.6,33.0,230.4,0.0,0.0,この先制限速度なし,240m先に上り勾配12.5‰あり,先行列車なし,後続列車なし,0.0,0.0,,0.0,70.0,0.0,-0.5
202.0,Train11,次駅への減速フェーズ（駅手前400m以内）,ブレーキ（減速）中,2.0,惰行,15.0,70.0,70.0,68.21,70.0,392.1,0.0,223.9,23.0,6.1,この先制限速度なし,202m先に上り勾配9.2‰あり,先行列車なし,後続列車なし,0.0,0.0,,0.0,70.0,0.0,-0.5
130.0,Train11,巡航フェーズ（駅間走行中）,惰行中,16.0,力行（加速）,18.0,70.0,70.0,67.26,70.0,1040.5,50.0,235.4,0.0,0.0,この先制限速度なし,50m先に上り勾配12.5‰あり,先行列車なし,後続列車なし,0.0,0.0,,0.0,70.0,0.0,-0.5
168.0,Train11,巡航フェーズ（駅間走行中）,ブレーキ（減速）中,15.0,力行（加速）,41.0,70.0,70.0,49.21,70.0,1147.1,12.0,127.6,0.0,0.0,この先制限速度なし,157m先に上り勾配12.5‰あり,先行列車なし,後続列車なし,0.0,0.0,,0.0,70.0,0.0,-0.5
208.0,Train11,次駅への減速フェーズ（駅手前400m以内）,ブレーキ（減速）中,2.1,惰行,0.1,70.0,70.0,52.95,70.0,26.7,0.0,131.2,28.1,9.2,この先制限速度なし,この先目立った勾配なし,先行列車なし,後続列車なし,0.0,0.0,,0.0,70.0,0.0,-0.05
153.0,Train11,巡航フェーズ（駅間走行中）,惰行中,9.0,力行（加速）,12.0,70.0,70.0,65.58,70.0,614.8,27.0,224.1,0.0,0.0,この先制限速度なし,24m先に上り勾配6.1‰あり,先行列車なし,後続列車なし,0.0,0.0,,0.0,70.0,0.0,-0.5
180.0,Train11,巡航フェーズ（駅間走行中）,惰行中,3.0,力行（加速）,11.0,70.0,70.0,69.49,70.0,461.5,0.0,232.2,1.0,6.1,この先制限速度なし,271m先に上り勾配9.2‰あり,先行列車なし,後続列車なし,0.0,0.0,,0.0,70.0,0.0,-0.5
198.0,Train11,巡航フェーズ（駅間走行中）,惰行中,4.0,力行（加速）,9.0,70.0,70.0,66.51,70.0,653.5,0.0,230.4,19.0,0.0,この先制限速度なし,63m先に上り勾配6.1‰あり,先行列車なし,後続列車なし,0.0,0.0,,0.0,70.0,0.0,-0.5
172.0,Train11,巡航フェーズ（駅間走行中）,ブレーキ（減速）中,2.0,力行（加速）,3.0,70.0,70.0,67.89,70.0,486.1,8.0,221.9,0.0,6.1,この先制限速度なし,296m先に上り勾配9.2‰あり,先行列車なし,後続列車なし,0.0,0.0,,0.0,70.0,0.0,-0.5
217.0,Train11,次駅への減速フェーズ（駅手前400m以内）,力行（加速）中,5.0,惰行,1.0,70.0,70.0,68.13,70.0,289.6,0.0,223.4,38.0,6.1,この先制限速度なし,99m先に上り勾配9.2‰あり,先行列車なし,後続列車なし,0.0,0.0,,0.0,70.0,0.0,-0.5
162.0,Train11,巡航フェーズ（駅間走行中）,惰行中,6.0,力行（加速）,27.0,70.0,70.0,66.28,70.0,1092.2,18.0,228.8,0.0,0.0,この先制限速度なし,102m先に上り勾配12.5‰あり,先行列車なし,後続列車なし,0.0,0.0,,0.0,70.0,0.0,-0.5
209.8,Train11,次駅への減速フェーズ（駅手前400m以内）,ブレーキ（減速）中,0.9,力行（加速）,0.1,70.0,70.0,47.89,70.0,1.5,0.0,107.6,29.9,9.2,この先制限速度なし,この先目立った勾配なし,先行列車なし,後続列車なし,0.0,0.0,,0.0,70.0,0.0,-0.05
196.0,Train11,巡航フェーズ（駅間走行中）,ブレーキ（減速）中,4.0,惰行,12.0,70.0,70.0,61.53,70.0,511.6,0.0,183.0,17.0,6.1,この先制限速度なし,321m先に上り勾配9.2‰あり,先行列車なし,後続列車なし,0.0,0.0,,0.0,70.0,0.0,-0.5
129.0,Train11,巡航フェーズ（駅間走行中）,ブレーキ（減速）中,1.0,力行（加速）,37.0,70.0,70.0,69.38,70.0,1298.1,51.0,250.1,0.0,0.0,この先制限速度なし,308m先に上り勾配12.5‰あり,先行列車なし,後続列車なし,0.0,0.0,,0.0,70.0,0.0,-0.5
185.0,Train11,巡航フェーズ（駅間走行中）,力行（加速）中,2.0,惰行,7.0,70.0,70.0,69.93,70.0,633.8,0.0,254.0,6.0,0.0,この先制限速度なし,43m先に上り勾配6.1‰あり,先行列車なし,後続列車なし,0.0,0.0,,0.0,70.0,0.0,-0.5
175.0,Train11,巡航フェーズ（駅間走行中）,惰行中,6.0,力行（加速）,6.0,70.0,70.0,67.31,70.0,419.1,5.0,218.2,0.0,6.1,この先制限速度なし,229m先に上り勾配9.2‰あり,先行列車なし,後続列車なし,0.0,0.0,,0.0,70.0,0.0,-0.5
182.0,Train11,巡航フェーズ（駅間走行中）,惰行中,4.0,力行（加速）,7.0,70.0,70.0,66.5,70.0,633.8,0.0,230.3,3.0,0.0,この先制限速度なし,43m先に上り勾配6.1‰あり,先行列車なし,後続列車なし,0.0,0.0,,0.0,70.0,0.0,-0.5
160.0,Train11,巡航フェーズ（駅間走行中）,ブレーキ（減速）中,8.0,力行（加速）,37.0,70.0,70.0,48.73,70.0,1123.1,20.0,125.1,0.0,0.0,この先制限速度なし,133m先に上り勾配12.5‰あり,先行列車なし,後続列車なし,0.0,0.0,,0.0,70.0,0.0,-0.5
195.0,Train11,巡航フェーズ（駅間走行中）,力行（加速）中,11.0,惰行,24.0,70.0,70.0,64.97,70.0,559.7,0.0,203.6,16.0,6.1,この先制限速度なし,369m先に上り勾配9.2‰あり,先行列車なし,後続列車なし,0.0,0.0,,0.0,70.0,0.0,-0.5
214.0,Train11,次駅への減速フェーズ（駅手前400m以内）,ブレーキ（減速）中,3.0,力行（加速）,16.0,70.0,70.0,47.43,70.0,106.0,0.0,105.6,35.0,9.2,この先制限速度なし,この先目立った勾配なし,先行列車なし,後続列車なし,0.0,0.0,,0.0,70.0,0.0,-0.5
172.0,Train11,巡航フェーズ（駅間走行中）,惰行中,4.0,力行（加速）,11.0,70.0,70.0,68.29,70.0,825.2,8.0,208.2,0.0,12.5,この先制限速度なし,35m先で上り勾配12.5‰が終わり平坦になる,先行列車なし,後続列車なし,0.0,0.0,,0.0,70.0,0.0,-0.5
182.0,Train11,巡航フェーズ（駅間走行中）,惰行中,9.0,力行（加速）,11.0,70.0,70.0,64.51,70.0,985.3,0.0,186.2,3.0,12.5,この先制限速度なし,195m先で上り勾配12.5‰が終わり平坦になる,先行列車なし,後続列車なし,0.0,0.0,,0.0,70.0,0.0,-0.5
131.0,Train11,巡航フェーズ（駅間走行中）,惰行中,4.0,力行（加速）,27.0,70.0,70.0,66.67,70.0,1121.1,49.0,231.4,0.0,0.0,この先制限速度なし,131m先に上り勾配12.5‰あり,先行列車なし,後続列車なし,0.0,0.0,,0.0,70.0,0.0,-0.5
145.0,Train11,巡航フェーズ（駅間走行中）,ブレーキ（減速）中,8.0,力行（加速）,2.0,70.0,70.0,51.85,70.0,1041.9,35.0,141.4,0.0,0.0,この先制限速度なし,51m先に上り勾配12.5‰あり,先行列車なし,後続列車なし,0.0,0.0,,0.0,70.0,0.0,-0.5
111.0,Train11,巡航フェーズ（駅間走行中）,力行（加速）中,18.0,惰行,9.0,70.0,70.0,66.53,70.0,1342.3,69.0,230.5,0.0,0.0,この先制限速度なし,352m先に上り勾配12.5‰あり,先行列車なし,後続列車なし,0.0,0.0,,0.0,70.0,0.0,-0.5
143.0,Train11,巡航フェーズ（駅間走行中）,ブレーキ（減速）中,2.0,力行（加速）,52.0,70.0,70.0,62.81,70.0,1554.5,37.0,206.0,0.0,0.0,この先制限速度なし,この先目立った勾配なし,先行列車なし,後続列車なし,0.0,0.0,,0.0,70.0,0.0,-0.5
167.0,Train11,巡航フェーズ（駅間走行中）,惰行中,10.0,力行（加速）,19.0,70.0,70.0,64.45,70.0,960.8,13.0,185.8,0.0,12.5,この先制限速度なし,170m先で上り勾配12.5‰が終わり平坦になる,先行列車なし,後続列車なし,0.0,0.0,,0.0,70.0,0.0,-0.5
190.0,Train11,巡航フェーズ（駅間走行中）,力行（加速）中,5.0,惰行,7.0,70.0,70.0,65.07,70.0,801.0,0.0,189.4,11.0,12.5,この先制限速度なし,10m先で上り勾配12.5‰が終わり平坦になる,先行列車なし,後続列車なし,0.0,0.0,,0.0,70.0,0.0,-0.5
145.0,Train11,巡航フェーズ（駅間走行中）,惰行中,3.0,力行（加速）,19.0,70.0,70.0,66.99,70.0,1267.7,35.0,233.6,0.0,0.0,この先制限速度なし,277m先に上り勾配12.5‰あり,先行列車なし,後続列車なし,0.0,0.0,,0.0,70.0,0.0,-0.5
171.0,Train11,巡航フェーズ（駅間走行中）,ブレーキ（減速）中,3.0,惰行,31.0,70.0,70.0,63.99,70.0,836.6,9.0,183.3,0.0,12.5,この先制限速度なし,46m先で上り勾配12.5‰が終わり平坦になる,先行列車なし,後続列車なし,0.0,0.0,,0.0,70.0,0.0,-0.5
154.0,Train11,巡航フェーズ（駅間走行中）,惰行中,20.0,力行（加速）,6.0,70.0,70.0,70.91,70.0,820.7,26.0,224.0,0.0,12.5,この先制限速度なし,30m先で上り勾配12.5‰が終わり平坦になる,先行列車なし,後続列車なし,0.0,0.0,,0.0,70.0,0.0,-0.5
125.0,Train11,巡航フェーズ（駅間走行中）,惰行中,3.0,力行（加速）,22.0,70.0,70.0,70.07,70.0,1233.2,55.0,255.0,0.0,0.0,この先制限速度なし,243m先に上り勾配12.5‰あり,先行列車なし,後続列車なし,0.0,0.0,,0.0,70.0,0.0,-0.5
186.0,Train11,次駅への減速フェーズ（駅手前400m以内）,ブレーキ（減速）中,1.0,力行（加速）,38.0,70.0,70.0,63.35,70.0,192.7,0.0,193.8,7.0,6.1,この先制限速度なし,2m先に上り勾配9.2‰あり,先行列車なし,後続列車なし,0.0,0.0,,0.0,70.0,0.0,-0.5
138.0,Train11,巡航フェーズ（駅間走行中）,ブレーキ（減速）中,4.0,力行（加速）,60.0,70.0,70.0,61.04,70.0,1368.3,42.0,194.8,0.0,0.0,この先制限速度なし,378m先に上り勾配12.5‰あり,先行列車なし,後続列車なし,0.0,0.0,,0.0,70.0,0.0,-0.5
137.0,Train11,巡航フェーズ（駅間走行中）,ブレーキ（減速）中,3.0,力行（加速）,60.0,70.0,70.0,63.75,70.0,1385.6,43.0,212.1,0.0,0.0,この先制限速度なし,395m先に上り勾配12.5‰あり,先行列車なし,後続列車なし,0.0,0.0,,0.0,70.0,0.0,-0.5
160.0,Train11,巡航フェーズ（駅間走行中）,ブレーキ（減速）中,7.0,力行（加速）,41.0,70.0,70.0,70.9,70.0,1280.4,20.0,260.9,0.0,0.0,この先制限速度なし,290m先に上り勾配12.5‰あり,先行列車なし,後続列車なし,0.0,0.0,,0.0,70.0,0.0,-0.5
113.0,Train11,巡航フェーズ（駅間走行中）,惰行中,4.0,力行（加速）,16.0,70.0,70.0,65.36,70.0,1305.9,67.0,222.6,0.0,0.0,この先制限速度なし,315m先に上り勾配12.5‰あり,先行列車なし,後続列車なし,0.0,0.0,,0.0,70.0,0.0,-0.5
147.0,Train11,巡航フェーズ（駅間走行中）,ブレーキ（減速）中,1.0,力行（加速）,57.0,70.0,70.0,67.89,70.0,1479.7,33.0,239.8,0.0,0.0,この先制限速度なし,489m先に上り勾配12.5‰あり,先行列車なし,後続列車なし,0.0,0.0,,0.0,70.0,0.0,-0.5
129.0,Train11,巡航フェーズ（駅間走行中）,力行（加速）中,1.0,惰行,1.0,70.0,70.0,67.22,70.0,1286.3,51.0,235.2,0.0,0.0,この先制限速度なし,296m先に上り勾配12.5‰あり,先行列車なし,後続列車なし,0.0,0.0,,0.0,70.0,0.0,-0.5
165.0,Train11,巡航フェーズ（駅間走行中）,力行（加速）中,6.0,惰行,5.0,70.0,70.0,69.72,70.0,424.9,15.0,233.7,0.0,6.1,この先制限速度なし,234m先に上り勾配9.2‰あり,先行列車なし,後続列車なし,0.0,0.0,,0.0,70.0,0.0,-0.5
167.0,Train11,次駅への減速フェーズ（駅手前400m以内）,力行（加速）中,13.0,惰行,45.0,70.0,70.0,64.02,70.0,355.9,13.0,197.8,0.0,6.1,この先制限速度なし,165m先に上り勾配9.2‰あり,先行列車なし,後続列車なし,0.0,0.0,,0.0,70.0,0.0,-0.5
202.0,Train11,次駅への減速フェーズ（駅手前400m以内）,惰行中,11.0,力行（加速）,18.0,70.0,70.0,70.7,70.0,313.0,0.0,240.2,23.0,6.1,この先制限速度なし,122m先に上り勾配9.2‰あり,先行列車なし,後続列車なし,0.0,0.0,,0.0,70.0,0.0,-0.5
154.0,Train11,巡航フェーズ（駅間走行中）,ブレーキ（減速）中,3.0,力行（加速）,1.0,70.0,70.0,50.95,70.0,919.5,26.0,117.1,0.0,12.5,この先制限速度なし,129m先で上り勾配12.5‰が終わり平坦になる,先行列車なし,後続列車なし,0.0,0.0,,0.0,70.0,0.0,-0.5
140.0,Train11,巡航フェーズ（駅間走行中）,惰行中,13.0,力行（加速）,19.0,70.0,70.0,64.68,70.0,1084.9,40.0,218.1,0.0,0.0,この先制限速度なし,94m先に上り勾配12.5‰あり,先行列車なし,後続列車なし,0.0,0.0,,0.0,70.0,0.0,-0.5
132.0,Train11,巡航フェーズ（駅間走行中）,惰行中,3.0,力行（加速）,15.0,70.0,70.0,70.59,70.0,1358.3,48.0,258.7,0.0,0.0,この先制限速度なし,368m先に上り勾配12.5‰あり,先行列車なし,後続列車なし,0.0,0.0,,0.0,70.0,0.0,-0.5
128.0,Train11,巡航フェーズ（駅間走行中）,ブレーキ（減速）中,2.0,力行（加速）,37.0,70.0,70.0,51.91,70.0,1809.5,52.0,145.8,0.0,-2.1,この先制限速度なし,19m先に下り勾配6.7‰あり,先行列車なし,後続列車なし,0.0,0.0,,0.0,70.0,0.0,-0.5
147.0,Train11,巡航フェーズ（駅間走行中）,ブレーキ（減速）中,10.0,力行（加速）,49.0,70.0,70.0,45.04,70.0,1250.0,33.0,107.1,0.0,0.0,この先制限速度なし,260m先に上り勾配12.5‰あり,先行列車なし,後続列車なし,0.0,0.0,,0.0,70.0,0.0,-0.5
232.0,Train11,次駅への減速フェーズ（駅手前400m以内）,ブレーキ（減速）中,1.0,力行（加速）,13.0,70.0,70.0,64.18,70.0,191.9,0.0,198.8,53.0,6.1,この先制限速度なし,1m先に上り勾配9.2‰あり,先行列車なし,後続列車なし,0.0,0.0,,0.0,70.0,0.0,-0.5
163.0,Train11,巡航フェーズ（駅間走行中）,ブレーキ（減速）中,3.0,惰行,29.0,70.0,70.0,64.96,70.0,960.7,17.0,188.8,0.0,12.5,この先制限速度なし,170m先で上り勾配12.5‰が終わり平坦になる,先行列車なし,後続列車なし,0.0,0.0,,0.0,70.0,0.0,-0.5
133.0,Train11,巡航フェーズ（駅間走行中）,力行（加速）中,1.0,惰行,18.0,70.0,70.0,66.43,70.0,984.8,47.0,197.2,0.0,12.5,この先制限速度なし,194m先で上り勾配12.5‰が終わり平坦になる,先行列車なし,後続列車なし,0.0,0.0,,0.0,70.0,0.0,-0.5
142.0,Train11,巡航フェーズ（駅間走行中）,ブレーキ（減速）中,8.0,力行（加速）,60.0,70.0,70.0,50.25,70.0,1306.5,38.0,132.9,0.0,0.0,この先制限速度なし,316m先に上り勾配12.5‰あり,先行列車なし,後続列車なし,0.0,0.0,,0.0,70.0,0.0,-0.5
210.0,Train11,巡航フェーズ（駅間走行中）,惰行中,4.0,力行（加速）,24.0,70.0,70.0,66.74,70.0,604.3,0.0,231.9,31.0,0.0,この先制限速度なし,14m先に上り勾配6.1‰あり,先行列車なし,後続列車なし,0.0,0.0,,0.0,70.0,0.0,-0.5
231.0,Train11,次駅への減速フェーズ（駅手前400m以内）,ブレーキ（減速）中,8.0,力行（加速）,23.0,70.0,70.0,45.12,70.0,164.7,0.0,95.7,52.0,9.2,この先制限速度なし,この先目立った勾配なし,先行列車なし,後続列車なし,0.0,0.0,,0.0,70.0,0.0,-0.5
154.0,Train11,巡航フェーズ（駅間走行中）,惰行中,25.0,力行（加速）,15.0,70.0,70.0,64.21,70.0,943.6,26.0,184.5,0.0,12.5,この先制限速度なし,153m先で上り勾配12.5‰が終わり平坦になる,先行列車なし,後続列車なし,0.0,0.0,,0.0,70.0,0.0,-0.5
183.0,Train11,巡航フェーズ（駅間走行中）,惰行中,5.0,力行（加速）,30.0,70.0,70.0,66.19,70.0,1064.7,0.0,228.2,4.0,0.0,この先制限速度なし,74m先に上り勾配12.5‰あり,先行列車なし,後続列車なし,0.0,0.0,,0.0,70.0,0.0,-0.5
106.0,Train11,巡航フェーズ（駅間走行中）,ブレーキ（減速）中,2.0,力行（加速）,60.0,70.0,70.0,66.48,70.0,1403.7,74.0,230.2,0.0,0.0,この先制限速度なし,413m先に上り勾配12.5‰あり,先行列車なし,後続列車なし,0.0,0.0,,0.0,70.0,0.0,-0.5
177.0,Train11,巡航フェーズ（駅間走行中）,惰行中,1.0,力行（加速）,2.0,70.0,70.0,70.26,70.0,623.7,3.0,256.4,0.0,0.0,この先制限速度なし,33m先に上り勾配6.1‰あり,先行列車なし,後続列車なし,0.0,0.0,,0.0,70.0,0.0,-0.5
160.0,Train11,巡航フェーズ（駅間走行中）,ブレーキ（減速）中,7.0,力行（加速）,37.0,70.0,70.0,52.86,70.0,1269.9,20.0,146.9,0.0,0.0,この先制限速度なし,279m先に上り勾配12.5‰あり,先行列車なし,後続列車なし,0.0,0.0,,0.0,70.0,0.0,-0.5
146.0,Train11,巡航フェーズ（駅間走行中）,ブレーキ（減速）中,6.0,力行（加速）,32.0,70.0,70.0,46.6,70.0,820.7,34.0,98.1,0.0,12.5,この先制限速度なし,30m先で上り勾配12.5‰が終わり平坦になる,先行列車なし,後続列車なし,0.0,0.0,,0.0,70.0,0.0,-0.5
211.0,Train11,次駅への減速フェーズ（駅手前400m以内）,惰行中,17.0,力行（加速）,24.0,70.0,70.0,69.24,70.0,376.2,0.0,230.6,32.0,6.1,この先制限速度なし,186m先に上り勾配9.2‰あり,先行列車なし,後続列車なし,0.0,0.0,,0.0,70.0,0.0,-0.5
155.0,Train11,巡航フェーズ（駅間走行中）,惰行中,3.0,力行（加速）,14.0,70.0,70.0,64.61,70.0,1361.1,25.0,217.7,0.0,0.0,この先制限速度なし,371m先に上り勾配12.5‰あり,先行列車なし,後続列車なし,0.0,0.0,,0.0,70.0,0.0,-0.5
219.0,Train11,巡航フェーズ（駅間走行中）,惰行中,4.0,力行（加速）,5.0,70.0,70.0,69.0,70.0,434.6,0.0,229.0,40.0,6.1,この先制限速度なし,244m先に上り勾配9.2‰あり,先行列車なし,後続列車なし,0.0,0.0,,0.0,70.0,0.0,-0.5
194.0,Train11,巡航フェーズ（駅間走行中）,ブレーキ（減速）中,2.0,惰行,12.0,70.0,70.0,67.41,70.0,547.4,0.0,218.9,15.0,6.1,この先制限速度なし,357m先に上り勾配9.2‰あり,先行列車なし,後続列車なし,0.0,0.0,,0.0,70.0,0.0,-0.5
126.0,Train11,巡航フェーズ（駅間走行中）,力行（加速）中,18.0,惰行,9.0,70.0,70.0,66.53,70.0,1342.3,54.0,230.5,0.0,0.0,この先制限速度なし,352m先に上り勾配12.5‰あり,先行列車なし,後続列車なし,0.0,0.0,,0.0,70.0,0.0,-0.5
143.0,Train11,巡航フェーズ（駅間走行中）,ブレーキ（減速）中,6.0,力行（加速）,2.0,70.0,70.0,57.23,70.0,1072.2,37.0,171.7,0.0,0.0,この先制限速度なし,82m先に上り勾配12.5‰あり,先行列車なし,後続列車なし,0.0,0.0,,0.0,70.0,0.0,-0.5
194.0,Train11,巡航フェーズ（駅間走行中）,惰行中,3.0,力行（加速）,18.0,70.0,70.0,66.28,70.0,458.5,0.0,211.7,15.0,6.1,この先制限速度なし,268m先に上り勾配9.2‰あり,先行列車なし,後続列車なし,0.0,0.0,,0.0,70.0,0.0,-0.5
124.0,Train11,巡航フェーズ（駅間走行中）,惰行中,10.0,力行（加速）,18.0,70.0,70.0,68.69,70.0,1153.8,56.0,245.3,0.0,0.0,この先制限速度なし,163m先に上り勾配12.5‰あり,先行列車なし,後続列車なし,0.0,0.0,,0.0,70.0,0.0,-0.5
232.9,Train11,次駅への減速フェーズ（駅手前400m以内）,ブレーキ（減速）中,1.5,惰行,0.1,70.0,70.0,66.13,70.0,57.0,0.0,203.1,53.0,9.2,この先制限速度なし,この先目立った勾配なし,先行列車なし,後続列車なし,0.0,0.0,,0.0,70.0,0.0,-0.05
132.0,Train11,巡航フェーズ（駅間走行中）,力行（加速）中,19.0,惰行,6.0,70.0,70.0,65.9,70.0,1321.7,48.0,226.2,0.0,0.0,この先制限速度なし,331m先に上り勾配12.5‰あり,先行列車なし,後続列車なし,0.0,0.0,,0.0,70.0,0.0,-0.5
174.0,Train11,巡航フェーズ（駅間走行中）,力行（加速）中,3.0,惰行,18.0,70.0,70.0,64.78,70.0,781.2,6.0,218.8,0.0,0.0,この先制限速度なし,191m先に上り勾配6.1‰あり,先行列車なし,後続列車なし,0.0,0.0,,0.0,70.0,0.0,-0.5
159.0,Train11,巡航フェーズ（駅間走行中）,力行（加速）中,11.0,惰行,26.0,70.0,70.0,64.96,70.0,619.8,21.0,220.0,0.0,0.0,この先制限速度なし,29m先に上り勾配6.1‰あり,先行列車なし,後続列車なし,0.0,0.0,,0.0,70.0,0.0,-0.5
139.0,Train11,巡航フェーズ（駅間走行中）,惰行中,1.0,力行（加速）,3.0,70.0,70.0,70.77,70.0,843.0,41.0,223.2,0.0,12.5,この先制限速度なし,52m先で上り勾配12.5‰が終わり平坦になる,先行列車なし,後続列車なし,0.0,0.0,,0.0,70.0,0.0,-0.5
173.0,Train11,巡航フェーズ（駅間走行中）,ブレーキ（減速）中,4.0,力行（加速）,28.0,70.0,70.0,58.44,70.0,1074.6,7.0,178.9,0.0,0.0,この先制限速度なし,84m先に上り勾配12.5‰あり,先行列車なし,後続列車なし,0.0,0.0,,0.0,70.0,0.0,-0.5
129.0,Train11,巡航フェーズ（駅間走行中）,惰行中,5.0,力行（加速）,6.0,70.0,70.0,68.64,70.0,1047.1,51.0,245.0,0.0,0.0,この先制限速度なし,57m先に上り勾配12.5‰あり,先行列車なし,後続列車なし,0.0,0.0,,0.0,70.0,0.0,-0.5
211.0,Train11,巡航フェーズ（駅間走行中）,力行（加速）中,1.0,惰行,4.0,70.0,70.0,66.45,70.0,585.8,0.0,212.8,32.0,6.1,この先制限速度なし,395m先に上り勾配9.2‰あり,先行列車なし,後続列車なし,0.0,0.0,,0.0,70.0,0.0,-0.5
127.0,Train11,巡航フェーズ（駅間走行中）,ブレーキ（減速）中,5.0,惰行,13.0,70.0,70.0,59.65,70.0,1067.2,53.0,186.2,0.0,0.0,この先制限速度なし,77m先に上り勾配12.5‰あり,先行列車なし,後続列車なし,0.0,0.0,,0.0,70.0,0.0,-0.5
191.0,Train11,巡航フェーズ（駅間走行中）,惰行中,18.0,力行（加速）,11.0,70.0,70.0,66.08,70.0,816.7,0.0,195.2,12.0,12.5,この先制限速度なし,26m先で上り勾配12.5‰が終わり平坦になる,先行列車なし,後続列車なし,0.0,0.0,,0.0,70.0,0.0,-0.5
