time,train_id,phase,current_notch,holding_time,prev_notch,prev_notch_duration,speed_limit,signal_speed,current_speed,required_speed,dist_to_next_station,time_to_next_station,req_stop_dist,delay,current_gradient,next_limit_info,next_gradient_info,forward_info,backward_info,forward_train_delay,forward_clear_remaining_time,forward_departed_next,standard_headway,target_speed_no_stop,reward
32.0,Train11,巡航フェーズ（駅間走行中）,力行（加速）中,5.0,惰行,1.0,70.0,53.2,44.01,70.0,1915.9,12.0,105.29,0.0,-2.1,この先制限速度なし,125m先に下り勾配6.7‰あり,前方203.1m先を60.3km/h,後続列車なし,10.0,169.0,未発車,22.0,45.8,-0.5
67.0,Train11,巡航フェーズ（駅間走行中）,惰行中,2.0,力行（加速）,8.0,70.0,70.0,43.62,70.0,1572.5,26.0,100.54,0.0,0.0,この先制限速度なし,この先目立った勾配なし,前方699.6m先を62.9km/h,後続列車なし,10.0,121.0,未発車,35.0,54.4,-0.5
37.0,Train11,巡航フェーズ（駅間走行中）,ブレーキ（減速）中,3.0,力行（加速）,22.0,70.0,70.0,42.29,70.0,1882.8,18.0,97.34,0.0,-2.1,この先制限速度なし,92m先に下り勾配6.7‰あり,前方361.6m先を63.5km/h,後続列車なし,10.0,173.0,未発車,28.0,44.2,-0.5
138.0,Train11,巡航フェーズ（駅間走行中）,力行（加速）中,9.0,惰行,6.0,70.0,70.0,40.0,70.0,952.0,29.0,72.54,0.0,12.5,この先制限速度なし,この先目立った勾配なし,前方929.4m先を14.6km/h,後続列車なし,10.0,72.0,未発車,28.0,66.9,-0.5
199.59999999999968,Train11,次駅への減速フェーズ（駅手前400m以内）,ブレーキ（減速）中,0.1,力行（加速）,0.1,70.0,30.5,29.37,70.0,43.3,0.0,40.83,19.7,9.2,この先制限速度なし,この先目立った勾配なし,前方94.0m先を25.6km/h,後続列車なし,10.0,0.0,発車済み,35.0,70.0,-0.05
65.0,Train11,巡航フェーズ（駅間走行中）,力行（加速）中,3.0,惰行,26.0,70.0,70.0,45.74,70.0,1603.8,18.0,110.45,0.0,0.0,この先制限速度なし,この先目立った勾配なし,前方573.8m先を63.3km/h,後続列車なし,10.0,145.0,未発車,28.0,49.2,-0.5
143.0,Train11,巡航フェーズ（駅間走行中）,ブレーキ（減速）中,6.0,惰行,3.0,70.0,70.0,41.05,70.0,670.0,23.0,89.2,0.0,0.0,この先制限速度なし,80m先に上り勾配6.1‰あり,前方643.3m先を15.8km/h,後続列車なし,10.0,58.0,未発車,22.0,40.9,-0.5
84.0,Train11,巡航フェーズ（駅間走行中）,力行（加速）中,25.0,ブレーキ（減速）,6.0,70.0,70.0,47.76,70.0,1565.3,29.0,120.26,0.0,0.0,この先制限速度なし,この先目立った勾配なし,前方988.4m先を61.5km/h,後続列車なし,10.0,119.0,未発車,35.0,55.2,-0.5
200.5999999999999,Train11,次駅への減速フェーズ（駅手前400m以内）,ブレーキ（減速）中,4.699999999999998,力行（加速）,4.0,70.0,25.0,26.87,70.0,79.3,0.0,34.22,22.7,9.2,この先制限速度なし,この先目立った勾配なし,前方79.7m先を0.0km/h,後続列車なし,10.0,2.4,未発車,35.0,23.1,-0.05
116.0,Train11,巡航フェーズ（駅間走行中）,ブレーキ（減速）中,6.0,力行（加速）,2.0,70.0,70.0,19.15,70.0,1160.5,22.0,19.6,0.0,0.0,この先制限速度なし,170m先に上り勾配12.5‰あり,前方886.5m先を49.1km/h,後続列車なし,10.0,100.0,未発車,22.0,46.5,-0.5
95.0,Train11,巡航フェーズ（駅間走行中）,惰行中,36.0,力行（加速）,6.0,70.0,70.0,43.02,70.0,1115.1,32.0,97.85,0.0,0.0,この先制限速度なし,125m先に上り勾配12.5‰あり,前方721.1m先を57.6km/h,後続列車なし,10.0,108.0,未発車,35.0,42.5,-0.5
204.3999999999997,Train11,次駅への減速フェーズ（駅手前400m以内）,ブレーキ（減速）中,8.499999999999986,力行（加速）,4.0,70.0,14.2,15.72,70.0,56.9,0.0,11.75,26.5,9.2,この先制限速度なし,この先目立った勾配なし,前方59.5m先を6.4km/h,後続列車なし,10.0,0.0,発車済み,35.0,70.0,-0.05
185.0,Train11,次駅への減速フェーズ（駅手前400m以内）,ブレーキ（減速）中,1.0,惰行,19.0,70.0,35.5,37.3,70.0,109.1,0.0,65.65,8.0,9.2,この先制限速度なし,この先目立った勾配なし,前方109.4m先を0.0km/h,後続列車なし,10.0,10.0,未発車,28.0,22.0,-0.5
146.0,Train11,巡航フェーズ（駅間走行中）,ブレーキ（減速）中,1.0,力行（加速）,1.0,70.0,70.0,37.51,70.0,697.4,30.0,74.6,0.0,0.0,この先制限速度なし,107m先に上り勾配6.1‰あり,前方695.7m先を4.3km/h,後続列車なし,10.0,49.0,未発車,28.0,48.8,-0.5
172.19999999999914,Train11,次駅への減速フェーズ（駅手前400m以内）,ブレーキ（減速）中,2.2000000000000006,力行（加速）,0.1,70.0,0.0,1.78,0.0,0.0,5.8,0.17,0.0,0.0,この先制限速度なし,この先目立った勾配なし,前方0.0m先を0.0km/h,後続列車なし,10.0,43.8,未発車,22.0,0.0,-0.05
104.0,Train11,巡航フェーズ（駅間走行中）,力行（加速）中,1.0,惰行,6.0,70.0,70.0,47.34,70.0,832.4,18.0,101.25,0.0,12.5,この先制限速度なし,この先目立った勾配なし,前方373.6m先を59.3km/h,後続列車なし,10.0,112.0,未発車,22.0,59.7,-0.5
123.0,Train11,巡航フェーズ（駅間走行中）,惰行中,1.0,力行（加速）,6.0,70.0,70.0,48.38,70.0,898.4,29.0,105.69,0.0,12.5,この先制限速度なし,この先目立った勾配なし,前方774.6m先を34.1km/h,後続列車なし,10.0,87.0,未発車,28.0,62.4,-0.5
195.29999999999993,Train11,次駅への減速フェーズ（駅手前400m以内）,ブレーキ（減速）中,0.30000000000000004,力行（加速）,0.5,70.0,34.2,35.09,70.0,81.2,0.0,58.15,15.4,9.2,この先制限速度なし,この先目立った勾配なし,前方105.2m先を18.9km/h,後続列車なし,10.0,0.0,発車済み,35.0,70.0,-0.05
25.0,Train11,巡航フェーズ（駅間走行中）,力行（加速）中,12.0,ブレーキ（減速）,6.0,70.0,70.0,30.04,70.0,2071.3,25.0,49.44,0.0,-2.1,この先制限速度なし,281m先に下り勾配6.7‰あり,前方462.4m先を63.0km/h,後続列車なし,10.0,163.0,未発車,35.0,51.6,-0.5
225.39999999999992,Train11,次駅への減速フェーズ（駅手前400m以内）,ブレーキ（減速）中,0.6,惰行,0.1,70.0,36.3,37.93,70.0,76.0,0.0,67.88,45.5,9.2,この先制限速度なし,この先目立った勾配なし,前方112.0m先を22.4km/h,後続列車なし,10.0,0.0,発車済み,22.0,70.0,-0.05
188.0,Train11,巡航フェーズ（駅間走行中）,惰行中,3.0,力行（加速）,4.0,70.0,70.0,42.8,70.0,587.9,0.0,89.51,11.0,6.1,この先制限速度なし,397m先に上り勾配9.2‰あり,前方588.3m先を0.0km/h,後続列車なし,10.0,28.0,未発車,22.0,69.7,-0.5
129.0,Train11,巡航フェーズ（駅間走行中）,力行（加速）中,7.0,惰行,6.0,70.0,70.0,61.51,70.0,882.8,36.0,169.57,0.0,12.5,この先制限速度なし,この先目立った勾配なし,前方851.4m先を17.1km/h,後続列車なし,10.0,74.0,未発車,35.0,63.1,-0.5
106.0,Train11,巡航フェーズ（駅間走行中）,力行（加速）中,8.0,惰行,1.0,70.0,70.0,56.99,70.0,830.8,19.0,145.98,0.0,12.5,この先制限速度なし,この先目立った勾配なし,前方404.6m先を58.4km/h,後続列車なし,10.0,110.0,未発車,22.0,59.7,-0.5
32.0,Train11,巡航フェーズ（駅間走行中）,力行（加速）中,19.0,ブレーキ（減速）,6.0,70.0,70.0,39.37,70.0,2003.2,18.0,84.51,0.0,-2.1,この先制限速度なし,213m先に下り勾配6.7‰あり,前方394.3m先を63.0km/h,後続列車なし,10.0,178.0,未発車,28.0,46.0,-0.5
194.09999999999994,Train11,次駅への減速フェーズ（駅手前400m以内）,ブレーキ（減速）中,0.7999999999999999,惰行,17.400000000000006,70.0,28.0,29.16,70.0,86.8,0.0,40.26,16.2,9.2,この先制限速度なし,この先目立った勾配なし,前方87.2m先を0.0km/h,後続列車なし,10.0,6.9,未発車,22.0,19.8,-0.05
134.0,Train11,巡航フェーズ（駅間走行中）,惰行中,7.0,力行（加速）,13.0,70.0,70.0,36.96,70.0,719.4,36.0,72.44,0.0,0.0,この先制限速度なし,129m先に上り勾配6.1‰あり,前方707.4m先を10.7km/h,後続列車なし,10.0,69.0,未発車,35.0,38.3,-0.5
198.2999999999993,Train11,次駅への減速フェーズ（駅手前400m以内）,ブレーキ（減速）中,1.0999999999999999,惰行,0.2,70.0,0.0,1.5,70.0,39.2,0.0,0.11,20.4,9.2,この先制限速度なし,この先目立った勾配なし,前方46.4m先を10.9km/h,後続列車なし,10.0,0.0,発車済み,28.0,70.0,-0.05
227.19999999999982,Train11,次駅への減速フェーズ（駅手前400m以内）,ブレーキ（減速）中,2.400000000000001,惰行,0.1,70.0,34.5,32.6,70.0,58.4,0.0,50.24,47.3,9.2,この先制限速度なし,この先目立った勾配なし,前方106.3m先を25.1km/h,後続列車なし,10.0,0.0,発車済み,22.0,70.0,-0.05
153.0,Train11,巡航フェーズ（駅間走行中）,力行（加速）中,3.0,惰行,6.0,70.0,70.0,39.46,70.0,561.2,25.0,76.22,0.0,6.1,この先制限速度なし,371m先に上り勾配9.2‰あり,前方561.6m先を0.0km/h,後続列車なし,10.0,57.0,未発車,28.0,41.3,-0.5
153.0,Train11,巡航フェーズ（駅間走行中）,ブレーキ（減速）中,6.0,力行（加速）,4.0,70.0,70.0,28.54,70.0,564.7,24.0,40.06,0.0,6.1,この先制限速度なし,374m先に上り勾配9.2‰あり,前方564.1m先を3.0km/h,後続列車なし,10.0,48.0,未発車,22.0,45.2,-0.5
175.0,Train11,巡航フェーズ（駅間走行中）,力行（加速）中,33.0,ブレーキ（減速）,6.0,70.0,70.0,44.02,70.0,744.6,3.0,102.38,0.0,0.0,この先制限速度なし,154m先に上り勾配6.1‰あり,前方745.0m先を0.0km/h,後続列車なし,10.0,41.0,未発車,22.0,63.8,-0.5
211.79999999999927,Train11,次駅への減速フェーズ（駅手前400m以内）,ブレーキ（減速）中,5.899999999999995,力行（加速）,0.1,70.0,0.0,0.13,70.0,35.2,0.0,0.0,33.9,9.2,この先制限速度なし,この先目立った勾配なし,前方38.6m先を7.4km/h,後続列車なし,10.0,0.0,発車済み,28.0,70.0,-0.05
206.89999999999972,Train11,次駅への減速フェーズ（駅手前400m以内）,ブレーキ（減速）中,1.6000000000000003,力行（加速）,0.1,70.0,20.9,22.16,70.0,53.5,0.0,23.31,27.0,9.2,この先制限速度なし,この先目立った勾配なし,前方70.7m先を16.3km/h,後続列車なし,10.0,0.0,発車済み,22.0,70.0,-0.05
44.0,Train11,巡航フェーズ（駅間走行中）,惰行中,2.0,力行（加速）,29.0,70.0,70.0,49.58,70.0,1852.7,25.0,133.21,0.0,-2.1,この先制限速度なし,62m先に下り勾配6.7‰あり,前方577.0m先を63.4km/h,後続列車なし,10.0,144.0,未発車,35.0,51.2,-0.5
198.0,Train11,次駅への減速フェーズ（駅手前400m以内）,ブレーキ（減速）中,2.0,惰行,1.0,70.0,42.9,44.19,70.0,136.1,0.0,91.83,21.0,9.2,この先制限速度なし,この先目立った勾配なし,前方136.5m先を0.0km/h,後続列車なし,10.0,3.0,未発車,22.0,53.1,-0.5
89.0,Train11,巡航フェーズ（駅間走行中）,力行（加速）中,4.0,ブレーキ（減速）,6.0,70.0,70.0,38.33,70.0,1296.3,22.0,77.88,0.0,0.0,この先制限速度なし,306m先に上り勾配12.5‰あり,前方685.0m先を62.1km/h,後続列車なし,10.0,106.0,未発車,28.0,49.8,-0.5
145.0,Train11,巡航フェーズ（駅間走行中）,力行（加速）中,1.0,惰行,6.0,70.0,70.0,36.33,70.0,707.6,30.0,70.03,0.0,0.0,この先制限速度なし,117m先に上り勾配6.1‰あり,前方704.6m先を5.6km/h,後続列車なし,10.0,50.0,未発車,28.0,48.8,-0.5
75.0,Train11,巡航フェーズ（駅間走行中）,ブレーキ（減速）中,6.0,力行（加速）,6.0,70.0,70.0,15.63,70.0,1532.6,19.0,13.08,0.0,0.0,この先制限速度なし,この先目立った勾配なし,前方677.1m先を63.0km/h,後続列車なし,10.0,135.0,未発車,28.0,49.4,-0.5
73.0,Train11,巡航フェーズ（駅間走行中）,ブレーキ（減速）中,4.0,力行（加速）,6.0,70.0,70.0,20.84,70.0,1542.7,18.0,23.21,0.0,0.0,この先制限速度なし,この先目立った勾配なし,前方652.3m先を62.8km/h,後続列車なし,10.0,137.0,未発車,28.0,49.2,-0.5
96.0,Train11,巡航フェーズ（駅間走行中）,ブレーキ（減速）中,1.0,力行（加速）,5.0,70.0,70.0,68.92,70.0,1046.1,33.0,246.88,0.0,0.0,この先制限速度なし,56m先に上り勾配12.5‰あり,前方668.1m先を57.2km/h,後続列車なし,10.0,92.0,未発車,35.0,44.6,-0.5
210.6999999999995,Train11,次駅への減速フェーズ（駅手前400m以内）,ブレーキ（減速）中,0.5,力行（加速）,2.0000000000000004,70.0,20.7,20.45,70.0,32.3,0.0,19.86,30.8,9.2,この先制限速度なし,この先目立った勾配なし,前方70.3m先を22.8km/h,後続列車なし,10.0,0.0,発車済み,22.0,70.0,-0.05
25.0,Train11,巡航フェーズ（駅間走行中）,惰行中,5.0,力行（加速）,1.0,70.0,58.0,20.86,70.0,2053.5,13.0,23.92,0.0,-2.1,この先制限速度なし,263m先に下り勾配6.7‰あり,前方229.2m先を54.5km/h,後続列車なし,10.0,176.0,未発車,22.0,47.7,-0.5
203.99999999999972,Train11,次駅への減速フェーズ（駅手前400m以内）,ブレーキ（減速）中,8.099999999999987,力行（加速）,4.0,70.0,14.9,16.89,70.0,58.7,0.0,13.56,26.1,9.2,この先制限速度なし,この先目立った勾配なし,前方60.6m先を5.4km/h,後続列車なし,10.0,0.0,発車済み,35.0,70.0,-0.05
23.0,Train11,巡航フェーズ（駅間走行中）,惰行中,5.0,力行（加速）,19.0,70.0,45.7,38.03,70.0,2016.5,12.0,78.88,0.0,-2.1,この先制限速度なし,226m先に下り勾配6.7‰あり,前方162.3m先を53.0km/h,後続列車なし,10.0,178.0,未発車,22.0,46.3,-0.5
189.09999999999982,Train11,次駅への減速フェーズ（駅手前400m以内）,ブレーキ（減速）中,5.1999999999999975,力行（加速）,6.0,70.0,23.4,23.57,70.0,73.9,0.0,26.35,11.2,9.2,この先制限速度なし,この先目立った勾配なし,前方76.0m先を5.7km/h,後続列車なし,10.0,0.0,発車済み,35.0,70.0,-0.05
210.8999999999995,Train11,次駅への減速フェーズ（駅手前400m以内）,ブレーキ（減速）中,0.7,力行（加速）,2.0000000000000004,70.0,20.7,19.86,70.0,31.2,0.0,18.74,31.0,9.2,この先制限速度なし,この先目立った勾配なし,前方70.4m先を23.1km/h,後続列車なし,10.0,0.0,発車済み,22.0,70.0,-0.05
195.5999999999999,Train11,次駅への減速フェーズ（駅手前400m以内）,ブレーキ（減速）中,0.6,力行（加速）,0.5,70.0,33.8,34.2,70.0,78.3,0.0,55.26,15.7,9.2,この先制限速度なし,この先目立った勾配なし,前方104.0m先を19.4km/h,後続列車なし,10.0,0.0,発車済み,35.0,70.0,-0.05
135.0,Train11,巡航フェーズ（駅間走行中）,力行（加速）中,6.0,惰行,6.0,70.0,70.0,38.15,70.0,984.6,29.0,66.05,0.0,12.5,この先制限速度なし,この先目立った勾配なし,前方948.3m先を18.4km/h,後続列車なし,10.0,75.0,未発車,28.0,67.7,-0.5
142.0,Train11,巡航フェーズ（駅間走行中）,惰行中,4.0,力行（加速）,12.0,70.0,70.0,36.76,70.0,738.1,29.0,71.67,0.0,0.0,この先制限速度なし,148m先に上り勾配6.1‰あり,前方728.8m先を9.4km/h,後続列車なし,10.0,53.0,未発車,28.0,48.1,-0.5
23.0,Train11,巡航フェーズ（駅間走行中）,惰行中,1.0,力行（加速）,22.0,70.0,47.6,41.58,70.0,2025.6,12.0,94.14,0.0,-2.1,この先制限速度なし,235m先に下り勾配6.7‰あり,前方171.4m先を53.0km/h,後続列車なし,10.0,193.0,未発車,22.0,43.5,-0.5
188.49999999999986,Train11,次駅への減速フェーズ（駅手前400m以内）,ブレーキ（減速）中,4.6,力行（加速）,6.0,70.0,24.9,25.33,70.0,77.9,0.0,30.42,10.6,9.2,この先制限速度なし,この先目立った勾配なし,前方79.3m先を4.1km/h,後続列車なし,10.0,0.0,発車済み,35.0,70.0,-0.05
87.0,Train11,巡航フェーズ（駅間走行中）,惰行中,28.0,力行（加速）,6.0,70.0,70.0,44.31,70.0,1212.1,30.0,103.7,0.0,0.0,この先制限速度なし,222m先に上り勾配12.5‰あり,前方686.4m先を61.0km/h,後続列車なし,10.0,116.0,未発車,35.0,43.7,-0.5
199.2999999999997,Train11,次駅への減速フェーズ（駅手前400m以内）,ブレーキ（減速）中,0.7,力行（加速）,0.1,70.0,30.6,29.83,70.0,45.7,0.0,42.12,19.4,9.2,この先制限速度なし,この先目立った勾配なし,前方94.4m先を25.2km/h,後続列車なし,10.0,0.0,発車済み,35.0,70.0,-0.05
91.0,Train11,巡航フェーズ（駅間走行中）,ブレーキ（減速）中,1.0,力行（加速）,6.0,70.0,70.0,69.59,70.0,1033.2,31.0,251.57,0.0,0.0,この先制限速度なし,43m先に上り勾配12.5‰あり,前方574.3m先を59.3km/h,後続列車なし,10.0,97.0,未発車,35.0,42.6,-0.5
84.0,Train11,巡航フェーズ（駅間走行中）,力行（加速）中,3.0,惰行,9.0,70.0,70.0,47.65,70.0,1333.2,13.0,119.73,0.0,0.0,この先制限速度なし,343m先に上り勾配12.5‰あり,前方529.8m先を62.6km/h,後続列車なし,10.0,117.0,未発車,22.0,47.8,-0.5
46.0,Train11,巡航フェーズ（駅間走行中）,力行（加速）中,6.0,ブレーキ（減速）,6.0,70.0,70.0,38.66,70.0,1792.3,18.0,81.51,0.0,-2.1,この先制限速度なし,2m先に下り勾配6.7‰あり,前方428.9m先を63.0km/h,後続列車なし,10.0,164.0,未発車,28.0,43.6,-0.5
198.1999999999993,Train11,次駅への減速フェーズ（駅手前400m以内）,ブレーキ（減速）中,0.9999999999999999,惰行,0.2,70.0,0.0,1.79,70.0,39.2,0.0,0.15,20.3,9.2,この先制限速度なし,この先目立った勾配なし,前方46.2m先を10.7km/h,後続列車なし,10.0,0.0,発車済み,28.0,70.0,-0.05
207.4999999999997,Train11,次駅への減速フェーズ（駅手前400m以内）,ブレーキ（減速）中,2.2000000000000006,力行（加速）,0.1,70.0,20.5,20.4,70.0,50.0,0.0,19.77,27.6,9.2,この先制限速度なし,この先目立った勾配なし,前方70.0m先を17.4km/h,後続列車なし,10.0,0.0,発車済み,22.0,70.0,-0.05
194.49999999999991,Train11,次駅への減速フェーズ（駅手前400m以内）,ブレーキ（減速）中,1.2,惰行,17.400000000000006,70.0,26.8,27.98,70.0,83.6,0.0,37.08,16.6,9.2,この先制限速度なし,この先目立った勾配なし,前方84.0m先を0.0km/h,後続列車なし,10.0,6.5,未発車,22.0,19.3,-0.05
204.0999999999997,Train11,次駅への減速フェーズ（駅手前400m以内）,ブレーキ（減速）中,8.199999999999987,力行（加速）,4.0,70.0,14.7,16.59,70.0,58.2,0.0,13.1,26.2,9.2,この先制限速度なし,この先目立った勾配なし,前方60.3m先を5.7km/h,後続列車なし,10.0,0.0,発車済み,35.0,70.0,-0.05
77.0,Train11,巡航フェーズ（駅間走行中）,惰行中,5.0,力行（加速）,18.0,70.0,70.0,46.86,70.0,1423.7,12.0,115.83,0.0,0.0,この先制限速度なし,433m先に上り勾配12.5‰あり,前方498.4m先を62.6km/h,後続列車なし,10.0,124.0,未発車,22.0,48.8,-0.5
150.0,Train11,巡航フェーズ（駅間走行中）,力行（加速）中,4.0,惰行,8.0,70.0,70.0,41.74,70.0,517.9,28.0,85.21,0.0,6.1,この先制限速度なし,327m先に上り勾配9.2‰あり,前方518.3m先を0.0km/h,後続列車なし,10.0,45.0,未発車,28.0,43.3,-0.5
199.39999999999998,Train11,次駅への減速フェーズ（駅手前400m以内）,ブレーキ（減速）中,3.5000000000000004,力行（加速）,4.0,70.0,28.8,30.41,70.0,88.9,0.0,43.77,21.5,9.2,この先制限速度なし,この先目立った勾配なし,前方89.2m先を0.0km/h,後続列車なし,10.0,3.6,未発車,35.0,23.7,-0.05
105.0,Train11,巡航フェーズ（駅間走行中）,惰行中,5.0,力行（加速）,15.0,70.0,70.0,48.3,70.0,1213.3,19.0,122.94,0.0,0.0,この先制限速度なし,223m先に上り勾配12.5‰あり,前方770.8m先を58.9km/h,後続列車なし,10.0,96.0,未発車,22.0,50.0,-0.5
110.0,Train11,巡航フェーズ（駅間走行中）,惰行中,12.0,力行（加速）,13.0,70.0,70.0,45.53,70.0,1034.7,28.0,109.45,0.0,0.0,この先制限速度なし,44m先に上り勾配12.5‰あり,前方760.7m先を49.1km/h,後続列車なし,10.0,85.0,未発車,28.0,47.1,-0.5
186.99999999999994,Train11,次駅への減速フェーズ（駅手前400m以内）,ブレーキ（減速）中,3.100000000000001,力行（加速）,6.0,70.0,29.0,29.75,70.0,89.4,0.0,41.9,9.1,9.2,この先制限速度なし,この先目立った勾配なし,前方89.8m先を0.0km/h,後続列車なし,10.0,1.0,未発車,35.0,30.6,-0.05
99.0,Train11,巡航フェーズ（駅間走行中）,力行（加速）中,19.0,ブレーキ（減速）,6.0,70.0,70.0,41.58,70.0,1323.2,17.0,91.46,0.0,0.0,この先制限速度なし,333m先に上り勾配12.5‰あり,前方780.6m先を61.4km/h,後続列車なし,10.0,117.0,未発車,22.0,47.2,-0.5
72.0,Train11,巡航フェーズ（駅間走行中）,力行（加速）中,13.0,ブレーキ（減速）,6.0,70.0,70.0,34.87,70.0,1705.8,26.0,70.99,0.0,-6.7,この先制限速度なし,この先目立った勾配なし,前方919.9m先を62.8km/h,後続列車なし,10.0,131.0,未発車,35.0,40.1,-0.5
41.0,Train11,巡航フェーズ（駅間走行中）,力行（加速）中,1.0,ブレーキ（減速）,5.0,70.0,61.7,32.79,70.0,1811.0,12.0,58.82,0.0,-2.1,この先制限速度なし,21m先に下り勾配6.7‰あり,前方254.7m先を63.1km/h,後続列車なし,10.0,160.0,未発車,22.0,45.2,-0.5
186.79999999999995,Train11,次駅への減速フェーズ（駅手前400m以内）,ブレーキ（減速）中,2.900000000000001,力行（加速）,6.0,70.0,29.6,30.34,70.0,91.1,0.0,43.57,8.9,9.2,この先制限速度なし,この先目立った勾配なし,前方91.5m先を0.0km/h,後続列車なし,10.0,1.2,未発車,35.0,32.1,-0.05
94.0,Train11,巡航フェーズ（駅間走行中）,力行（加速）中,3.0,惰行,6.0,70.0,70.0,46.56,70.0,1437.8,32.0,114.39,0.0,0.0,この先制限速度なし,447m先に上り勾配12.5‰あり,前方1027.8m先を58.0km/h,後続列車なし,10.0,109.0,未発車,35.0,54.0,-0.5
200.7999999999999,Train11,次駅への減速フェーズ（駅手前400m以内）,ブレーキ（減速）中,4.899999999999998,力行（加速）,4.0,70.0,24.4,26.28,70.0,77.8,0.0,32.74,22.9,9.2,この先制限速度なし,この先目立った勾配なし,前方78.2m先を0.0km/h,後続列車なし,10.0,2.2,未発車,35.0,22.5,-0.05
96.0,Train11,巡航フェーズ（駅間走行中）,力行（加速）中,9.0,ブレーキ（減速）,6.0,70.0,70.0,50.43,70.0,942.6,16.0,114.69,0.0,12.5,この先制限速度なし,この先目立った勾配なし,前方348.6m先を61.9km/h,後続列車なし,10.0,120.0,未発車,22.0,64.0,-0.5
61.0,Train11,巡航フェーズ（駅間走行中）,力行（加速）中,7.0,ブレーキ（減速）,6.0,70.0,70.0,36.25,70.0,1617.1,12.0,69.71,0.0,0.0,この先制限速度なし,この先目立った勾配なし,前方411.6m先を63.2km/h,後続列車なし,10.0,140.0,未発車,22.0,50.6,-0.5
37.0,Train11,巡航フェーズ（駅間走行中）,力行（加速）中,5.0,ブレーキ（減速）,7.0,70.0,70.0,30.48,70.0,1886.9,25.0,50.86,0.0,-2.1,この先制限速度なし,96m先に下り勾配6.7‰あり,前方488.4m先を63.4km/h,後続列車なし,10.0,151.0,未発車,35.0,50.0,-0.5
196.59999999999985,Train11,次駅への減速フェーズ（駅手前400m以内）,ブレーキ（減速）中,1.6000000000000003,力行（加速）,0.5,70.0,32.7,31.24,70.0,69.3,0.0,46.17,16.7,9.2,この先制限速度なし,この先目立った勾配なし,前方100.5m先を21.1km/h,後続列車なし,10.0,0.0,発車済み,35.0,70.0,-0.05
199.1999999999997,Train11,次駅への減速フェーズ（駅手前400m以内）,ブレーキ（減速）中,0.6,力行（加速）,0.1,70.0,30.7,30.12,70.0,46.6,0.0,42.95,19.3,9.2,この先制限速度なし,この先目立った勾配なし,前方94.5m先を25.1km/h,後続列車なし,10.0,0.0,発車済み,35.0,70.0,-0.05
199.69999999999968,Train11,次駅への減速フェーズ（駅手前400m以内）,ブレーキ（減速）中,0.2,力行（加速）,0.1,70.0,30.5,29.07,70.0,42.5,0.0,40.01,19.8,9.2,この先制限速度なし,この先目立った勾配なし,前方93.9m先を25.8km/h,後続列車なし,10.0,0.0,発車済み,35.0,70.0,-0.05
23.0,Train11,巡航フェーズ（駅間走行中）,力行（加速）中,24.0,ブレーキ（減速）,30,70.0,70.0,42.53,70.0,2013.9,26.0,98.42,0.0,-2.1,この先制限速度なし,223m先に下り勾配6.7‰あり,前方369.9m先を63.4km/h,後続列車なし,10.0,180.0,未発車,35.0,45.9,-0.5
198.89999999999972,Train11,次駅への減速フェーズ（駅手前400m以内）,ブレーキ（減速）中,0.30000000000000004,力行（加速）,0.1,70.0,30.8,31.01,70.0,49.1,0.0,45.5,19.0,9.2,この先制限速度なし,この先目立った勾配なし,前方95.0m先を24.6km/h,後続列車なし,10.0,0.0,発車済み,35.0,70.0,-0.05
197.0,Train11,次駅への減速フェーズ（駅手前400m以内）,ブレーキ（減速）中,1.0,惰行,1.0,70.0,46.0,47.18,70.0,148.8,0.0,104.52,20.0,9.2,この先制限速度なし,この先目立った勾配なし,前方149.2m先を0.0km/h,後続列車なし,10.0,4.0,未発車,22.0,41.9,-0.5
123.0,Train11,巡航フェーズ（駅間走行中）,力行（加速）中,9.0,ブレーキ（減速）,6.0,70.0,70.0,33.42,70.0,831.2,36.0,50.78,0.0,12.5,この先制限速度なし,この先目立った勾配なし,前方764.8m先を24.9km/h,後続列車なし,10.0,80.0,未発車,35.0,60.0,-0.5
195.09999999999994,Train11,次駅への減速フェーズ（駅手前400m以内）,ブレーキ（減速）中,0.1,力行（加速）,0.5,70.0,34.5,35.68,70.0,83.2,0.0,60.11,15.2,9.2,この先制限速度なし,この先目立った勾配なし,前方106.1m先を18.5km/h,後続列車なし,10.0,0.0,発車済み,35.0,70.0,-0.05
35.0,Train11,巡航フェーズ（駅間走行中）,力行（加速）中,11.0,ブレーキ（減速）,6.0,70.0,70.0,33.46,70.0,1960.8,18.0,61.23,0.0,-2.1,この先制限速度なし,170m先に下り勾配6.7‰あり,前方404.5m先を63.1km/h,後続列車なし,10.0,160.0,未発車,28.0,49.5,-0.5
206.59999999999974,Train11,次駅への減速フェーズ（駅手前400m以内）,ブレーキ（減速）中,1.3,力行（加速）,0.1,70.0,21.2,23.04,70.0,55.4,0.0,25.2,26.7,9.2,この先制限速度なし,この先目立った勾配なし,前方71.2m先を15.7km/h,後続列車なし,10.0,0.0,発車済み,22.0,70.0,-0.05
199.79999999999967,Train11,次駅への減速フェーズ（駅手前400m以内）,ブレーキ（減速）中,0.30000000000000004,力行（加速）,0.1,70.0,30.5,28.78,70.0,41.7,0.0,39.21,19.9,9.2,この先制限速度なし,この先目立った勾配なし,前方93.8m先を25.9km/h,後続列車なし,10.0,0.0,発車済み,35.0,70.0,-0.05
45.0,Train11,巡航フェーズ（駅間走行中）,惰行中,9.0,力行（加速）,23.0,70.0,70.0,43.66,70.0,1847.1,18.0,103.68,0.0,-2.1,この先制限速度なし,57m先に下り勾配6.7‰あり,前方466.2m先を63.2km/h,後続列車なし,10.0,165.0,未発車,28.0,44.9,-0.5
105.0,Train11,巡航フェーズ（駅間走行中）,ブレーキ（減速）中,3.0,力行（加速）,22.0,70.0,70.0,39.77,70.0,1251.5,19.0,83.75,0.0,0.0,この先制限速度なし,261m先に上り勾配12.5‰あり,前方809.1m先を58.9km/h,後続列車なし,10.0,111.0,未発車,22.0,46.4,-0.5
172.09999999999914,Train11,次駅への減速フェーズ（駅手前400m以内）,ブレーキ（減速）中,3.0000000000000013,力行（加速）,0.1,70.0,0.0,1.58,0.0,0.0,5.9,0.13,0.0,0.0,この先制限速度なし,この先目立った勾配なし,前方0.0m先を0.0km/h,後続列車なし,10.0,28.9,未発車,22.0,0.0,-0.05
186.29999999999998,Train11,次駅への減速フェーズ（駅手前400m以内）,ブレーキ（減速）中,2.4000000000000004,力行（加速）,6.0,70.0,31.1,31.82,70.0,95.4,0.0,47.89,8.4,9.2,この先制限速度なし,この先目立った勾配なし,前方95.8m先を0.0km/h,後続列車なし,10.0,1.7,未発車,35.0,32.3,-0.05
171.0,Train11,巡航フェーズ（駅間走行中）,惰行中,2.0,力行（加速）,2.0,70.0,70.0,21.49,70.0,694.2,7.0,24.67,0.0,0.0,この先制限速度なし,104m先に上り勾配6.1‰あり,前方694.6m先を0.0km/h,後続列車なし,10.0,39.0,未発車,28.0,61.7,-0.5
205.29999999999964,Train11,次駅への減速フェーズ（駅手前400m以内）,ブレーキ（減速）中,0.1,惰行,0.30000000000000004,70.0,12.8,13.83,70.0,53.2,0.0,9.11,27.4,9.2,この先制限速度なし,この先目立った勾配なし,前方57.8m先を8.6km/h,後続列車なし,10.0,0.0,発車済み,35.0,70.0,-0.05
71.0,Train11,巡航フェーズ（駅間走行中）,力行（加速）中,12.0,ブレーキ（減速）,6.0,70.0,70.0,33.31,70.0,1715.3,26.0,64.8,0.0,-6.7,この先制限速度なし,この先目立った勾配なし,前方911.9m先を62.6km/h,後続列車なし,10.0,132.0,未発車,35.0,39.9,-0.5
158.0,Train11,巡航フェーズ（駅間走行中）,力行（加速）中,7.0,ブレーキ（減速）,6.0,70.0,70.0,32.01,70.0,602.8,20.0,54.49,0.0,0.0,この先制限速度なし,12m先に上り勾配6.1‰あり,前方603.1m先を0.0km/h,後続列車なし,10.0,37.0,未発車,28.0,52.7,-0.5
97.0,Train11,巡航フェーズ（駅間走行中）,ブレーキ（減速）中,6.0,惰行,5.0,70.0,70.0,53.18,70.0,973.1,24.0,127.37,0.0,12.5,この先制限速度なし,この先目立った勾配なし,前方497.7m先を59.7km/h,後続列車なし,10.0,113.0,未発車,28.0,65.1,-0.5
22.0,Train11,巡航フェーズ（駅間走行中）,惰行中,2.0,力行（加速）,1.0,70.0,53.7,21.02,70.0,2070.9,13.0,24.29,0.0,-2.1,この先制限速度なし,280m先に下り勾配6.7‰あり,前方202.2m先を52.2km/h,後続列車なし,10.0,179.0,未発車,22.0,47.6,-0.5
123.0,Train11,巡航フェーズ（駅間走行中）,力行（加速）中,1.0,ブレーキ（減速）,6.0,70.0,70.0,31.42,70.0,1096.7,29.0,52.5,0.0,0.0,この先制限速度なし,106m先に上り勾配12.5‰あり,前方972.9m先を34.1km/h,後続列車なし,10.0,87.0,未発車,28.0,49.1,-0.5
30.0,Train11,巡航フェーズ（駅間走行中）,ブレーキ（減速）中,6.0,惰行,2.0,70.0,67.9,29.51,70.0,1940.5,19.0,47.71,0.0,-2.1,この先制限速度なし,150m先に下り勾配6.7‰あり,前方296.4m先を63.4km/h,後続列車なし,10.0,180.0,未発車,28.0,43.9,-0.5
43.0,Train11,巡航フェーズ（駅間走行中）,力行（加速）中,3.0,ブレーキ（減速）,6.0,70.0,70.0,34.89,70.0,1823.0,18.0,66.52,0.0,-2.1,この先制限速度なし,32m先に下り勾配6.7‰あり,前方406.9m先を62.9km/h,後続列車なし,10.0,167.0,未発車,28.0,43.8,-0.5
205.59999999999962,Train11,次駅への減速フェーズ（駅手前400m以内）,ブレーキ（減速）中,0.4,惰行,0.30000000000000004,70.0,12.5,12.96,70.0,52.1,0.0,7.99,27.7,9.2,この先制限速度なし,この先目立った勾配なし,前方57.4m先を9.3km/h,後続列車なし,10.0,0.0,発車済み,35.0,70.0,-0.05
111.0,Train11,巡航フェーズ（駅間走行中）,力行（加速）中,5.0,惰行,6.0,70.0,70.0,51.03,70.0,1131.6,20.0,137.05,0.0,0.0,この先制限速度なし,141m先に上り勾配12.5‰あり,前方785.0m先を55.5km/h,後続列車なし,10.0,90.0,未発車,22.0,49.3,-0.5
177.0,Train11,巡航フェーズ（駅間走行中）,ブレーキ（減速）中,3.0,力行（加速）,7.0,70.0,70.0,25.06,70.0,452.3,1.0,30.95,0.0,6.1,この先制限速度なし,262m先に上り勾配9.2‰あり,前方452.7m先を0.0km/h,後続列車なし,10.0,18.0,未発車,28.0,70.0,-0.5
89.0,Train11,巡航フェーズ（駅間走行中）,力行（加速）中,2.0,惰行,6.0,70.0,70.0,50.64,70.0,1283.9,31.0,134.95,0.0,0.0,この先制限速度なし,293m先に上り勾配12.5‰あり,前方791.9m先を60.1km/h,後続列車なし,10.0,99.0,未発車,35.0,52.0,-0.5
207.3999999999997,Train11,次駅への減速フェーズ（駅手前400m以内）,ブレーキ（減速）中,2.1000000000000005,力行（加速）,0.1,70.0,20.6,20.69,70.0,50.6,0.0,20.34,27.5,9.2,この先制限速度なし,この先目立った勾配なし,前方70.1m先を17.2km/h,後続列車なし,10.0,0.0,発車済み,22.0,70.0,-0.05
205.49999999999963,Train11,次駅への減速フェーズ（駅手前400m以内）,ブレーキ（減速）中,0.30000000000000004,惰行,0.30000000000000004,70.0,12.6,13.25,70.0,52.5,0.0,8.36,27.6,9.2,この先制限速度なし,この先目立った勾配なし,前方57.5m先を9.1km/h,後続列車なし,10.0,0.0,発車済み,35.0,70.0,-0.05
193.89999999999995,Train11,次駅への減速フェーズ（駅手前400m以内）,ブレーキ（減速）中,0.6,惰行,17.400000000000006,70.0,28.6,29.75,70.0,88.5,0.0,41.89,16.0,9.2,この先制限速度なし,この先目立った勾配なし,前方88.8m先を0.0km/h,後続列車なし,10.0,7.1,未発車,22.0,20.0,-0.05
210.5999999999995,Train11,次駅への減速フェーズ（駅手前400m以内）,ブレーキ（減速）中,0.4,力行（加速）,2.0000000000000004,70.0,20.7,20.74,70.0,32.9,0.0,20.43,30.7,9.2,この先制限速度なし,この先目立った勾配なし,前方70.2m先を22.7km/h,後続列車なし,10.0,0.0,発車済み,22.0,70.0,-0.05
194.8999999999999,Train11,次駅への減速フェーズ（駅手前400m以内）,ブレーキ（減速）中,1.6000000000000003,惰行,17.400000000000006,70.0,25.6,26.8,70.0,80.6,0.0,34.04,17.0,9.2,この先制限速度なし,この先目立った勾配なし,前方81.0m先を0.0km/h,後続列車なし,10.0,6.1,未発車,22.0,19.4,-0.05
210.9999999999995,Train11,次駅への減速フェーズ（駅手前400m以内）,ブレーキ（減速）中,0.7999999999999999,力行（加速）,2.0000000000000004,70.0,20.8,19.57,70.0,30.7,0.0,18.19,31.1,9.2,この先制限速度なし,この先目立った勾配なし,前方70.5m先を23.3km/h,後続列車なし,10.0,0.0,発車済み,22.0,70.0,-0.05
200.8999999999999,Train11,次駅への減速フェーズ（駅手前400m以内）,ブレーキ（減速）中,4.999999999999997,力行（加速）,4.0,70.0,24.1,25.99,70.0,77.1,0.0,32.02,23.0,9.2,この先制限速度なし,この先目立った勾配なし,前方77.5m先を0.0km/h,後続列車なし,10.0,2.1,未発車,35.0,22.8,-0.05
198.69999999999928,Train11,次駅への減速フェーズ（駅手前400m以内）,ブレーキ（減速）中,1.5000000000000002,惰行,0.2,70.0,0.0,0.34,70.0,39.1,0.0,0.01,20.8,9.2,この先制限速度なし,この先目立った勾配なし,前方47.6m先を11.8km/h,後続列車なし,10.0,0.0,発車済み,28.0,70.0,-0.05
201.09999999999988,Train11,次駅への減速フェーズ（駅手前400m以内）,ブレーキ（減速）中,5.199999999999997,力行（加速）,4.0,70.0,23.5,25.4,70.0,75.7,0.0,30.59,23.2,9.2,この先制限速度なし,この先目立った勾配なし,前方76.1m先を0.0km/h,後続列車なし,10.0,1.9,未発車,35.0,22.5,-0.05
56.0,Train11,巡航フェーズ（駅間走行中）,力行（加速）中,2.0,ブレーキ（減速）,6.0,70.0,70.0,23.4,70.0,1662.9,12.0,32.14,0.0,-6.7,この先制限速度なし,この先目立った勾配なし,前方369.7m先を62.9km/h,後続列車なし,10.0,160.0,未発車,22.0,27.3,-0.5
191.89999999999966,Train11,次駅への減速フェーズ（駅手前400m以内）,ブレーキ（減速）中,1.7000000000000004,力行（加速）,0.1,70.0,18.7,17.65,70.0,57.5,0.0,14.8,14.0,9.2,この先制限速度なし,この先目立った勾配なし,前方66.7m先を12.3km/h,後続列車なし,10.0,0.0,発車済み,35.0,70.0,-0.05
226.59999999999985,Train11,次駅への減速フェーズ（駅手前400m以内）,ブレーキ（減速）中,1.8000000000000005,惰行,0.1,70.0,35.0,34.37,70.0,63.9,0.0,55.82,46.7,9.2,この先制限速度なし,この先目立った勾配なし,前方107.8m先を24.2km/h,後続列車なし,10.0,0.0,発車済み,22.0,70.0,-0.05
196.39999999999986,Train11,次駅への減速フェーズ（駅手前400m以内）,ブレーキ（減速）中,1.4000000000000001,力行（加速）,0.5,70.0,32.9,31.83,70.0,71.0,0.0,47.92,16.5,9.2,この先制限速度なし,この先目立った勾配なし,前方101.1m先を20.7km/h,後続列車なし,10.0,0.0,発車済み,35.0,70.0,-0.05
60.0,Train11,巡航フェーズ（駅間走行中）,力行（加速）中,6.0,ブレーキ（減速）,6.0,70.0,70.0,30.93,70.0,1632.5,12.0,50.9,0.0,0.0,この先制限速度なし,この先目立った勾配なし,前方409.5m先を63.5km/h,後続列車なし,10.0,156.0,未発車,22.0,47.6,-0.5
199.09999999999926,Train11,次駅への減速フェーズ（駅手前400m以内）,ブレーキ（減速）中,1.9000000000000006,惰行,0.2,70.0,0.0,0,70.0,39.1,0.0,0.0,19.2,9.2,この先制限速度なし,この先目立った勾配なし,前方48.9m先を12.7km/h,後続列車なし,10.0,0.0,発車済み,28.0,70.0,-0.05
199.89999999999995,Train11,次駅への減速フェーズ（駅手前400m以内）,ブレーキ（減速）中,4.000000000000001,力行（加速）,4.0,70.0,27.2,28.94,70.0,84.7,0.0,39.65,22.0,9.2,この先制限速度なし,この先目立った勾配なし,前方85.1m先を0.0km/h,後続列車なし,10.0,3.1,未発車,35.0,22.6,-0.05
152.0,Train11,巡航フェーズ（駅間走行中）,力行（加速）中,6.0,惰行,8.0,70.0,70.0,43.1,70.0,494.3,26.0,90.76,0.0,6.1,この先制限速度なし,304m先に上り勾配9.2‰あり,前方494.7m先を0.0km/h,後続列車なし,10.0,43.0,未発車,28.0,42.8,-0.5
171.99999999999915,Train11,次駅への減速フェーズ（駅手前400m以内）,ブレーキ（減速）中,2.9000000000000012,力行（加速）,0.1,70.0,0.0,1.87,0.0,0.0,6.0,0.19,0.0,0.0,この先制限速度なし,この先目立った勾配なし,前方0.0m先を0.0km/h,後続列車なし,10.0,29.0,未発車,22.0,0.0,-0.05
226.99999999999983,Train11,次駅への減速フェーズ（駅手前400m以内）,ブレーキ（減速）中,2.2000000000000006,惰行,0.1,70.0,34.7,33.19,70.0,60.2,0.0,52.07,47.1,9.2,この先制限速度なし,この先目立った勾配なし,前方106.7m先を24.8km/h,後続列車なし,10.0,0.0,発車済み,22.0,70.0,-0.05
21.0,Train11,巡航フェーズ（駅間走行中）,力行（加速）中,22.0,ブレーキ（減速）,30,70.0,70.0,40.59,70.0,2037.0,25.0,89.75,0.0,-2.1,この先制限速度なし,247m先に下り勾配6.7‰あり,前方358.1m先を61.9km/h,後続列車なし,10.0,182.0,未発車,35.0,45.9,-0.5
205.8999999999996,Train11,次駅への減速フェーズ（駅手前400m以内）,ブレーキ（減速）中,0.7,惰行,0.30000000000000004,70.0,12.3,12.08,70.0,51.1,0.0,6.95,28.0,9.2,この先制限速度なし,この先目立った勾配なし,前方57.1m先を10.0km/h,後続列車なし,10.0,0.0,発車済み,35.0,70.0,-0.05
23.0,Train11,巡航フェーズ（駅間走行中）,ブレーキ（減速）中,5.0,惰行,6.0,70.0,65.5,19.55,70.0,2039.1,18.0,21.02,0.0,-2.1,この先制限速度なし,249m先に下り勾配6.7‰あり,前方277.1m先を57.7km/h,後続列車なし,10.0,172.0,未発車,28.0,48.4,-0.5
186.89999999999995,Train11,次駅への減速フェーズ（駅手前400m以内）,ブレーキ（減速）中,3.000000000000001,力行（加速）,6.0,70.0,29.3,30.05,70.0,90.2,0.0,42.73,9.0,9.2,この先制限速度なし,この先目立った勾配なし,前方90.6m先を0.0km/h,後続列車なし,10.0,1.1,未発車,35.0,29.7,-0.05
27.0,Train11,巡航フェーズ（駅間走行中）,惰行中,3.0,力行（加速）,25.0,70.0,70.0,44.23,70.0,1965.1,25.0,106.36,0.0,-2.1,この先制限速度なし,175m先に下り勾配6.7‰あり,前方391.3m先を63.4km/h,後続列車なし,10.0,176.0,未発車,35.0,45.5,-0.5
226.89999999999984,Train11,次駅への減速フェーズ（駅手前400m以内）,ブレーキ（減速）中,2.1000000000000005,惰行,0.1,70.0,34.7,33.49,70.0,61.1,0.0,53.0,47.0,9.2,この先制限速度なし,この先目立った勾配なし,前方106.9m先を24.6km/h,後続列車なし,10.0,0.0,発車済み,22.0,70.0,-0.05
51.0,Train11,巡航フェーズ（駅間走行中）,ブレーキ（減速）中,3.0,惰行,3.0,70.0,55.8,56.35,70.0,1594.5,12.0,166.55,0.0,0.0,この先制限速度なし,この先目立った勾配なし,前方213.5m先を63.2km/h,後続列車なし,10.0,165.0,未発車,22.0,45.3,-0.5
205.39999999999964,Train11,次駅への減速フェーズ（駅手前400m以内）,ブレーキ（減速）中,0.2,惰行,0.30000000000000004,70.0,12.7,13.54,70.0,52.9,0.0,8.73,27.5,9.2,この先制限速度なし,この先目立った勾配なし,前方57.6m先を8.9km/h,後続列車なし,10.0,0.0,発車済み,35.0,70.0,-0.05
195.59999999999985,Train11,次駅への減速フェーズ（駅手前400m以内）,ブレーキ（減速）中,0.6,力行（加速）,0.1,70.0,23.4,25.18,70.0,75.5,0.0,30.06,17.7,9.2,この先制限速度なし,この先目立った勾配なし,前方75.9m先を0.0km/h,後続列車なし,10.0,5.4,未発車,22.0,18.9,-0.05
143.0,Train11,巡航フェーズ（駅間走行中）,惰行中,7.0,力行（加速）,14.0,70.0,70.0,43.68,70.0,611.5,35.0,100.85,0.0,0.0,この先制限速度なし,21m先に上り勾配6.1‰あり,前方611.9m先を0.0km/h,後続列車なし,10.0,45.0,未発車,35.0,45.5,-0.5
205.9999999999996,Train11,次駅への減速フェーズ（駅手前400m以内）,ブレーキ（減速）中,0.7999999999999999,惰行,0.30000000000000004,70.0,12.2,11.79,70.0,50.8,0.0,6.62,28.1,9.2,この先制限速度なし,この先目立った勾配なし,前方57.1m先を10.3km/h,後続列車なし,10.0,0.0,発車済み,35.0,70.0,-0.05
111.0,Train11,巡航フェーズ（駅間走行中）,力行（加速）中,4.0,惰行,10.0,70.0,70.0,53.22,70.0,942.9,20.0,127.58,0.0,12.5,この先制限速度なし,この先目立った勾配なし,前方596.3m先を55.5km/h,後続列車なし,10.0,90.0,未発車,22.0,64.1,-0.5
166.0,Train11,巡航フェーズ（駅間走行中）,ブレーキ（減速）中,5.0,力行（加速）,6.0,70.0,70.0,22.56,70.0,722.1,12.0,27.18,0.0,0.0,この先制限速度なし,132m先に上り勾配6.1‰あり,前方722.5m先を0.0km/h,後続列車なし,10.0,44.0,未発車,28.0,57.1,-0.5
30.0,Train11,巡航フェーズ（駅間走行中）,力行（加速）中,17.0,惰行,6.0,70.0,56.5,43.38,70.0,1967.9,13.0,102.36,0.0,-2.1,この先制限速度なし,177m先に下り勾配6.7‰あり,前方222.1m先を58.6km/h,後続列車なし,10.0,186.0,未発車,22.0,43.5,-0.5
188.89999999999984,Train11,次駅への減速フェーズ（駅手前400m以内）,ブレーキ（減速）中,4.999999999999998,力行（加速）,6.0,70.0,23.9,24.15,70.0,75.2,0.0,27.67,11.0,9.2,この先制限速度なし,この先目立った勾配なし,前方77.0m先を5.1km/h,後続列車なし,10.0,0.0,発車済み,35.0,70.0,-0.05
92.0,Train11,巡航フェーズ（駅間走行中）,惰行中,7.0,力行（加速）,14.0,70.0,70.0,44.84,70.0,1299.1,23.0,106.2,0.0,0.0,この先制限速度なし,309m先に上り勾配12.5‰あり,前方739.3m先を61.8km/h,後続列車なし,10.0,118.0,未発車,28.0,46.1,-0.5
191.3999999999997,Train11,次駅への減速フェーズ（駅手前400m以内）,ブレーキ（減速）中,1.2,力行（加速）,0.1,70.0,19.3,19.11,70.0,60.1,0.0,17.35,13.5,9.2,この先制限速度なし,この先目立った勾配なし,前方67.6m先を11.2km/h,後続列車なし,10.0,0.0,発車済み,35.0,70.0,-0.05
190.49999999999974,Train11,次駅への減速フェーズ（駅手前400m以内）,ブレーキ（減速）中,0.30000000000000004,力行（加速）,0.1,70.0,20.6,21.75,70.0,65.2,0.0,22.46,12.6,9.2,この先制限速度なし,この先目立った勾配なし,前方70.2m先を9.1km/h,後続列車なし,10.0,0.0,発車済み,35.0,70.0,-0.05
206.1999999999996,Train11,次駅への減速フェーズ（駅手前400m以内）,ブレーキ（減速）中,0.9999999999999999,惰行,0.30000000000000004,70.0,12.2,11.2,70.0,50.1,0.0,5.98,28.3,9.2,この先制限速度なし,この先目立った勾配なし,前方57.1m先を10.7km/h,後続列車なし,10.0,0.0,発車済み,35.0,70.0,-0.05
39.0,Train11,巡航フェーズ（駅間走行中）,ブレーキ（減速）中,6.0,惰行,1.0,70.0,70.0,33.1,70.0,1848.0,18.0,59.93,0.0,-2.1,この先制限速度なし,57m先に下り勾配6.7‰あり,前方361.8m先を63.0km/h,後続列車なし,10.0,156.0,未発車,28.0,47.2,-0.5
144.0,Train11,巡航フェーズ（駅間走行中）,惰行中,17.0,力行（加速）,13.0,70.0,70.0,35.54,70.0,618.8,34.0,67.04,0.0,0.0,この先制限速度なし,28m先に上り勾配6.1‰あり,前方619.1m先を0.0km/h,後続列車なし,10.0,59.0,未発車,35.0,37.1,-0.5
200.19999999999993,Train11,次駅への減速フェーズ（駅手前400m以内）,ブレーキ（減速）中,4.3,力行（加速）,4.0,70.0,26.3,28.05,70.0,82.4,0.0,37.27,22.3,9.2,この先制限速度なし,この先目立った勾配なし,前方82.8m先を0.0km/h,後続列車なし,10.0,2.8,未発車,35.0,23.0,-0.05
94.0,Train11,巡航フェーズ（駅間走行中）,惰行中,25.0,力行（加速）,6.0,70.0,70.0,48.83,70.0,1139.1,32.0,125.64,0.0,0.0,この先制限速度なし,149m先に上り勾配12.5‰あり,前方729.1m先を58.0km/h,後続列車なし,10.0,94.0,未発車,35.0,48.0,-0.5
22.0,Train11,巡航フェーズ（駅間走行中）,力行（加速）中,9.0,ブレーキ（減速）,6.0,70.0,70.0,24.92,70.0,2094.2,18.0,34.09,0.0,-2.1,この先制限速度なし,304m先に下り勾配6.7‰あり,前方316.3m先を56.9km/h,後続列車なし,10.0,188.0,未発車,28.0,46.0,-0.5
170.19999999999914,Train11,次駅への減速フェーズ（駅手前400m以内）,ブレーキ（減速）中,1.4000000000000001,力行（加速）,0.1,70.0,0.0,1.92,0.0,0.0,7.8,0.2,0.0,0.0,この先制限速度なし,この先目立った勾配なし,前方0.0m先を0.0km/h,後続列車なし,10.0,39.8,未発車,28.0,0.0,-0.05
29.0,Train11,巡航フェーズ（駅間走行中）,力行（加速）中,16.0,ブレーキ（減速）,6.0,70.0,70.0,35.81,70.0,2034.6,19.0,70.04,0.0,-2.1,この先制限速度なし,244m先に下り勾配6.7‰あり,前方373.0m先を62.7km/h,後続列車なし,10.0,181.0,未発車,28.0,46.1,-0.5
164.0,Train11,巡航フェーズ（駅間走行中）,ブレーキ（減速）中,4.0,力行（加速）,7.0,70.0,70.0,26.34,70.0,472.2,14.0,34.15,0.0,6.1,この先制限速度なし,282m先に上り勾配9.2‰あり,前方472.6m先を0.0km/h,後続列車なし,10.0,37.0,未発車,22.0,44.1,-0.5
54.0,Train11,巡航フェーズ（駅間走行中）,ブレーキ（減速）中,1.0,惰行,3.0,70.0,70.0,23.86,70.0,1810.8,25.0,31.27,0.0,-2.1,この先制限速度なし,20m先に下り勾配6.7‰あり,前方710.5m先を63.4km/h,後続列車なし,10.0,149.0,未発車,35.0,47.9,-0.5
113.0,Train11,巡航フェーズ（駅間走行中）,力行（加速）中,4.0,惰行,7.0,70.0,70.0,45.39,70.0,963.9,28.0,93.18,0.0,12.5,この先制限速度なし,この先目立った勾配なし,前方729.4m先を45.4km/h,後続列車なし,10.0,82.0,未発車,28.0,65.6,-0.5
195.19999999999993,Train11,次駅への減速フェーズ（駅手前400m以内）,ブレーキ（減速）中,0.2,力行（加速）,0.5,70.0,34.3,35.38,70.0,82.2,0.0,59.13,15.3,9.2,この先制限速度なし,この先目立った勾配なし,前方105.7m先を18.7km/h,後続列車なし,10.0,0.0,発車済み,35.0,70.0,-0.05
191.0999999999997,Train11,次駅への減速フェーズ（駅手前400m以内）,ブレーキ（減速）中,0.8999999999999999,力行（加速）,0.1,70.0,19.6,19.99,70.0,61.7,0.0,18.98,13.2,9.2,この先制限速度なし,この先目立った勾配なし,前方68.3m先を10.5km/h,後続列車なし,10.0,0.0,発車済み,35.0,70.0,-0.05
211.69999999999928,Train11,次駅への減速フェーズ（駅手前400m以内）,ブレーキ（減速）中,5.799999999999995,力行（加速）,0.1,70.0,0.0,0.42,70.0,35.2,0.0,0.01,33.8,9.2,この先制限速度なし,この先目立った勾配なし,前方38.5m先を7.2km/h,後続列車なし,10.0,0.0,発車済み,28.0,70.0,-0.05
205.7999999999996,Train11,次駅への減速フェーズ（駅手前400m以内）,ブレーキ（減速）中,0.6,惰行,0.30000000000000004,70.0,12.3,12.37,70.0,51.4,0.0,7.29,27.9,9.2,この先制限速度なし,この先目立った勾配なし,前方57.2m先を9.8km/h,後続列車なし,10.0,0.0,発車済み,35.0,70.0,-0.05
95.0,Train11,巡航フェーズ（駅間走行中）,ブレーキ（減速）中,6.0,力行（加速）,14.0,70.0,70.0,24.18,70.0,1382.0,23.0,31.19,0.0,0.0,この先制限速度なし,392m先に上り勾配12.5‰あり,前方873.2m先を60.5km/h,後続列車なし,10.0,115.0,未発車,28.0,49.7,-0.5
196.0,Train11,次駅への減速フェーズ（駅手前400m以内）,ブレーキ（減速）中,1.0,力行（加速）,4.0,70.0,39.3,40.49,70.0,122.3,0.0,77.24,19.0,9.2,この先制限速度なし,この先目立った勾配なし,前方122.7m先を0.0km/h,後続列車なし,10.0,7.0,未発車,35.0,26.9,-0.5
225.7999999999999,Train11,次駅への減速フェーズ（駅手前400m以内）,ブレーキ（減速）中,0.9999999999999999,惰行,0.1,70.0,35.8,36.75,70.0,71.8,0.0,63.73,45.9,9.2,この先制限速度なし,この先目立った勾配なし,前方110.4m先を23.0km/h,後続列車なし,10.0,0.0,発車済み,22.0,70.0,-0.05
198.99999999999926,Train11,次駅への減速フェーズ（駅手前400m以内）,ブレーキ（減速）中,1.8000000000000005,惰行,0.2,70.0,0.0,0,70.0,39.1,0.0,0.0,21.1,9.2,この先制限速度なし,この先目立った勾配なし,前方48.5m先を12.5km/h,後続列車なし,10.0,0.0,発車済み,28.0,70.0,-0.05
172.29999999999913,Train11,次駅への減速フェーズ（駅手前400m以内）,ブレーキ（減速）中,2.3000000000000007,力行（加速）,0.1,70.0,0.0,1.49,0.0,0.0,5.7,0.12,0.0,0.0,この先制限速度なし,この先目立った勾配なし,前方0.0m先を0.0km/h,後続列車なし,10.0,43.7,未発車,22.0,0.0,-0.05
191.79999999999967,Train11,次駅への減速フェーズ（駅手前400m以内）,ブレーキ（減速）中,1.6000000000000003,力行（加速）,0.1,70.0,18.8,17.94,70.0,58.0,0.0,15.3,13.9,9.2,この先制限速度なし,この先目立った勾配なし,前方66.8m先を12.1km/h,後続列車なし,10.0,0.0,発車済み,35.0,70.0,-0.05
102.0,Train11,巡航フェーズ（駅間走行中）,惰行中,2.0,力行（加速）,15.0,70.0,70.0,48.82,70.0,1253.8,18.0,125.58,0.0,0.0,この先制限速度なし,263m先に上り勾配12.5‰あり,前方761.7m先を60.1km/h,後続列車なし,10.0,99.0,未発車,22.0,50.9,-0.5
226.49999999999986,Train11,次駅への減速フェーズ（駅手前400m以内）,ブレーキ（減速）中,1.7000000000000004,惰行,0.1,70.0,35.1,34.67,70.0,64.9,0.0,56.78,46.6,9.2,この先制限速度なし,この先目立った勾配なし,前方108.1m先を24.0km/h,後続列車なし,10.0,0.0,発車済み,22.0,70.0,-0.05
147.0,Train11,巡航フェーズ（駅間走行中）,力行（加速）中,5.0,ブレーキ（減速）,6.0,70.0,70.0,13.43,70.0,990.5,23.0,9.66,0.0,0.0,この先制限速度なし,0m先に上り勾配12.5‰あり,前方978.4m先を10.7km/h,後続列車なし,10.0,69.0,未発車,22.0,52.9,-0.5
66.0,Train11,巡航フェーズ（駅間走行中）,惰行中,2.0,力行（加速）,8.0,70.0,70.0,47.1,70.0,1550.2,18.0,117.02,0.0,0.0,この先制限速度なし,この先目立った勾配なし,前方537.8m先を63.1km/h,後続列車なし,10.0,129.0,未発車,28.0,51.5,-0.5
43.0,Train11,巡航フェーズ（駅間走行中）,ブレーキ（減速）中,4.0,力行（加速）,6.0,70.0,70.0,25.22,70.0,1927.5,12.0,34.92,0.0,-2.1,この先制限速度なし,137m先に下り勾配6.7‰あり,前方406.2m先を63.5km/h,後続列車なし,10.0,158.0,未発車,22.0,49.0,-0.5
198.89999999999927,Train11,次駅への減速フェーズ（駅手前400m以内）,ブレーキ（減速）中,1.7000000000000004,惰行,0.2,70.0,0.0,0,70.0,39.1,0.0,0.0,21.0,9.2,この先制限速度なし,この先目立った勾配なし,前方48.2m先を12.3km/h,後続列車なし,10.0,0.0,発車済み,28.0,70.0,-0.05
134.0,Train11,巡航フェーズ（駅間走行中）,力行（加速）中,2.0,ブレーキ（減速）,6.0,70.0,70.0,36.08,70.0,696.1,29.0,69.07,0.0,0.0,この先制限速度なし,106m先に上り勾配6.1‰あり,前方654.5m先を19.7km/h,後続列車なし,10.0,61.0,未発車,28.0,40.9,-0.5
143.0,Train11,巡航フェーズ（駅間走行中）,惰行中,5.0,力行（加速）,12.0,70.0,70.0,36.62,70.0,727.9,29.0,71.12,0.0,0.0,この先制限速度なし,137m先に上り勾配6.1‰あり,前方721.1m先を8.1km/h,後続列車なし,10.0,52.0,未発車,28.0,48.1,-0.5
40.0,Train11,巡航フェーズ（駅間走行中）,力行（加速）中,27.0,ブレーキ（減速）,6.0,70.0,70.0,47.09,70.0,1906.8,25.0,120.36,0.0,-2.1,この先制限速度なし,116m先に下り勾配6.7‰あり,前方561.0m先を63.5km/h,後続列車なし,10.0,148.0,未発車,35.0,51.5,-0.5
108.0,Train11,巡航フェーズ（駅間走行中）,力行（加速）中,3.0,惰行,46.0,70.0,70.0,42.11,70.0,963.1,36.0,80.32,0.0,12.5,この先制限速度なし,この先目立った勾配なし,前方753.1m先を42.9km/h,後続列車なし,10.0,95.0,未発車,35.0,64.7,-0.5
191.1999999999997,Train11,次駅への減速フェーズ（駅手前400m以内）,ブレーキ（減速）中,0.9999999999999999,力行（加速）,0.1,70.0,19.5,19.7,70.0,61.1,0.0,18.43,13.3,9.2,この先制限速度なし,この先目立った勾配なし,前方68.1m先を10.7km/h,後続列車なし,10.0,0.0,発車済み,35.0,70.0,-0.05
101.0,Train11,巡航フェーズ（駅間走行中）,惰行中,1.0,力行（加速）,15.0,70.0,70.0,48.99,70.0,1267.4,17.0,126.47,0.0,0.0,この先制限速度なし,277m先に上り勾配12.5‰あり,前方758.6m先を60.5km/h,後続列車なし,10.0,100.0,未発車,22.0,50.7,-0.5
227.09999999999982,Train11,次駅への減速フェーズ（駅手前400m以内）,ブレーキ（減速）中,2.3000000000000007,惰行,0.1,70.0,34.6,32.89,70.0,59.3,0.0,51.15,47.2,9.2,この先制限速度なし,この先目立った勾配なし,前方106.5m先を24.9km/h,後続列車なし,10.0,0.0,発車済み,22.0,70.0,-0.05
195.09999999999988,Train11,次駅への減速フェーズ（駅手前400m以内）,ブレーキ（減速）中,0.1,力行（加速）,0.1,70.0,25.0,26.65,70.0,79.1,0.0,33.66,17.2,9.2,この先制限速度なし,この先目立った勾配なし,前方79.5m先を0.0km/h,後続列車なし,10.0,5.9,未発車,22.0,19.2,-0.05
207.89999999999966,Train11,次駅への減速フェーズ（駅手前400m以内）,ブレーキ（減速）中,2.600000000000001,力行（加速）,0.1,70.0,20.4,19.23,70.0,47.8,0.0,17.56,28.0,9.2,この先制限速度なし,この先目立った勾配なし,前方69.7m先を18.2km/h,後続列車なし,10.0,0.0,発車済み,22.0,70.0,-0.05
122.0,Train11,巡航フェーズ（駅間走行中）,力行（加速）中,2.0,惰行,8.0,70.0,70.0,51.27,70.0,973.6,23.0,118.48,0.0,12.5,この先制限速度なし,この先目立った勾配なし,前方775.3m先を41.7km/h,後続列車なし,10.0,79.0,未発車,22.0,66.5,-0.5
76.0,Train11,巡航フェーズ（駅間走行中）,力行（加速）中,1.0,ブレーキ（減速）,6.0,70.0,70.0,13.03,70.0,1528.6,19.0,9.1,0.0,0.0,この先制限速度なし,この先目立った勾配なし,前方690.6m先を62.4km/h,後続列車なし,10.0,134.0,未発車,28.0,49.6,-0.5
186.0,Train11,次駅への減速フェーズ（駅手前400m以内）,ブレーキ（減速）中,1.1,惰行,19.0,70.0,32.4,34.34,70.0,99.1,0.0,55.7,8.1,9.2,この先制限速度なし,この先目立った勾配なし,前方99.5m先を0.0km/h,後続列車なし,10.0,9.0,未発車,28.0,21.1,-0.05
166.0,Train11,巡航フェーズ（駅間走行中）,力行（加速）中,24.0,ブレーキ（減速）,6.0,70.0,70.0,37.33,70.0,845.7,12.0,63.25,0.0,12.5,この先制限速度なし,この先目立った勾配なし,前方846.1m先を0.0km/h,後続列車なし,10.0,50.0,未発車,22.0,69.9,-0.5
204.89999999999966,Train11,次駅への減速フェーズ（駅手前400m以内）,ブレーキ（減速）中,8.999999999999984,力行（加速）,4.0,70.0,13.3,14.25,70.0,54.8,0.0,9.67,27.0,9.2,この先制限速度なし,この先目立った勾配なし,前方58.4m先を7.7km/h,後続列車なし,10.0,0.0,発車済み,35.0,70.0,-0.05
225.29999999999993,Train11,次駅への減速フェーズ（駅手前400m以内）,ブレーキ（減速）中,0.5,惰行,0.1,70.0,36.4,38.23,70.0,77.0,0.0,68.93,45.4,9.2,この先制限速度なし,この先目立った勾配なし,前方112.5m先を22.2km/h,後続列車なし,10.0,0.0,発車済み,22.0,70.0,-0.05
198.3999999999993,Train11,次駅への減速フェーズ（駅手前400m以内）,ブレーキ（減速）中,1.2,惰行,0.2,70.0,0.0,1.21,70.0,39.1,0.0,0.07,20.5,9.2,この先制限速度なし,この先目立った勾配なし,前方46.7m先を11.2km/h,後続列車なし,10.0,0.0,発車済み,28.0,70.0,-0.05
35.0,Train11,巡航フェーズ（駅間走行中）,力行（加速）中,5.0,ブレーキ（減速）,6.0,70.0,70.0,33.42,70.0,1899.0,18.0,61.06,0.0,-2.1,この先制限速度なし,108m先に下り勾配6.7‰あり,前方342.6m先を63.1km/h,後続列車なし,10.0,175.0,未発車,28.0,44.1,-0.5
195.39999999999986,Train11,次駅への減速フェーズ（駅手前400m以内）,ブレーキ（減速）中,0.4,力行（加速）,0.1,70.0,24.0,25.77,70.0,76.9,0.0,31.47,17.5,9.2,この先制限速度なし,この先目立った勾配なし,前方77.3m先を0.0km/h,後続列車なし,10.0,5.6,未発車,22.0,19.0,-0.05
199.89999999999966,Train11,次駅への減速フェーズ（駅手前400m以内）,ブレーキ（減速）中,0.4,力行（加速）,0.1,70.0,30.4,28.48,70.0,40.9,0.0,38.42,20.0,9.2,この先制限速度なし,この先目立った勾配なし,前方93.8m先を26.0km/h,後続列車なし,10.0,0.0,発車済み,35.0,70.0,-0.05
84.0,Train11,巡航フェーズ（駅間走行中）,力行（加速）中,9.0,ブレーキ（減速）,6.0,70.0,70.0,29.12,70.0,1480.5,21.0,45.14,0.0,0.0,この先制限速度なし,490m先に上り勾配12.5‰あり,前方782.2m先を63.2km/h,後続列車なし,10.0,126.0,未発車,28.0,49.9,-0.5
226.09999999999988,Train11,次駅への減速フェーズ（駅手前400m以内）,ブレーキ（減速）中,1.3,惰行,0.1,70.0,35.5,35.86,70.0,68.8,0.0,60.7,46.2,9.2,この先制限速度なし,この先目立った勾配なし,前方109.3m先を23.4km/h,後続列車なし,10.0,0.0,発車済み,22.0,70.0,-0.05
188.99999999999983,Train11,次駅への減速フェーズ（駅手前400m以内）,ブレーキ（減速）中,5.099999999999998,力行（加速）,6.0,70.0,23.6,23.86,70.0,74.5,0.0,27.01,11.1,9.2,この先制限速度なし,この先目立った勾配なし,前方76.4m先を5.4km/h,後続列車なし,10.0,0.0,発車済み,35.0,70.0,-0.05
199.0,Train11,巡航フェーズ（駅間走行中）,力行（加速）中,11.0,惰行,3.0,70.0,70.0,48.64,70.0,449.3,0.0,115.28,22.0,6.1,この先制限速度なし,259m先に上り勾配9.2‰あり,前方449.7m先を0.0km/h,後続列車なし,10.0,17.0,未発車,22.0,70.0,-0.5
187.5999999999999,Train11,次駅への減速フェーズ（駅手前400m以内）,ブレーキ（減速）中,3.7000000000000015,力行（加速）,6.0,70.0,27.3,27.98,70.0,84.6,0.0,37.09,9.7,9.2,この先制限速度なし,この先目立った勾配なし,前方85.2m先を1.7km/h,後続列車なし,10.0,0.4,未発車,35.0,31.8,-0.05
194.5999999999999,Train11,次駅への減速フェーズ（駅手前400m以内）,ブレーキ（減速）中,1.3,惰行,17.400000000000006,70.0,26.5,27.69,70.0,82.9,0.0,36.31,16.7,9.2,この先制限速度なし,この先目立った勾配なし,前方83.2m先を0.0km/h,後続列車なし,10.0,6.4,未発車,22.0,19.3,-0.05
199.69999999999996,Train11,次駅への減速フェーズ（駅手前400m以内）,ブレーキ（減速）中,3.8000000000000007,力行（加速）,4.0,70.0,27.9,29.53,70.0,86.4,0.0,41.27,21.8,9.2,この先制限速度なし,この先目立った勾配なし,前方86.7m先を0.0km/h,後続列車なし,10.0,3.3,未発車,35.0,23.6,-0.05
173.0,Train11,巡航フェーズ（駅間走行中）,力行（加速）中,31.0,ブレーキ（減速）,6.0,70.0,70.0,42.26,70.0,768.6,5.0,94.46,0.0,0.0,この先制限速度なし,178m先に上り勾配6.1‰あり,前方769.0m先を0.0km/h,後続列車なし,10.0,43.0,未発車,22.0,61.3,-0.5
186.59999999999997,Train11,次駅への減速フェーズ（駅手前400m以内）,ブレーキ（減速）中,2.7000000000000006,力行（加速）,6.0,70.0,30.2,30.93,70.0,92.8,0.0,45.27,8.7,9.2,この先制限速度なし,この先目立った勾配なし,前方93.2m先を0.0km/h,後続列車なし,10.0,1.4,未発車,35.0,31.7,-0.05
43.0,Train11,巡航フェーズ（駅間走行中）,力行（加速）中,11.0,ブレーキ（減速）,7.0,70.0,70.0,38.68,70.0,1828.9,25.0,81.6,0.0,-2.1,この先制限速度なし,38m先に下り勾配6.7‰あり,前方535.7m先を62.9km/h,後続列車なし,10.0,145.0,未発車,35.0,50.1,-0.5
41.0,Train11,巡航フェーズ（駅間走行中）,力行（加速）中,11.0,ブレーキ（減速）,6.0,70.0,70.0,40.8,70.0,1836.8,18.0,90.67,0.0,-2.1,この先制限速度なし,46m先に下り勾配6.7‰あり,前方385.6m先を63.3km/h,後続列車なし,10.0,169.0,未発車,28.0,43.9,-0.5
195.6999999999999,Train11,次駅への減速フェーズ（駅手前400m以内）,ブレーキ（減速）中,0.7,力行（加速）,0.5,70.0,33.7,33.9,70.0,77.4,0.0,54.31,15.8,9.2,この先制限速度なし,この先目立った勾配なし,前方103.5m先を19.6km/h,後続列車なし,10.0,0.0,発車済み,35.0,70.0,-0.05
91.0,Train11,巡航フェーズ（駅間走行中）,惰行中,6.0,ブレーキ（減速）,1.0,70.0,70.0,45.06,70.0,1475.7,31.0,107.2,0.0,0.0,この先制限速度なし,485m先に上り勾配12.5‰あり,前方1016.8m先を59.3km/h,後続列車なし,10.0,112.0,未発車,35.0,54.3,-0.5
205.69999999999962,Train11,次駅への減速フェーズ（駅手前400m以内）,ブレーキ（減速）中,0.5,惰行,0.30000000000000004,70.0,12.4,12.66,70.0,51.8,0.0,7.64,27.8,9.2,この先制限速度なし,この先目立った勾配なし,前方57.3m先を9.6km/h,後続列車なし,10.0,0.0,発車済み,35.0,70.0,-0.05
207.59999999999968,Train11,次駅への減速フェーズ（駅手前400m以内）,ブレーキ（減速）中,2.3000000000000007,力行（加速）,0.1,70.0,20.5,20.11,70.0,49.4,0.0,19.2,27.7,9.2,この先制限速度なし,この先目立った勾配なし,前方69.9m先を17.6km/h,後続列車なし,10.0,0.0,発車済み,22.0,70.0,-0.05
195.49999999999986,Train11,次駅への減速フェーズ（駅手前400m以内）,ブレーキ（減速）中,0.5,力行（加速）,0.1,70.0,23.7,25.47,70.0,76.2,0.0,30.76,17.6,9.2,この先制限速度なし,この先目立った勾配なし,前方76.6m先を0.0km/h,後続列車なし,10.0,5.5,未発車,22.0,18.9,-0.05
22.0,Train11,巡航フェーズ（駅間走行中）,力行（加速）中,13.0,惰行,6.0,70.0,53.6,34.56,70.0,2070.5,13.0,65.28,0.0,-2.1,この先制限速度なし,280m先に下り勾配6.7‰あり,前方201.8m先を52.2km/h,後続列車なし,10.0,179.0,未発車,22.0,47.4,-0.5
190.99999999999972,Train11,次駅への減速フェーズ（駅手前400m以内）,ブレーキ（減速）中,0.7999999999999999,力行（加速）,0.1,70.0,19.8,20.28,70.0,62.2,0.0,19.54,13.1,9.2,この先制限速度なし,この先目立った勾配なし,前方68.5m先を10.3km/h,後続列車なし,10.0,0.0,発車済み,35.0,70.0,-0.05
152.0,Train11,巡航フェーズ（駅間走行中）,力行（加速）中,2.0,惰行,6.0,70.0,70.0,38.61,70.0,572.1,26.0,73.02,0.0,6.1,この先制限速度なし,382m先に上り勾配9.2‰あり,前方572.4m先を0.0km/h,後続列車なし,10.0,58.0,未発車,28.0,41.6,-0.5
188.59999999999985,Train11,次駅への減速フェーズ（駅手前400m以内）,ブレーキ（減速）中,4.699999999999999,力行（加速）,6.0,70.0,24.6,25.04,70.0,77.2,0.0,29.72,10.7,9.2,この先制限速度なし,この先目立った勾配なし,前方78.7m先を4.4km/h,後続列車なし,10.0,0.0,発車済み,35.0,70.0,-0.05
195.9999999999999,Train11,次駅への減速フェーズ（駅手前400m以内）,ブレーキ（減速）中,0.9999999999999999,力行（加速）,0.5,70.0,33.3,33.02,70.0,74.6,0.0,51.53,16.1,9.2,この先制限速度なし,この先目立った勾配なし,前方102.4m先を20.1km/h,後続列車なし,10.0,0.0,発車済み,35.0,70.0,-0.05
132.0,Train11,巡航フェーズ（駅間走行中）,力行（加速）中,10.0,惰行,6.0,70.0,70.0,61.87,70.0,831.3,36.0,171.51,0.0,12.5,この先制限速度なし,この先目立った勾配なし,前方812.7m先を13.3km/h,後続列車なし,10.0,71.0,未発車,35.0,61.1,-0.5
190.29999999999976,Train11,次駅への減速フェーズ（駅手前400m以内）,ブレーキ（減速）中,0.1,力行（加速）,0.1,70.0,21.0,22.34,70.0,66.4,0.0,23.69,12.4,9.2,この先制限速度なし,この先目立った勾配なし,前方70.9m先を8.6km/h,後続列車なし,10.0,0.0,発車済み,35.0,70.0,-0.05
187.8999999999999,Train11,次駅への減速フェーズ（駅手前400m以内）,ブレーキ（減速）中,4.000000000000002,力行（加速）,6.0,70.0,26.4,27.1,70.0,82.3,0.0,34.79,10.0,9.2,この先制限速度なし,この先目立った勾配なし,前方83.0m先を2.5km/h,後続列車なし,10.0,0.1,未発車,35.0,31.3,-0.05
43.0,Train11,巡航フェーズ（駅間走行中）,惰行中,1.0,力行（加速）,29.0,70.0,70.0,49.68,70.0,1866.5,25.0,133.76,0.0,-2.1,この先制限速度なし,76m先に下り勾配6.7‰あり,前方573.3m先を62.9km/h,後続列車なし,10.0,145.0,未発車,35.0,51.0,-0.5
187.29999999999993,Train11,次駅への減速フェーズ（駅手前400m以内）,ブレーキ（減速）中,3.4000000000000012,力行（加速）,6.0,70.0,28.1,28.87,70.0,87.0,0.0,39.46,9.4,9.2,この先制限速度なし,この先目立った勾配なし,前方87.5m先を0.8km/h,後続列車なし,10.0,0.7,未発車,35.0,28.7,-0.05
196.09999999999988,Train11,次駅への減速フェーズ（駅手前400m以内）,ブレーキ（減速）中,1.0999999999999999,力行（加速）,0.5,70.0,33.2,32.72,70.0,73.7,0.0,50.61,16.2,9.2,この先制限速度なし,この先目立った勾配なし,前方102.0m先を20.3km/h,後続列車なし,10.0,0.0,発車済み,35.0,70.0,-0.05
199.1,Train11,次駅への減速フェーズ（駅手前400m以内）,ブレーキ（減速）中,3.2,力行（加速）,4.0,70.0,29.7,31.3,70.0,91.4,0.0,46.34,21.2,9.2,この先制限速度なし,この先目立った勾配なし,前方91.8m先を0.0km/h,後続列車なし,10.0,3.9,未発車,35.0,23.6,-0.05
79.0,Train11,巡航フェーズ（駅間走行中）,力行（加速）中,8.0,ブレーキ（減速）,6.0,70.0,70.0,39.52,70.0,1457.8,19.0,82.72,0.0,0.0,この先制限速度なし,467m先に上り勾配12.5‰あり,前方671.9m先を62.8km/h,後続列車なし,10.0,131.0,未発車,28.0,48.0,-0.5
72.0,Train11,巡航フェーズ（駅間走行中）,力行（加速）中,3.0,惰行,5.0,70.0,70.0,48.04,70.0,1472.0,18.0,121.68,0.0,0.0,この先制限速度なし,482m先に上り勾配12.5‰あり,前方564.2m先を62.7km/h,後続列車なし,10.0,123.0,未発車,28.0,50.5,-0.5
199.0999999999997,Train11,次駅への減速フェーズ（駅手前400m以内）,ブレーキ（減速）中,0.5,力行（加速）,0.1,70.0,30.7,30.42,70.0,47.4,0.0,43.79,19.2,9.2,この先制限速度なし,この先目立った勾配なし,前方94.6m先を24.9km/h,後続列車なし,10.0,0.0,発車済み,35.0,70.0,-0.05
116.0,Train11,巡航フェーズ（駅間走行中）,力行（加速）中,9.0,惰行,10.0,70.0,70.0,54.5,70.0,868.1,22.0,133.67,0.0,12.5,この先制限速度なし,この先目立った勾配なし,前方594.2m先を49.1km/h,後続列車なし,10.0,85.0,未発車,22.0,61.3,-0.5
119.0,Train11,巡航フェーズ（駅間走行中）,ブレーキ（減速）中,5.0,力行（加速）,1.0,70.0,70.0,32.73,70.0,928.8,29.0,48.71,0.0,12.5,この先制限速度なし,この先目立った勾配なし,前方764.1m先を39.5km/h,後続列車なし,10.0,76.0,未発車,28.0,64.9,-0.5
34.0,Train11,巡航フェーズ（駅間走行中）,ブレーキ（減速）中,1.0,力行（加速）,3.0,70.0,70.0,28.24,70.0,1928.0,25.0,43.71,0.0,-2.1,この先制限速度なし,138m先に下り勾配6.7‰あり,前方476.9m先を63.3km/h,後続列車なし,10.0,169.0,未発車,35.0,46.0,-0.5
194.6999999999999,Train11,次駅への減速フェーズ（駅手前400m以内）,ブレーキ（減速）中,1.4000000000000001,惰行,17.400000000000006,70.0,26.2,27.39,70.0,82.1,0.0,35.55,16.8,9.2,この先制限速度なし,この先目立った勾配なし,前方82.5m先を0.0km/h,後続列車なし,10.0,6.3,未発車,22.0,19.5,-0.05
165.0,Train11,巡航フェーズ（駅間走行中）,ブレーキ（減速）中,4.0,力行（加速）,10.0,70.0,70.0,28.14,70.0,537.4,13.0,38.97,0.0,6.1,この先制限速度なし,347m先に上り勾配9.2‰あり,前方537.8m先を0.0km/h,後続列車なし,10.0,30.0,未発車,28.0,59.7,-0.5
130.0,Train11,次駅への減速フェーズ（駅手前400m以内）,ブレーキ（減速）中,5.0,力行（加速）,23.0,70.0,49.8,50.98,70.0,285.0,23.0,126.43,0.0,6.1,この先制限速度なし,94m先に上り勾配9.2‰あり,前方170.5m先を32.8km/h,後続列車なし,10.0,71.0,未発車,22.0,25.7,-0.5
44.0,Train11,巡航フェーズ（駅間走行中）,力行（加速）中,1.0,ブレーキ（減速）,4.0,70.0,70.0,22.68,70.0,1920.8,12.0,28.27,0.0,-2.1,この先制限速度なし,130m先に下り勾配6.7‰あり,前方417.2m先を63.2km/h,後続列車なし,10.0,157.0,未発車,22.0,49.2,-0.5
108.0,Train11,巡航フェーズ（駅間走行中）,力行（加速）中,8.0,ブレーキ（減速）,7.0,70.0,70.0,42.87,70.0,1047.1,36.0,97.18,0.0,0.0,この先制限速度なし,57m先に上り勾配12.5‰あり,前方837.0m先を42.9km/h,後続列車なし,10.0,80.0,未発車,35.0,50.2,-0.5
110.0,Train11,巡航フェーズ（駅間走行中）,力行（加速）中,1.0,ブレーキ（減速）,7.0,70.0,70.0,26.72,70.0,946.5,36.0,32.54,0.0,12.5,この先制限速度なし,この先目立った勾配なし,前方759.6m先を40.4km/h,後続列車なし,10.0,78.0,未発車,35.0,65.3,-0.5
198.79999999999927,Train11,次駅への減速フェーズ（駅手前400m以内）,ブレーキ（減速）中,1.6000000000000003,惰行,0.2,70.0,0.0,0.05,70.0,39.1,0.0,0.0,20.9,9.2,この先制限速度なし,この先目立った勾配なし,前方47.9m先を12.1km/h,後続列車なし,10.0,0.0,発車済み,28.0,70.0,-0.05
172.19999999999914,Train11,次駅への減速フェーズ（駅手前400m以内）,ブレーキ（減速）中,3.1000000000000014,力行（加速）,0.1,70.0,0.0,1.29,0.0,0.0,5.8,0.09,0.0,0.0,この先制限速度なし,この先目立った勾配なし,前方0.0m先を0.0km/h,後続列車なし,10.0,28.8,未発車,22.0,0.0,-0.05
154.0,Train11,巡航フェーズ（駅間走行中）,力行（加速）中,12.0,ブレーキ（減速）,6.0,70.0,70.0,25.21,70.0,952.1,24.0,28.99,0.0,12.5,この先制限速度なし,この先目立った勾配なし,前方952.2m先を1.8km/h,後続列車なし,10.0,62.0,未発車,22.0,70.0,-0.5
193.99999999999994,Train11,次駅への減速フェーズ（駅手前400m以内）,ブレーキ（減速）中,0.7,惰行,17.400000000000006,70.0,28.3,29.46,70.0,87.6,0.0,41.07,16.1,9.2,この先制限速度なし,この先目立った勾配なし,前方88.0m先を0.0km/h,後続列車なし,10.0,7.0,未発車,22.0,19.8,-0.05
200.09999999999994,Train11,次駅への減速フェーズ（駅手前400m以内）,ブレーキ（減速）中,4.2,力行（加速）,4.0,70.0,26.6,28.35,70.0,83.2,0.0,38.05,22.2,9.2,この先制限速度なし,この先目立った勾配なし,前方83.5m先を0.0km/h,後続列車なし,10.0,2.9,未発車,35.0,23.6,-0.05
198.79999999999973,Train11,次駅への減速フェーズ（駅手前400m以内）,ブレーキ（減速）中,0.2,力行（加速）,0.1,70.0,30.9,31.31,70.0,50.0,0.0,46.36,18.9,9.2,この先制限速度なし,この先目立った勾配なし,前方95.2m先を24.5km/h,後続列車なし,10.0,0.0,発車済み,35.0,70.0,-0.05
89.0,Train11,巡航フェーズ（駅間走行中）,力行（加速）中,4.0,ブレーキ（減速）,6.0,70.0,70.0,38.37,70.0,1413.9,14.0,78.02,0.0,0.0,この先制限速度なし,423m先に上り勾配12.5‰あり,前方698.1m先を63.4km/h,後続列車なし,10.0,112.0,未発車,22.0,52.2,-0.5
199.0,Train11,巡航フェーズ（駅間走行中）,力行（加速）中,17.0,ブレーキ（減速）,6.0,70.0,70.0,36.52,70.0,516.9,0.0,65.38,22.0,6.1,この先制限速度なし,326m先に上り勾配9.2‰あり,前方517.3m先を0.0km/h,後続列車なし,10.0,11.0,未発車,28.0,70.0,-0.5
147.0,Train11,巡航フェーズ（駅間走行中）,力行（加速）中,1.0,惰行,19.0,70.0,70.0,35.11,70.0,589.3,31.0,60.46,0.0,6.1,この先制限速度なし,399m先に上り勾配9.2‰あり,前方589.7m先を0.0km/h,後続列車なし,10.0,56.0,未発車,35.0,43.5,-0.5
58.0,Train11,巡航フェーズ（駅間走行中）,ブレーキ（減速）中,5.0,惰行,3.0,70.0,70.0,13.73,70.0,1789.9,25.0,11.11,0.0,-6.7,この先制限速度なし,この先目立った勾配なし,前方760.0m先を63.3km/h,後続列車なし,10.0,145.0,未発車,35.0,36.0,-0.5
208.09999999999965,Train11,次駅への減速フェーズ（駅手前400m以内）,ブレーキ（減速）中,2.800000000000001,力行（加速）,0.1,70.0,20.4,18.64,70.0,46.7,0.0,16.51,28.2,9.2,この先制限速度なし,この先目立った勾配なし,前方69.7m先を18.5km/h,後続列車なし,10.0,0.0,発車済み,22.0,70.0,-0.05
173.0,Train11,巡航フェーズ（駅間走行中）,力行（加速）中,7.0,ブレーキ（減速）,6.0,70.0,70.0,28.11,70.0,415.0,5.0,38.87,0.0,6.1,この先制限速度なし,225m先に上り勾配9.2‰あり,前方415.4m先を0.0km/h,後続列車なし,10.0,28.0,未発車,22.0,47.6,-0.5
207.69999999999968,Train11,次駅への減速フェーズ（駅手前400m以内）,ブレーキ（減速）中,2.400000000000001,力行（加速）,0.1,70.0,20.4,19.81,70.0,48.9,0.0,18.65,27.8,9.2,この先制限速度なし,この先目立った勾配なし,前方69.8m先を17.8km/h,後続列車なし,10.0,0.0,発車済み,22.0,70.0,-0.05
206.39999999999958,Train11,次駅への減速フェーズ（駅手前400m以内）,ブレーキ（減速）中,1.2,惰行,0.30000000000000004,70.0,12.2,10.62,70.0,49.5,0.0,5.37,28.5,9.2,この先制限速度なし,この先目立った勾配なし,前方57.1m先を11.2km/h,後続列車なし,10.0,0.0,発車済み,35.0,70.0,-0.05
96.0,Train11,巡航フェーズ（駅間走行中）,惰行中,11.0,力行（加速）,14.0,70.0,70.0,44.19,70.0,1249.6,24.0,103.17,0.0,0.0,この先制限速度なし,259m先に上り勾配12.5‰あり,前方757.6m先を60.1km/h,後続列車なし,10.0,114.0,未発車,28.0,45.5,-0.5
42.0,Train11,巡航フェーズ（駅間走行中）,力行（加速）中,12.0,ブレーキ（減速）,6.0,70.0,70.0,41.81,70.0,1825.3,18.0,95.16,0.0,-2.1,この先制限速度なし,35m先に下り勾配6.7‰あり,前方391.7m先を63.1km/h,後続列車なし,10.0,168.0,未発車,28.0,43.8,-0.5
199.3999999999997,Train11,次駅への減速フェーズ（駅手前400m以内）,ブレーキ（減速）中,0.7999999999999999,力行（加速）,0.1,70.0,30.6,29.53,70.0,44.9,0.0,41.29,19.5,9.2,この先制限速度なし,この先目立った勾配なし,前方94.3m先を25.3km/h,後続列車なし,10.0,0.0,発車済み,35.0,70.0,-0.05
188.09999999999988,Train11,次駅への減速フェーズ（駅手前400m以内）,ブレーキ（減速）中,4.200000000000001,力行（加速）,6.0,70.0,25.9,26.51,70.0,80.8,0.0,33.3,10.2,9.2,この先制限速度なし,この先目立った勾配なし,前方81.7m先を3.0km/h,後続列車なし,10.0,0.0,発車済み,35.0,70.0,-0.05
206.29999999999959,Train11,次駅への減速フェーズ（駅手前400m以内）,ブレーキ（減速）中,1.0999999999999999,惰行,0.30000000000000004,70.0,12.2,10.91,70.0,49.8,0.0,5.67,28.4,9.2,この先制限速度なし,この先目立った勾配なし,前方57.1m先を10.9km/h,後続列車なし,10.0,0.0,発車済み,35.0,70.0,-0.05
155.0,Train11,巡航フェーズ（駅間走行中）,力行（加速）中,2.0,ブレーキ（減速）,7.0,70.0,70.0,21.64,70.0,448.6,23.0,23.09,0.0,6.1,この先制限速度なし,258m先に上り勾配9.2‰あり,前方448.9m先を0.5km/h,後続列車なし,10.0,46.0,未発車,22.0,38.0,-0.5
128.0,Train11,巡航フェーズ（駅間走行中）,惰行中,1.0,力行（加速）,13.0,70.0,70.0,37.82,70.0,781.8,36.0,75.84,0.0,0.0,この先制限速度なし,191m先に上り勾配6.1‰あり,前方745.5m先を18.4km/h,後続列車なし,10.0,75.0,未発車,35.0,39.2,-0.5
92.0,Train11,巡航フェーズ（駅間走行中）,力行（加速）中,1.0,ブレーキ（減速）,6.0,70.0,70.0,33.4,70.0,1208.5,23.0,59.28,0.0,0.0,この先制限速度なし,218m先に上り勾配12.5‰あり,前方648.8m先を61.8km/h,後続列車なし,10.0,103.0,未発車,28.0,47.1,-0.5
210.39999999999952,Train11,次駅への減速フェーズ（駅手前400m以内）,ブレーキ（減速）中,0.2,力行（加速）,2.0000000000000004,70.0,20.6,21.33,70.0,34.1,0.0,21.6,30.5,9.2,この先制限速度なし,この先目立った勾配なし,前方70.1m先を22.4km/h,後続列車なし,10.0,0.0,発車済み,22.0,70.0,-0.05
135.0,Train11,巡航フェーズ（駅間走行中）,力行（加速）中,13.0,惰行,6.0,70.0,70.0,42.92,70.0,709.5,36.0,97.39,0.0,0.0,この先制限速度なし,119m先に上り勾配6.1‰あり,前方700.3m先を9.4km/h,後続列車なし,10.0,53.0,未発車,35.0,46.8,-0.5
190.59999999999974,Train11,次駅への減速フェーズ（駅手前400m以内）,ブレーキ（減速）中,0.4,力行（加速）,0.1,70.0,20.5,21.46,70.0,64.6,0.0,21.86,12.7,9.2,この先制限速度なし,この先目立った勾配なし,前方69.9m先を9.3km/h,後続列車なし,10.0,0.0,発車済み,35.0,70.0,-0.05
163.0,Train11,巡航フェーズ（駅間走行中）,ブレーキ（減速）中,2.0,力行（加速）,10.0,70.0,70.0,33.84,70.0,554.6,15.0,56.19,0.0,6.1,この先制限速度なし,364m先に上り勾配9.2‰あり,前方555.0m先を0.0km/h,後続列車なし,10.0,32.0,未発車,28.0,59.3,-0.5
137.0,Train11,巡航フェーズ（駅間走行中）,惰行中,1.0,力行（加速）,14.0,70.0,70.0,44.65,70.0,685.2,36.0,105.33,0.0,0.0,この先制限速度なし,95m先に上り勾配6.1‰あり,前方680.4m先を6.9km/h,後続列車なし,10.0,51.0,未発車,35.0,46.4,-0.5
196.29999999999987,Train11,次駅への減速フェーズ（駅手前400m以内）,ブレーキ（減速）中,1.3,力行（加速）,0.5,70.0,33.0,32.13,70.0,71.9,0.0,48.81,16.4,9.2,この先制限速度なし,この先目立った勾配なし,前方101.4m先を20.6km/h,後続列車なし,10.0,0.0,発車済み,35.0,70.0,-0.05
193.79999999999995,Train11,次駅への減速フェーズ（駅手前400m以内）,ブレーキ（減速）中,0.5,惰行,17.400000000000006,70.0,29.0,30.05,70.0,89.3,0.0,42.72,15.9,9.2,この先制限速度なし,この先目立った勾配なし,前方89.7m先を0.0km/h,後続列車なし,10.0,7.2,未発車,22.0,20.5,-0.05
199.49999999999997,Train11,次駅への減速フェーズ（駅手前400m以内）,ブレーキ（減速）中,3.6000000000000005,力行（加速）,4.0,70.0,28.5,30.12,70.0,88.0,0.0,42.93,21.6,9.2,この先制限速度なし,この先目立った勾配なし,前方88.4m先を0.0km/h,後続列車なし,10.0,3.5,未発車,35.0,24.0,-0.05
116.0,Train11,巡航フェーズ（駅間走行中）,ブレーキ（減速）中,2.0,力行（加速）,1.0,70.0,70.0,41.99,70.0,959.9,29.0,79.84,0.0,12.5,この先制限速度なし,この先目立った勾配なし,前方761.6m先を41.7km/h,後続列車なし,10.0,79.0,未発車,28.0,65.9,-0.5
200.9999999999999,Train11,次駅への減速フェーズ（駅手前400m以内）,ブレーキ（減速）中,5.099999999999997,力行（加速）,4.0,70.0,23.8,25.69,70.0,76.4,0.0,31.3,23.1,9.2,この先制限速度なし,この先目立った勾配なし,前方76.8m先を0.0km/h,後続列車なし,10.0,2.0,未発車,35.0,22.7,-0.05
226.29999999999987,Train11,次駅への減速フェーズ（駅手前400m以内）,ブレーキ（減速）中,1.5000000000000002,惰行,0.1,70.0,35.3,35.26,70.0,66.8,0.0,58.73,46.4,9.2,この先制限速度なし,この先目立った勾配なし,前方108.7m先を23.7km/h,後続列車なし,10.0,0.0,発車済み,22.0,70.0,-0.05
28.0,Train11,巡航フェーズ（駅間走行中）,力行（加速）中,16.0,ブレーキ（減速）,3.0,70.0,70.0,40.91,70.0,1993.8,18.0,91.15,0.0,-2.1,この先制限速度なし,203m先に下り勾配6.7‰あり,前方315.0m先を61.9km/h,後続列車なし,10.0,182.0,未発車,28.0,45.0,-0.5
211.59999999999928,Train11,次駅への減速フェーズ（駅手前400m以内）,ブレーキ（減速）中,5.699999999999996,力行（加速）,0.1,70.0,0.0,0.71,70.0,35.3,0.0,0.02,33.7,9.2,この先制限速度なし,この先目立った勾配なし,前方38.3m先を6.9km/h,後続列車なし,10.0,0.0,発車済み,28.0,70.0,-0.05
162.09999999999908,Train11,次駅への減速フェーズ（駅手前400m以内）,ブレーキ（減速）中,2.2000000000000006,惰行,0.1,70.0,0.0,1.45,0.0,0.0,15.9,0.11,0.0,0.0,この先制限速度なし,この先目立った勾配なし,前方0.0m先を0.0km/h,後続列車なし,10.0,38.9,未発車,22.0,0.0,-0.05
60.0,Train11,巡航フェーズ（駅間走行中）,力行（加速）中,1.0,ブレーキ（減速）,6.0,70.0,70.0,9.01,70.0,1783.6,25.0,4.79,0.0,-6.7,この先制限速度なし,この先目立った勾配なし,前方788.7m先を62.9km/h,後続列車なし,10.0,143.0,未発車,35.0,37.4,-0.5
207.1999999999997,Train11,次駅への減速フェーズ（駅手前400m以内）,ブレーキ（減速）中,1.9000000000000006,力行（加速）,0.1,70.0,20.7,21.28,70.0,51.7,0.0,21.5,27.3,9.2,この先制限速度なし,この先目立った勾配なし,前方70.3m先を16.9km/h,後続列車なし,10.0,0.0,発車済み,22.0,70.0,-0.05
22.0,Train11,巡航フェーズ（駅間走行中）,力行（加速）中,22.0,ブレーキ（減速）,31.0,70.0,46.9,40.59,70.0,2037.0,13.0,89.75,0.0,-2.1,この先制限速度なし,247m先に下り勾配6.7‰あり,前方168.2m先を52.2km/h,後続列車なし,10.0,194.0,未発車,22.0,43.4,-0.5
170.39999999999912,Train11,次駅への減速フェーズ（駅手前400m以内）,ブレーキ（減速）中,1.6000000000000003,力行（加速）,0.1,70.0,0.0,1.34,0.0,0.0,7.6,0.1,0.0,0.0,この先制限速度なし,この先目立った勾配なし,前方0.0m先を0.0km/h,後続列車なし,10.0,39.6,未発車,28.0,0.0,-0.05
219.0,Train11,次駅への減速フェーズ（駅手前400m以内）,ブレーキ（減速）中,3.0,惰行,2.0,70.0,48.5,49.73,70.0,154.0,0.0,115.98,42.0,9.2,この先制限速度なし,この先目立った勾配なし,前方160.3m先を10.3km/h,後続列車なし,10.0,0.0,発車済み,22.0,70.0,-0.5
186.49999999999997,Train11,次駅への減速フェーズ（駅手前400m以内）,ブレーキ（減速）中,2.6000000000000005,力行（加速）,6.0,70.0,30.5,31.23,70.0,93.6,0.0,46.13,8.6,9.2,この先制限速度なし,この先目立った勾配なし,前方94.0m先を0.0km/h,後続列車なし,10.0,1.5,未発車,35.0,30.8,-0.05
93.0,Train11,巡航フェーズ（駅間走行中）,力行（加速）中,3.0,惰行,6.0,70.0,61.1,51.81,70.0,863.1,15.0,120.98,0.0,12.5,この先制限速度なし,この先目立った勾配なし,前方217.2m先を62.5km/h,後続列車なし,10.0,108.0,未発車,22.0,60.9,-0.5
66.0,Train11,巡航フェーズ（駅間走行中）,惰行中,7.0,力行（加速）,6.0,70.0,70.0,47.81,70.0,1480.7,25.0,120.54,0.0,0.0,この先制限速度なし,490m先に上り勾配12.5‰あり,前方590.2m先を62.8km/h,後続列車なし,10.0,137.0,未発車,35.0,47.3,-0.5
98.0,Train11,巡航フェーズ（駅間走行中）,力行（加速）中,1.0,ブレーキ（減速）,6.0,70.0,70.0,50.06,70.0,958.7,24.0,113.03,0.0,12.5,この先制限速度なし,この先目立った勾配なし,前方499.9m先を59.3km/h,後続列車なし,10.0,112.0,未発車,28.0,64.6,-0.5
194.0,Train11,巡航フェーズ（駅間走行中）,力行（加速）中,6.0,惰行,3.0,70.0,70.0,45.67,70.0,514.8,0.0,101.76,17.0,6.1,この先制限速度なし,324m先に上り勾配9.2‰あり,前方515.2m先を0.0km/h,後続列車なし,10.0,22.0,未発車,22.0,70.0,-0.5
225.8999999999999,Train11,次駅への減速フェーズ（駅手前400m以内）,ブレーキ（減速）中,1.0999999999999999,惰行,0.1,70.0,35.7,36.45,70.0,70.8,0.0,62.71,46.0,9.2,この先制限速度なし,この先目立った勾配なし,前方110.0m先を23.1km/h,後続列車なし,10.0,0.0,発車済み,22.0,70.0,-0.05
174.0,Train11,巡航フェーズ（駅間走行中）,惰行中,5.0,力行（加速）,2.0,70.0,70.0,21.16,70.0,676.4,4.0,23.91,0.0,0.0,この先制限速度なし,86m先に上り勾配6.1‰あり,前方676.8m先を0.0km/h,後続列車なし,10.0,36.0,未発車,28.0,65.0,-0.5
206.79999999999973,Train11,次駅への減速フェーズ（駅手前400m以内）,ブレーキ（減速）中,1.5000000000000002,力行（加速）,0.1,70.0,21.0,22.45,70.0,54.1,0.0,23.93,26.9,9.2,この先制限速度なし,この先目立った勾配なし,前方70.8m先を16.1km/h,後続列車なし,10.0,0.0,発車済み,22.0,70.0,-0.05
116.0,Train11,巡航フェーズ（駅間走行中）,力行（加速）中,21.0,ブレーキ（減速）,6.0,70.0,70.0,46.5,70.0,1175.3,29.0,114.1,0.0,0.0,この先制限速度なし,185m先に上り勾配12.5‰あり,前方977.0m先を41.7km/h,後続列車なし,10.0,94.0,未発車,28.0,49.6,-0.5
80.0,Train11,巡航フェーズ（駅間走行中）,力行（加速）中,5.0,ブレーキ（減速）,6.0,70.0,70.0,21.94,70.0,1509.0,20.0,25.71,0.0,0.0,この先制限速度なし,この先目立った勾配なし,前方740.6m先を63.3km/h,後続列車なし,10.0,130.0,未発車,28.0,49.9,-0.5
73.0,Train11,巡航フェーズ（駅間走行中）,惰行中,4.0,力行（加速）,6.0,70.0,70.0,52.62,70.0,1434.9,27.0,145.58,0.0,0.0,この先制限速度なし,444m先に上り勾配12.5‰あり,前方666.5m先を63.3km/h,後続列車なし,10.0,115.0,未発車,35.0,51.8,-0.5
192.19999999999965,Train11,次駅への減速フェーズ（駅手前400m以内）,ブレーキ（減速）中,2.0000000000000004,力行（加速）,0.1,70.0,18.5,16.77,70.0,56.1,0.0,13.37,12.3,9.2,この先制限速度なし,この先目立った勾配なし,前方66.3m先を12.9km/h,後続列車なし,10.0,0.0,発車済み,35.0,70.0,-0.05
204.69999999999968,Train11,次駅への減速フェーズ（駅手前400m以内）,ブレーキ（減速）中,8.799999999999985,力行（加速）,4.0,70.0,13.6,14.84,70.0,55.6,0.0,10.48,26.8,9.2,この先制限速度なし,この先目立った勾配なし,前方58.8m先を7.2km/h,後続列車なし,10.0,0.0,発車済み,35.0,70.0,-0.05
187.09999999999994,Train11,次駅への減速フェーズ（駅手前400m以内）,ブレーキ（減速）中,3.200000000000001,力行（加速）,6.0,70.0,28.7,29.46,70.0,88.6,0.0,41.08,9.2,9.2,この先制限速度なし,この先目立った勾配なし,前方89.0m先を0.3km/h,後続列車なし,10.0,0.9,未発車,35.0,28.7,-0.05
170.5999999999991,Train11,次駅への減速フェーズ（駅手前400m以内）,ブレーキ（減速）中,1.8000000000000005,力行（加速）,0.1,70.0,0.0,0.75,0.0,0.0,7.4,0.03,0.0,0.0,この先制限速度なし,この先目立った勾配なし,前方0.0m先を0.0km/h,後続列車なし,10.0,39.4,未発車,28.0,0.0,-0.5
207.79999999999967,Train11,次駅への減速フェーズ（駅手前400m以内）,ブレーキ（減速）中,2.500000000000001,力行（加速）,0.1,70.0,20.4,19.52,70.0,48.3,0.0,18.1,27.9,9.2,この先制限速度なし,この先目立った勾配なし,前方69.8m先を18.0km/h,後続列車なし,10.0,0.0,発車済み,22.0,70.0,-0.05
90.0,Train11,巡航フェーズ（駅間走行中）,惰行中,6.0,力行（加速）,2.0,70.0,59.3,51.84,70.0,906.0,15.0,121.13,0.0,12.5,この先制限速度なし,この先目立った勾配なし,前方207.8m先を63.2km/h,後続列車なし,10.0,111.0,未発車,22.0,62.6,-0.5
188.0,Train11,巡航フェーズ（駅間走行中）,力行（加速）中,6.0,ブレーキ（減速）,6.0,70.0,70.0,21.04,70.0,607.9,0.0,23.63,11.0,0.0,この先制限速度なし,17m先に上り勾配6.1‰あり,前方608.2m先を0.0km/h,後続列車なし,10.0,22.0,未発車,28.0,70.0,-0.5
204.4999999999997,Train11,次駅への減速フェーズ（駅手前400m以内）,ブレーキ（減速）中,8.599999999999985,力行（加速）,4.0,70.0,14.0,15.42,70.0,56.4,0.0,11.32,26.6,9.2,この先制限速度なし,この先目立った勾配なし,前方59.3m先を6.7km/h,後続列車なし,10.0,0.0,発車済み,35.0,70.0,-0.05
74.0,Train11,巡航フェーズ（駅間走行中）,力行（加速）中,4.0,ブレーキ（減速）,6.0,70.0,70.0,27.31,70.0,1514.9,12.0,39.73,0.0,0.0,この先制限速度なし,この先目立った勾配なし,前方537.4m先を63.1km/h,後続列車なし,10.0,142.0,未発車,22.0,47.1,-0.5
85.0,Train11,巡航フェーズ（駅間走行中）,惰行中,26.0,力行（加速）,6.0,70.0,70.0,44.63,70.0,1236.8,30.0,105.21,0.0,0.0,この先制限速度なし,246m先に上り勾配12.5‰あり,前方677.0m先を61.8km/h,後続列車なし,10.0,118.0,未発車,35.0,44.1,-0.5
190.89999999999972,Train11,次駅への減速フェーズ（駅手前400m以内）,ブレーキ（減速）中,0.7,力行（加速）,0.1,70.0,19.9,20.58,70.0,62.8,0.0,20.11,13.0,9.2,この先制限速度なし,この先目立った勾配なし,前方68.9m先を10.0km/h,後続列車なし,10.0,0.0,発車済み,35.0,70.0,-0.05
102.0,Train11,巡航フェーズ（駅間走行中）,力行（加速）中,1.0,ブレーキ（減速）,6.0,70.0,70.0,51.37,70.0,945.4,35.0,118.98,0.0,12.5,この先制限速度なし,この先目立った勾配なし,前方657.6m先を50.4km/h,後続列車なし,10.0,86.0,未発車,35.0,64.4,-0.5
136.0,Train11,巡航フェーズ（駅間走行中）,力行（加速）中,14.0,惰行,6.0,70.0,70.0,43.79,70.0,697.4,36.0,101.35,0.0,0.0,この先制限速度なし,107m先に上り勾配6.1‰あり,前方690.6m先を8.1km/h,後続列車なし,10.0,52.0,未発車,35.0,46.5,-0.5
75.0,Train11,巡航フェーズ（駅間走行中）,力行（加速）中,5.0,惰行,13.0,70.0,70.0,46.82,70.0,1583.4,12.0,115.65,0.0,0.0,この先制限速度なし,この先目立った勾配なし,前方623.4m先を62.4km/h,後続列車なし,10.0,126.0,未発車,22.0,53.6,-0.5
82.0,Train11,巡航フェーズ（駅間走行中）,惰行中,1.0,力行（加速）,10.0,70.0,70.0,50.96,70.0,1381.9,29.0,136.64,0.0,0.0,この先制限速度なし,391m先に上り勾配12.5‰あり,前方770.6m先を62.1km/h,後続列車なし,10.0,106.0,未発車,35.0,52.7,-0.5
29.0,Train11,巡航フェーズ（駅間走行中）,力行（加速）中,6.0,ブレーキ（減速）,6.0,70.0,70.0,24.16,70.0,2044.8,25.0,32.04,0.0,-2.1,この先制限速度なし,254m先に下り勾配6.7‰あり,前方506.0m先を62.9km/h,後続列車なし,10.0,159.0,未発車,35.0,52.1,-0.5
80.0,Train11,巡航フェーズ（駅間走行中）,力行（加速）中,21.0,ブレーキ（減速）,6.0,70.0,70.0,44.44,70.0,1616.6,28.0,104.34,0.0,0.0,この先制限速度なし,この先目立った勾配なし,前方970.7m先を62.5km/h,後続列車なし,10.0,123.0,未発車,35.0,55.7,-0.5
128.0,Train11,巡航フェーズ（駅間走行中）,惰行中,5.0,ブレーキ（減速）,6.0,70.0,70.0,36.87,70.0,720.0,23.0,72.11,0.0,0.0,この先制限速度なし,129m先に上り勾配6.1‰あり,前方586.5m先を35.5km/h,後続列車なし,10.0,73.0,未発車,22.0,36.8,-0.5
194.39999999999992,Train11,次駅への減速フェーズ（駅手前400m以内）,ブレーキ（減速）中,1.0999999999999999,惰行,17.400000000000006,70.0,27.1,28.28,70.0,84.4,0.0,37.86,16.5,9.2,この先制限速度なし,この先目立った勾配なし,前方84.8m先を0.0km/h,後続列車なし,10.0,6.6,未発車,22.0,19.9,-0.05
225.9999999999999,Train11,次駅への減速フェーズ（駅手前400m以内）,ブレーキ（減速）中,1.2,惰行,0.1,70.0,35.6,36.15,70.0,69.8,0.0,61.7,46.1,9.2,この先制限速度なし,この先目立った勾配なし,前方109.6m先を23.3km/h,後続列車なし,10.0,0.0,発車済み,22.0,70.0,-0.05
200.6999999999999,Train11,次駅への減速フェーズ（駅手前400m以内）,ブレーキ（減速）中,4.799999999999998,力行（加速）,4.0,70.0,24.7,26.58,70.0,78.6,0.0,33.48,22.8,9.2,この先制限速度なし,この先目立った勾配なし,前方79.0m先を0.0km/h,後続列車なし,10.0,2.3,未発車,35.0,23.1,-0.05
41.0,Train11,巡航フェーズ（駅間走行中）,力行（加速）中,2.0,ブレーキ（減速）,6.0,70.0,70.0,32.1,70.0,1830.4,18.0,56.4,0.0,-2.1,この先制限速度なし,40m先に下り勾配6.7‰あり,前方379.3m先を63.3km/h,後続列車なし,10.0,154.0,未発車,28.0,47.5,-0.5
195.7999999999999,Train11,次駅への減速フェーズ（駅手前400m以内）,ブレーキ（減速）中,0.7999999999999999,力行（加速）,0.5,70.0,33.5,33.61,70.0,76.5,0.0,53.38,15.9,9.2,この先制限速度なし,この先目立った勾配なし,前方103.1m先を19.7km/h,後続列車なし,10.0,0.0,発車済み,35.0,70.0,-0.05
172.49999999999912,Train11,次駅への減速フェーズ（駅手前400m以内）,ブレーキ（減速）中,2.500000000000001,力行（加速）,0.1,70.0,0.0,0.91,0.0,0.0,5.5,0.04,0.0,0.0,この先制限速度なし,この先目立った勾配なし,前方0.0m先を0.0km/h,後続列車なし,10.0,43.5,未発車,22.0,0.0,-0.05
226.79999999999984,Train11,次駅への減速フェーズ（駅手前400m以内）,ブレーキ（減速）中,2.0000000000000004,惰行,0.1,70.0,34.8,33.78,70.0,62.0,0.0,53.93,46.9,9.2,この先制限速度なし,この先目立った勾配なし,前方107.2m先を24.5km/h,後続列車なし,10.0,0.0,発車済み,22.0,70.0,-0.05
49.0,Train11,巡航フェーズ（駅間走行中）,力行（加速）中,26.0,ブレーキ（減速）,6.0,70.0,70.0,48.62,70.0,1832.8,25.0,128.16,0.0,-2.1,この先制限速度なし,42m先に下り勾配6.7‰あり,前方644.9m先を63.0km/h,後続列車なし,10.0,139.0,未発車,35.0,52.2,-0.5
32.0,Train11,巡航フェーズ（駅間走行中）,惰行中,8.0,力行（加速）,25.0,70.0,70.0,43.79,70.0,1904.0,25.0,104.29,0.0,-2.1,この先制限速度なし,114m先に下り勾配6.7‰あり,前方417.9m先を63.0km/h,後続列車なし,10.0,171.0,未発車,35.0,44.9,-0.5
195.29999999999987,Train11,次駅への減速フェーズ（駅手前400m以内）,ブレーキ（減速）中,0.30000000000000004,力行（加速）,0.1,70.0,24.3,26.06,70.0,77.7,0.0,32.19,17.4,9.2,この先制限速度なし,この先目立った勾配なし,前方78.0m先を0.0km/h,後続列車なし,10.0,5.7,未発車,22.0,18.8,-0.05
137.0,Train11,巡航フェーズ（駅間走行中）,惰行中,10.0,力行（加速）,13.0,70.0,70.0,36.53,70.0,688.8,36.0,70.78,0.0,0.0,この先制限速度なし,98m先に上り勾配6.1‰あり,前方684.1m先を6.9km/h,後続列車なし,10.0,66.0,未発車,35.0,37.6,-0.5
37.0,Train11,巡航フェーズ（駅間走行中）,惰行中,13.0,力行（加速）,25.0,70.0,70.0,43.36,70.0,1843.5,25.0,102.28,0.0,-2.1,この先制限速度なし,53m先に下り勾配6.7‰あり,前方445.0m先を63.4km/h,後続列車なし,10.0,166.0,未発車,35.0,44.7,-0.5
66.0,Train11,巡航フェーズ（駅間走行中）,惰行中,3.0,力行（加速）,1.0,70.0,70.0,47.44,70.0,1588.9,18.0,118.67,0.0,0.0,この先制限速度なし,この先目立った勾配なし,前方576.4m先を63.1km/h,後続列車なし,10.0,129.0,未発車,28.0,52.9,-0.5
62.0,Train11,巡航フェーズ（駅間走行中）,ブレーキ（減速）中,5.0,惰行,2.0,70.0,70.0,22.36,70.0,1613.0,18.0,26.69,0.0,0.0,この先制限速度なし,この先目立った勾配なし,前方530.4m先を63.2km/h,後続列車なし,10.0,148.0,未発車,28.0,48.9,-0.5
204.79999999999967,Train11,次駅への減速フェーズ（駅手前400m以内）,ブレーキ（減速）中,8.899999999999984,力行（加速）,4.0,70.0,13.4,14.55,70.0,55.2,0.0,10.07,26.9,9.2,この先制限速度なし,この先目立った勾配なし,前方58.6m先を7.4km/h,後続列車なし,10.0,0.0,発車済み,35.0,70.0,-0.05
48.0,Train11,巡航フェーズ（駅間走行中）,惰行中,5.0,力行（加速）,4.0,70.0,70.0,22.05,70.0,1849.4,25.0,26.72,0.0,-2.1,この先制限速度なし,59m先に下り勾配6.7‰あり,前方643.9m先を63.2km/h,後続列車なし,10.0,155.0,未発車,35.0,47.6,-0.5
80.0,Train11,巡航フェーズ（駅間走行中）,力行（加速）中,9.0,ブレーキ（減速）,6.0,70.0,70.0,40.52,70.0,1446.7,20.0,86.94,0.0,0.0,この先制限速度なし,456m先に上り勾配12.5‰あり,前方678.3m先を63.3km/h,後続列車なし,10.0,130.0,未発車,28.0,48.0,-0.5
25.0,Train11,巡航フェーズ（駅間走行中）,惰行中,3.0,力行（加速）,22.0,70.0,48.7,41.38,70.0,2002.6,13.0,93.22,0.0,-2.1,この先制限速度なし,212m先に下り勾配6.7‰あり,前方178.3m先を54.5km/h,後続列車なし,10.0,191.0,未発車,22.0,43.3,-0.5
144.0,Train11,巡航フェーズ（駅間走行中）,惰行中,6.0,力行（加速）,6.0,70.0,70.0,40.79,70.0,545.6,23.0,81.41,0.0,6.1,この先制限速度なし,355m先に上り勾配9.2‰あり,前方523.1m先を14.6km/h,後続列車なし,10.0,57.0,未発車,22.0,40.3,-0.5
111.0,Train11,巡航フェーズ（駅間走行中）,力行（加速）中,2.0,惰行,7.0,70.0,70.0,44.58,70.0,988.9,28.0,89.9,0.0,12.5,この先制限速度なし,この先目立った勾配なし,前方728.4m先を47.9km/h,後続列車なし,10.0,84.0,未発車,28.0,66.4,-0.5
121.0,Train11,巡航フェーズ（駅間走行中）,力行（加速）中,12.0,惰行,7.0,70.0,70.0,48.39,70.0,859.6,29.0,105.71,0.0,12.5,この先制限速度なし,この先目立った勾配なし,前方716.1m先を36.8km/h,後続列車なし,10.0,74.0,未発車,28.0,62.0,-0.5
187.9999999999999,Train11,次駅への減速フェーズ（駅手前400m以内）,ブレーキ（減速）中,4.100000000000001,力行（加速）,6.0,70.0,26.1,26.8,70.0,81.6,0.0,34.04,10.1,9.2,この先制限速度なし,この先目立った勾配なし,前方82.3m先を2.8km/h,後続列車なし,10.0,0.0,未発車,35.0,26.9,-0.05
206.99999999999972,Train11,次駅への減速フェーズ（駅手前400m以内）,ブレーキ（減速）中,1.7000000000000004,力行（加速）,0.1,70.0,20.8,21.87,70.0,52.9,0.0,22.7,27.1,9.2,この先制限速度なし,この先目立った勾配なし,前方70.5m先を16.5km/h,後続列車なし,10.0,0.0,発車済み,22.0,70.0,-0.05
199.0,Train11,次駅への減速フェーズ（駅手前400m以内）,ブレーキ（減速）中,3.1,力行（加速）,4.0,70.0,30.0,31.59,70.0,92.3,0.0,47.21,21.1,9.2,この先制限速度なし,この先目立った勾配なし,前方92.7m先を0.0km/h,後続列車なし,10.0,4.0,未発車,35.0,24.1,-0.05
203.99999999999937,Train11,次駅への減速フェーズ（駅手前400m以内）,ブレーキ（減速）中,2.0000000000000004,力行（加速）,0.1,70.0,2.6,1.84,70.0,44.0,0.0,0.16,26.1,9.2,この先制限速度なし,この先目立った勾配なし,前方50.3m先を10.3km/h,後続列車なし,10.0,0.0,発車済み,22.0,70.0,-0.05
193.59999999999997,Train11,次駅への減速フェーズ（駅手前400m以内）,ブレーキ（減速）中,0.30000000000000004,惰行,17.400000000000006,70.0,29.6,30.64,70.0,91.0,0.0,44.41,15.7,9.2,この先制限速度なし,この先目立った勾配なし,前方91.3m先を0.0km/h,後続列車なし,10.0,7.4,未発車,22.0,20.4,-0.05
196.19999999999987,Train11,次駅への減速フェーズ（駅手前400m以内）,ブレーキ（減速）中,1.2,力行（加速）,0.5,70.0,33.1,32.42,70.0,72.8,0.0,49.71,16.3,9.2,この先制限速度なし,この先目立った勾配なし,前方101.7m先を20.4km/h,後続列車なし,10.0,0.0,発車済み,35.0,70.0,-0.05
207.0999999999997,Train11,次駅への減速フェーズ（駅手前400m以内）,ブレーキ（減速）中,1.8000000000000005,力行（加速）,0.1,70.0,20.7,21.57,70.0,52.3,0.0,22.1,27.2,9.2,この先制限速度なし,この先目立った勾配なし,前方70.4m先を16.7km/h,後続列車なし,10.0,0.0,発車済み,22.0,70.0,-0.05
196.49999999999986,Train11,次駅への減速フェーズ（駅手前400m以内）,ブレーキ（減速）中,1.5000000000000002,力行（加速）,0.5,70.0,32.8,31.54,70.0,70.1,0.0,47.04,16.6,9.2,この先制限速度なし,この先目立った勾配なし,前方100.8m先を20.9km/h,後続列車なし,10.0,0.0,発車済み,35.0,70.0,-0.05
189.5999999999998,Train11,次駅への減速フェーズ（駅手前400m以内）,ブレーキ（減速）中,5.699999999999996,力行（加速）,6.0,70.0,22.4,22.1,70.0,70.7,0.0,23.18,11.7,9.2,この先制限速度なし,この先目立った勾配なし,前方73.7m先を6.9km/h,後続列車なし,10.0,0.0,発車済み,35.0,70.0,-0.05
190.69999999999973,Train11,次駅への減速フェーズ（駅手前400m以内）,ブレーキ（減速）中,0.5,力行（加速）,0.1,70.0,20.3,21.16,70.0,64.0,0.0,21.27,12.8,9.2,この先制限速度なし,この先目立った勾配なし,前方69.5m先を9.6km/h,後続列車なし,10.0,0.0,発車済み,35.0,70.0,-0.05
139.0,Train11,巡航フェーズ（駅間走行中）,惰行中,1.0,力行（加速）,6.0,70.0,70.0,41.43,70.0,642.1,29.0,90.82,0.0,0.0,この先制限速度なし,52m先に上り勾配6.1‰あり,前方623.4m先を13.3km/h,後続列車なし,10.0,56.0,未発車,28.0,39.8,-0.5
25.0,Train11,巡航フェーズ（駅間走行中）,力行（加速）中,16.0,惰行,6.0,70.0,55.7,38.32,70.0,2040.1,13.0,80.11,0.0,-2.1,この先制限速度なし,250m先に下り勾配6.7‰あり,前方215.8m先を54.5km/h,後続列車なし,10.0,176.0,未発車,22.0,47.4,-0.5
28.0,Train11,巡航フェーズ（駅間走行中）,惰行中,4.0,力行（加速）,25.0,70.0,70.0,44.14,70.0,1952.9,25.0,105.94,0.0,-2.1,この先制限速度なし,162m先に下り勾配6.7‰あり,前方396.5m先を63.1km/h,後続列車なし,10.0,175.0,未発車,35.0,45.5,-0.5
21.0,Train11,巡航フェーズ（駅間走行中）,ブレーキ（減速）中,4.0,力行（加速）,8.0,70.0,70.0,20.84,70.0,2085.2,25.0,23.88,0.0,-2.1,この先制限速度なし,295m先に下り勾配6.7‰あり,前方406.3m先を61.9km/h,後続列車なし,10.0,167.0,未発車,35.0,50.6,-0.5
22.0,Train11,巡航フェーズ（駅間走行中）,力行（加速）中,4.0,惰行,6.0,70.0,63.2,34.29,70.0,2039.7,18.0,64.27,0.0,-2.1,この先制限速度なし,249m先に下り勾配6.7‰あり,前方261.8m先を56.9km/h,後続列車なし,10.0,173.0,未発車,28.0,47.9,-0.5
187.7999999999999,Train11,次駅への減速フェーズ（駅手前400m以内）,ブレーキ（減速）中,3.9000000000000017,力行（加速）,6.0,70.0,26.7,27.39,70.0,83.1,0.0,35.55,9.9,9.2,この先制限速度なし,この先目立った勾配なし,前方83.8m先を2.2km/h,後続列車なし,10.0,0.2,未発車,35.0,30.3,-0.05
204.2999999999997,Train11,次駅への減速フェーズ（駅手前400m以内）,ブレーキ（減速）中,8.399999999999986,力行（加速）,4.0,70.0,14.4,16.01,70.0,57.3,0.0,12.19,26.4,9.2,この先制限速度なし,この先目立った勾配なし,前方59.8m先を6.2km/h,後続列車なし,10.0,0.0,発車済み,35.0,70.0,-0.05
24.0,Train11,巡航フェーズ（駅間走行中）,惰行中,2.0,力行（加速）,22.0,70.0,48.2,41.47,70.0,2014.1,13.0,93.66,0.0,-2.1,この先制限速度なし,224m先に下り勾配6.7‰あり,前方174.7m先を53.8km/h,後続列車なし,10.0,192.0,未発車,22.0,43.2,-0.5
199.79999999999995,Train11,次駅への減速フェーズ（駅手前400m以内）,ブレーキ（減速）中,3.900000000000001,力行（加速）,4.0,70.0,27.6,29.23,70.0,85.6,0.0,40.45,21.9,9.2,この先制限速度なし,この先目立った勾配なし,前方85.9m先を0.0km/h,後続列車なし,10.0,3.2,未発車,35.0,23.9,-0.05
195.49999999999991,Train11,次駅への減速フェーズ（駅手前400m以内）,ブレーキ（減速）中,0.5,力行（加速）,0.5,70.0,33.9,34.5,70.0,79.3,0.0,56.21,15.6,9.2,この先制限速度なし,この先目立った勾配なし,前方104.4m先を19.2km/h,後続列車なし,10.0,0.0,発車済み,35.0,70.0,-0.05
172.29999999999913,Train11,次駅への減速フェーズ（駅手前400m以内）,ブレーキ（減速）中,3.2000000000000015,力行（加速）,0.1,70.0,0.0,1.0,0.0,0.0,5.7,0.05,0.0,0.0,この先制限速度なし,この先目立った勾配なし,前方0.0m先を0.0km/h,後続列車なし,10.0,28.7,未発車,22.0,0.0,-0.05
127.0,Train11,巡航フェーズ（駅間走行中）,力行（加速）中,5.0,惰行,6.0,70.0,70.0,61.26,70.0,916.9,36.0,168.23,0.0,12.5,この先制限速度なし,この先目立った勾配なし,前方875.3m先を19.7km/h,後続列車なし,10.0,76.0,未発車,35.0,64.4,-0.5
43.0,Train11,巡航フェーズ（駅間走行中）,ブレーキ（減速）中,4.0,惰行,4.0,70.0,67.5,40.67,70.0,1815.1,12.0,90.1,0.0,-2.1,この先制限速度なし,25m先に下り勾配6.7‰あり,前方293.8m先を63.5km/h,後続列車なし,10.0,158.0,未発車,22.0,45.9,-0.5
210.7999999999995,Train11,次駅への減速フェーズ（駅手前400m以内）,ブレーキ（減速）中,0.6,力行（加速）,2.0000000000000004,70.0,20.7,20.15,70.0,31.8,0.0,19.29,30.9,9.2,この先制限速度なし,この先目立った勾配なし,前方70.3m先を23.0km/h,後続列車なし,10.0,0.0,発車済み,22.0,70.0,-0.05
185.0,Train11,次駅への減速フェーズ（駅手前400m以内）,ブレーキ（減速）中,2.0,力行（加速）,6.0,70.0,35.0,35.67,70.0,107.6,0.0,60.07,8.0,9.2,この先制限速度なし,この先目立った勾配なし,前方107.9m先を0.0km/h,後続列車なし,10.0,3.0,未発車,35.0,31.4,-0.5
32.0,Train11,巡航フェーズ（駅間走行中）,力行（加速）中,2.0,ブレーキ（減速）,6.0,70.0,70.0,28.71,70.0,1924.9,18.0,45.17,0.0,-2.1,この先制限速度なし,134m先に下り勾配6.7‰あり,前方316.0m先を63.0km/h,後続列車なし,10.0,178.0,未発車,28.0,44.0,-0.5
157.0,Train11,巡航フェーズ（駅間走行中）,惰行中,5.0,力行（加速）,6.0,70.0,70.0,39.07,70.0,481.8,21.0,74.75,0.0,6.1,この先制限速度なし,291m先に上り勾配9.2‰あり,前方482.2m先を0.0km/h,後続列車なし,10.0,46.0,未発車,35.0,40.4,-0.5
75.0,Train11,巡航フェーズ（駅間走行中）,力行（加速）中,6.0,惰行,5.0,70.0,70.0,50.37,70.0,1431.0,19.0,133.57,0.0,0.0,この先制限速度なし,441m先に上り勾配12.5‰あり,前方575.6m先を63.0km/h,後続列車なし,10.0,120.0,未発車,28.0,50.3,-0.5
217.0,Train11,次駅への減速フェーズ（駅手前400m以内）,ブレーキ（減速）中,1.0,惰行,2.0,70.0,53.8,55.76,70.0,183.3,0.0,145.28,40.0,9.2,この先制限速度なし,この先目立った勾配なし,前方185.2m先を5.4km/h,後続列車なし,10.0,0.0,発車済み,22.0,70.0,-0.5
107.0,Train11,巡航フェーズ（駅間走行中）,ブレーキ（減速）中,5.0,惰行,33.0,70.0,70.0,35.93,70.0,972.6,36.0,58.64,0.0,12.5,この先制限速度なし,この先目立った勾配なし,前方750.4m先を44.2km/h,後続列車なし,10.0,81.0,未発車,35.0,66.1,-0.5
103.0,Train11,巡航フェーズ（駅間走行中）,ブレーキ（減速）中,1.0,惰行,33.0,70.0,70.0,47.28,70.0,1019.0,35.0,117.87,0.0,0.0,この先制限速度なし,29m先に上り勾配12.5‰あり,前方745.0m先を49.1km/h,後続列車なし,10.0,85.0,未発車,35.0,46.4,-0.5
60.0,Train11,巡航フェーズ（駅間走行中）,惰行中,3.0,力行（加速）,6.0,70.0,70.0,49.41,70.0,1618.5,25.0,128.61,0.0,0.0,この先制限速度なし,この先目立った勾配なし,前方623.6m先を62.9km/h,後続列車なし,10.0,128.0,未発車,35.0,54.2,-0.5
33.0,Train11,巡航フェーズ（駅間走行中）,力行（加速）中,3.0,ブレーキ（減速）,6.0,70.0,70.0,26.46,70.0,1935.7,25.0,38.42,0.0,-2.1,この先制限速度なし,145m先に下り勾配6.7‰あり,前方467.0m先を62.8km/h,後続列車なし,10.0,170.0,未発車,35.0,46.2,-0.5
190.79999999999973,Train11,次駅への減速フェーズ（駅手前400m以内）,ブレーキ（減速）中,0.6,力行（加速）,0.1,70.0,20.1,20.87,70.0,63.4,0.0,20.69,12.9,9.2,この先制限速度なし,この先目立った勾配なし,前方69.2m先を9.8km/h,後続列車なし,10.0,0.0,発車済み,35.0,70.0,-0.05
172.5999999999991,Train11,次駅への減速フェーズ（駅手前400m以内）,ブレーキ（減速）中,2.600000000000001,力行（加速）,0.1,70.0,0.0,0.62,0.0,0.0,5.4,0.02,0.0,0.0,この先制限速度なし,この先目立った勾配なし,前方0.0m先を0.0km/h,後続列車なし,10.0,43.4,未発車,22.0,0.0,-0.5
70.0,Train11,巡航フェーズ（駅間走行中）,力行（加速）中,11.0,ブレーキ（減速）,6.0,70.0,70.0,31.65,70.0,1724.3,26.0,58.56,0.0,-6.7,この先制限速度なし,この先目立った勾配なし,前方903.6m先を62.5km/h,後続列車なし,10.0,133.0,未発車,35.0,39.6,-0.5
198.29999999999976,Train11,次駅への減速フェーズ（駅手前400m以内）,ブレーキ（減速）中,0.1,力行（加速）,1.5000000000000002,70.0,31.3,32.37,70.0,54.4,0.0,49.56,18.4,9.2,この先制限速度なし,この先目立った勾配なし,前方96.2m先を23.7km/h,後続列車なし,10.0,0.0,発車済み,35.0,70.0,-0.05
153.0,Train11,巡航フェーズ（駅間走行中）,惰行中,4.0,力行（加速）,3.0,70.0,70.0,25.57,70.0,821.1,25.0,29.8,0.0,12.5,この先制限速度なし,この先目立った勾配なし,前方821.5m先を0.0km/h,後続列車なし,10.0,57.0,未発車,28.0,64.5,-0.5
64.0,Train11,巡航フェーズ（駅間走行中）,力行（加速）中,9.0,惰行,6.0,70.0,70.0,56.7,70.0,1618.4,25.0,168.54,0.0,0.0,この先制限速度なし,この先目立った勾配なし,前方693.2m先を62.6km/h,後続列車なし,10.0,124.0,未発車,35.0,55.2,-0.5
206.49999999999957,Train11,次駅への減速フェーズ（駅手前400m以内）,ブレーキ（減速）中,1.3,惰行,0.30000000000000004,70.0,12.2,10.33,70.0,49.2,0.0,5.08,28.6,9.2,この先制限速度なし,この先目立った勾配なし,前方57.1m先を11.4km/h,後続列車なし,10.0,0.0,発車済み,35.0,70.0,-0.05
33.0,Train11,巡航フェーズ（駅間走行中）,惰行中,1.0,力行（加速）,14.0,70.0,70.0,46.08,70.0,1915.6,18.0,115.3,0.0,-2.1,この先制限速度なし,125m先に下り勾配6.7‰あり,前方324.2m先を62.8km/h,後続列車なし,10.0,162.0,未発車,28.0,47.6,-0.5
207.99999999999966,Train11,次駅への減速フェーズ（駅手前400m以内）,ブレーキ（減速）中,2.700000000000001,力行（加速）,0.1,70.0,20.4,18.93,70.0,47.3,0.0,17.03,28.1,9.2,この先制限速度なし,この先目立った勾配なし,前方69.7m先を18.3km/h,後続列車なし,10.0,0.0,発車済み,22.0,70.0,-0.05
188.39999999999986,Train11,次駅への減速フェーズ（駅手前400m以内）,ブレーキ（減速）中,4.5,力行（加速）,6.0,70.0,25.1,25.63,70.0,78.6,0.0,31.13,10.5,9.2,この先制限速度なし,この先目立った勾配なし,前方79.9m先を3.8km/h,後続列車なし,10.0,0.0,発車済み,35.0,70.0,-0.05
183.0,Train11,巡航フェーズ（駅間走行中）,力行（加速）中,3.0,ブレーキ（減速）,6.0,70.0,70.0,17.98,70.0,421.9,0.0,15.97,6.0,6.1,この先制限速度なし,231m先に上り勾配9.2‰あり,前方422.3m先を0.0km/h,後続列車なし,10.0,12.0,未発車,28.0,70.0,-0.5
70.0,Train11,巡航フェーズ（駅間走行中）,ブレーキ（減速）中,1.0,力行（加速）,6.0,70.0,70.0,28.7,70.0,1563.3,18.0,43.85,0.0,0.0,この先制限速度なし,この先目立った勾配なし,前方620.7m先を62.5km/h,後続列車なし,10.0,140.0,未発車,28.0,49.1,-0.5
225.6999999999999,Train11,次駅への減速フェーズ（駅手前400m以内）,ブレーキ（減速）中,0.8999999999999999,惰行,0.1,70.0,35.9,37.04,70.0,72.9,0.0,64.75,45.8,9.2,この先制限速度なし,この先目立った勾配なし,前方110.8m先を22.8km/h,後続列車なし,10.0,0.0,発車済み,22.0,70.0,-0.05
189.19999999999982,Train11,次駅への減速フェーズ（駅手前400m以内）,ブレーキ（減速）中,5.299999999999997,力行（加速）,6.0,70.0,23.2,23.27,70.0,73.2,0.0,25.7,11.3,9.2,この先制限速度なし,この先目立った勾配なし,前方75.5m先を5.9km/h,後続列車なし,10.0,0.0,発車済み,35.0,70.0,-0.05
172.39999999999912,Train11,次駅への減速フェーズ（駅手前400m以内）,ブレーキ（減速）中,3.3000000000000016,力行（加速）,0.1,70.0,0.0,0.71,0.0,0.0,5.6,0.03,0.0,0.0,この先制限速度なし,この先目立った勾配なし,前方0.0m先を0.0km/h,後続列車なし,10.0,28.6,未発車,22.0,0.0,-0.5
200.0,Train11,次駅への減速フェーズ（駅手前400m以内）,ブレーキ（減速）中,4.0,惰行,1.0,70.0,36.7,38.23,70.0,113.2,0.0,68.94,23.0,9.2,この先制限速度なし,この先目立った勾配なし,前方113.6m先を0.0km/h,後続列車なし,10.0,1.0,未発車,22.0,47.7,-0.5
190.09999999999977,Train11,次駅への減速フェーズ（駅手前400m以内）,ブレーキ（減速）中,0.1,力行（加速）,0.4,70.0,21.4,22.47,70.0,67.6,0.0,23.96,12.2,9.2,この先制限速度なし,この先目立った勾配なし,前方71.7m先を8.1km/h,後続列車なし,10.0,0.0,発車済み,35.0,70.0,-0.05
198.0,Train11,次駅への減速フェーズ（駅手前400m以内）,ブレーキ（減速）中,3.0,力行（加速）,4.0,70.0,33.1,34.55,70.0,101.5,0.0,56.4,21.0,9.2,この先制限速度なし,この先目立った勾配なし,前方101.9m先を0.0km/h,後続列車なし,10.0,5.0,未発車,35.0,25.2,-0.5
193.39999999999998,Train11,次駅への減速フェーズ（駅手前400m以内）,ブレーキ（減速）中,0.1,惰行,17.400000000000006,70.0,30.2,31.23,70.0,92.7,0.0,46.13,15.5,9.2,この先制限速度なし,この先目立った勾配なし,前方93.1m先を0.0km/h,後続列車なし,10.0,7.6,未発車,22.0,20.7,-0.05
97.0,Train11,巡航フェーズ（駅間走行中）,惰行中,12.0,力行（加速）,14.0,70.0,70.0,44.03,70.0,1237.4,24.0,102.43,0.0,0.0,この先制限速度なし,247m先に上り勾配12.5‰あり,前方762.0m先を59.7km/h,後続列車なし,10.0,113.0,未発車,28.0,45.2,-0.5
194.19999999999993,Train11,次駅への減速フェーズ（駅手前400m以内）,ブレーキ（減速）中,0.8999999999999999,惰行,17.400000000000006,70.0,27.7,28.86,70.0,86.0,0.0,39.45,16.3,9.2,この先制限速度なし,この先目立った勾配なし,前方86.4m先を0.0km/h,後続列車なし,10.0,6.8,未発車,22.0,20.0,-0.05
198.59999999999928,Train11,次駅への減速フェーズ（駅手前400m以内）,ブレーキ（減速）中,1.4000000000000001,惰行,0.2,70.0,0.0,0.63,70.0,39.1,0.0,0.02,20.7,9.2,この先制限速度なし,この先目立った勾配なし,前方47.3m先を11.6km/h,後続列車なし,10.0,0.0,発車済み,28.0,70.0,-0.05
186.1,Train11,次駅への減速フェーズ（駅手前400m以内）,ブレーキ（減速）中,1.2000000000000002,惰行,19.0,70.0,32.1,34.04,70.0,98.2,0.0,54.75,8.2,9.2,この先制限速度なし,この先目立った勾配なし,前方98.5m先を0.0km/h,後続列車なし,10.0,8.9,未発車,28.0,20.9,-0.05
191.99999999999966,Train11,次駅への減速フェーズ（駅手前400m以内）,ブレーキ（減速）中,1.8000000000000005,力行（加速）,0.1,70.0,18.6,17.35,70.0,57.0,0.0,14.32,14.1,9.2,この先制限速度なし,この先目立った勾配なし,前方66.5m先を12.5km/h,後続列車なし,10.0,0.0,発車済み,35.0,70.0,-0.05
91.0,Train11,巡航フェーズ（駅間走行中）,惰行中,6.0,力行（加速）,14.0,70.0,70.0,45.01,70.0,1311.6,22.0,106.96,0.0,0.0,この先制限速度なし,321m先に上り勾配12.5‰あり,前方734.7m先を61.5km/h,後続列車なし,10.0,119.0,未発車,28.0,46.5,-0.5
162.29999999999907,Train11,次駅への減速フェーズ（駅手前400m以内）,ブレーキ（減速）中,2.400000000000001,惰行,0.1,70.0,0.0,0.87,0.0,0.0,15.7,0.04,0.0,0.0,この先制限速度なし,この先目立った勾配なし,前方0.0m先を0.0km/h,後続列車なし,10.0,38.7,未発車,22.0,0.0,-0.05
199.2,Train11,次駅への減速フェーズ（駅手前400m以内）,ブレーキ（減速）中,3.3000000000000003,力行（加速）,4.0,70.0,29.4,31.0,70.0,90.6,0.0,45.47,21.3,9.2,この先制限速度なし,この先目立った勾配なし,前方91.0m先を0.0km/h,後続列車なし,10.0,3.8,未発車,35.0,23.1,-0.05
72.0,Train11,巡航フェーズ（駅間走行中）,力行（加速）中,2.0,ブレーキ（減速）,6.0,70.0,70.0,23.71,70.0,1529.1,12.0,29.99,0.0,0.0,この先制限速度なし,この先目立った勾配なし,前方516.6m先を63.1km/h,後続列車なし,10.0,144.0,未発車,22.0,47.3,-0.5
92.0,Train11,巡航フェーズ（駅間走行中）,力行（加速）中,5.0,惰行,6.0,70.0,70.0,52.83,70.0,1240.8,32.0,146.73,0.0,0.0,この先制限速度なし,250m先に上り勾配12.5‰あり,前方798.3m先を58.9km/h,後続列車なし,10.0,96.0,未発車,35.0,51.5,-0.5
194.7999999999999,Train11,次駅への減速フェーズ（駅手前400m以内）,ブレーキ（減速）中,1.5000000000000002,惰行,17.400000000000006,70.0,25.9,27.1,70.0,81.3,0.0,34.79,16.9,9.2,この先制限速度なし,この先目立った勾配なし,前方81.7m先を0.0km/h,後続列車なし,10.0,6.2,未発車,22.0,19.6,-0.05
225.5999999999999,Train11,次駅への減速フェーズ（駅手前400m以内）,ブレーキ（減速）中,0.7999999999999999,惰行,0.1,70.0,36.0,37.34,70.0,73.9,0.0,65.78,45.7,9.2,この先制限速度なし,この先目立った勾配なし,前方111.2m先を22.7km/h,後続列車なし,10.0,0.0,発車済み,22.0,70.0,-0.05
200.0,Train11,巡航フェーズ（駅間走行中）,力行（加速）中,12.0,惰行,3.0,70.0,70.0,49.21,70.0,435.7,0.0,117.94,23.0,6.1,この先制限速度なし,245m先に上り勾配9.2‰あり,前方436.1m先を0.0km/h,後続列車なし,10.0,16.0,未発車,22.0,70.0,-0.5
152.0,Train11,巡航フェーズ（駅間走行中）,ブレーキ（減速）中,6.0,惰行,8.0,70.0,70.0,25.45,70.0,466.9,24.0,31.9,0.0,6.1,この先制限速度なし,276m先に上り勾配9.2‰あり,前方465.3m先を4.3km/h,後続列車なし,10.0,49.0,未発車,22.0,38.2,-0.5
158.0,Train11,巡航フェーズ（駅間走行中）,ブレーキ（減速）中,2.0,力行（加速）,2.0,70.0,70.0,42.02,70.0,426.6,20.0,86.31,0.0,6.1,この先制限速度なし,236m先に上り勾配9.2‰あり,前方427.0m先を0.0km/h,後続列車なし,10.0,30.0,未発車,35.0,46.4,-0.5
172.39999999999912,Train11,次駅への減速フェーズ（駅手前400m以内）,ブレーキ（減速）中,2.400000000000001,力行（加速）,0.1,70.0,0.0,1.2,0.0,0.0,5.6,0.08,0.0,0.0,この先制限速度なし,この先目立った勾配なし,前方0.0m先を0.0km/h,後続列車なし,10.0,43.6,未発車,22.0,0.0,-0.05
211.3999999999993,Train11,次駅への減速フェーズ（駅手前400m以内）,ブレーキ（減速）中,5.4999999999999964,力行（加速）,0.1,70.0,0.0,1.29,70.0,35.3,0.0,0.08,33.5,9.2,この先制限速度なし,この先目立った勾配なし,前方38.0m先を6.4km/h,後続列車なし,10.0,0.0,発車済み,28.0,70.0,-0.05
198.69999999999973,Train11,次駅への減速フェーズ（駅手前400m以内）,ブレーキ（減速）中,0.1,力行（加速）,0.1,70.0,31.0,31.6,70.0,50.9,0.0,47.24,18.8,9.2,この先制限速度なし,この先目立った勾配なし,前方95.4m先を24.3km/h,後続列車なし,10.0,0.0,発車済み,35.0,70.0,-0.05
190.0,Train11,巡航フェーズ（駅間走行中）,力行（加速）中,8.0,ブレーキ（減速）,6.0,70.0,70.0,24.91,70.0,595.1,0.0,33.1,13.0,0.0,この先制限速度なし,5m先に上り勾配6.1‰あり,前方595.5m先を0.0km/h,後続列車なし,10.0,20.0,未発車,28.0,70.0,-0.5
211.2999999999993,Train11,次駅への減速フェーズ（駅手前400m以内）,ブレーキ（減速）中,5.399999999999997,力行（加速）,0.1,70.0,0.0,1.58,70.0,35.4,0.0,0.12,33.4,9.2,この先制限速度なし,この先目立った勾配なし,前方37.8m先を6.2km/h,後続列車なし,10.0,0.0,発車済み,28.0,70.0,-0.05
195.19999999999987,Train11,次駅への減速フェーズ（駅手前400m以内）,ブレーキ（減速）中,0.2,力行（加速）,0.1,70.0,24.6,26.35,70.0,78.4,0.0,32.92,17.3,9.2,この先制限速度なし,この先目立った勾配なし,前方78.8m先を0.0km/h,後続列車なし,10.0,5.8,未発車,22.0,18.8,-0.05
187.19999999999993,Train11,次駅への減速フェーズ（駅手前400m以内）,ブレーキ（減速）中,3.300000000000001,力行（加速）,6.0,70.0,28.4,29.16,70.0,87.8,0.0,40.26,9.3,9.2,この先制限速度なし,この先目立った勾配なし,前方88.2m先を0.6km/h,後続列車なし,10.0,0.8,未発車,35.0,30.6,-0.05
147.0,Train11,巡航フェーズ（駅間走行中）,力行（加速）中,4.0,ブレーキ（減速）,6.0,70.0,70.0,41.44,70.0,625.7,23.0,90.85,0.0,0.0,この先制限速度なし,35m先に上り勾配6.1‰あり,前方613.7m先を10.7km/h,後続列車なし,10.0,54.0,未発車,22.0,39.8,-0.5
102.0,Train11,巡航フェーズ（駅間走行中）,力行（加速）中,11.0,ブレーキ（減速）,6.0,70.0,70.0,44.03,70.0,1099.7,25.0,102.45,0.0,0.0,この先制限速度なし,109m先に上り勾配12.5‰あり,前方705.8m先を57.6km/h,後続列車なし,10.0,93.0,未発車,28.0,46.6,-0.5
26.0,Train11,巡航フェーズ（駅間走行中）,ブレーキ（減速）中,2.0,惰行,2.0,70.0,63.5,39.77,70.0,1978.9,18.0,86.19,0.0,-2.1,この先制限速度なし,188m先に下り勾配6.7‰あり,前方266.1m先を60.3km/h,後続列車なし,10.0,184.0,未発車,28.0,44.2,-0.5
211.1999999999993,Train11,次駅への減速フェーズ（駅手前400m以内）,ブレーキ（減速）中,5.299999999999997,力行（加速）,0.1,70.0,0.0,1.87,70.0,35.4,0.0,0.17,33.3,9.2,この先制限速度なし,この先目立った勾配なし,前方37.7m先を5.9km/h,後続列車なし,10.0,0.0,発車済み,28.0,70.0,-0.05
207.2999999999997,Train11,次駅への減速フェーズ（駅手前400m以内）,ブレーキ（減速）中,2.0000000000000004,力行（加速）,0.1,70.0,20.6,20.99,70.0,51.1,0.0,20.92,27.4,9.2,この先制限速度なし,この先目立った勾配なし,前方70.2m先を17.1km/h,後続列車なし,10.0,0.0,発車済み,22.0,70.0,-0.05
226.19999999999987,Train11,次駅への減速フェーズ（駅手前400m以内）,ブレーキ（減速）中,1.4000000000000001,惰行,0.1,70.0,35.4,35.56,70.0,67.8,0.0,59.71,46.3,9.2,この先制限速度なし,この先目立った勾配なし,前方109.0m先を23.6km/h,後続列車なし,10.0,0.0,発車済み,22.0,70.0,-0.05
189.4999999999998,Train11,次駅への減速フェーズ（駅手前400m以内）,ブレーキ（減速）中,5.599999999999996,力行（加速）,6.0,70.0,22.6,22.39,70.0,71.3,0.0,23.8,11.6,9.2,この先制限速度なし,この先目立った勾配なし,前方74.2m先を6.7km/h,後続列車なし,10.0,0.0,発車済み,35.0,70.0,-0.05
131.0,Train11,次駅への減速フェーズ（駅手前400m以内）,ブレーキ（減速）中,6.0,力行（加速）,23.0,70.0,48.7,48.08,70.0,271.2,23.0,112.68,0.0,6.1,この先制限速度なし,81m先に上り勾配9.2‰あり,前方165.7m先を31.5km/h,後続列車なし,10.0,70.0,未発車,22.0,25.0,-0.5
108.0,Train11,巡航フェーズ（駅間走行中）,力行（加速）中,2.0,惰行,6.0,70.0,70.0,48.74,70.0,1173.1,19.0,125.18,0.0,0.0,この先制限速度なし,183m先に上り勾配12.5‰あり,前方779.2m先を57.6km/h,後続列車なし,10.0,93.0,未発車,22.0,49.8,-0.5
37.0,Train11,巡航フェーズ（駅間走行中）,力行（加速）中,24.0,ブレーキ（減速）,6.0,70.0,70.0,44.36,70.0,1944.9,25.0,106.99,0.0,-2.1,この先制限速度なし,154m先に下り勾配6.7‰あり,前方546.4m先を63.4km/h,後続列車なし,10.0,151.0,未発車,35.0,51.7,-0.5
41.0,Train11,巡航フェーズ（駅間走行中）,力行（加速）中,27.0,ブレーキ（減速）,6.0,70.0,70.0,47.71,70.0,1889.4,25.0,123.51,0.0,-2.1,この先制限速度なし,99m先に下り勾配6.7‰あり,前方561.2m先を63.3km/h,後続列車なし,10.0,147.0,未発車,35.0,51.2,-0.5
69.0,Train11,巡航フェーズ（駅間走行中）,惰行中,5.0,力行（加速）,8.0,70.0,70.0,46.59,70.0,1511.2,18.0,114.54,0.0,0.0,この先制限速度なし,この先目立った勾配なし,前方551.2m先を62.4km/h,後続列車なし,10.0,126.0,未発車,28.0,51.2,-0.5
32.0,Train11,巡航フェーズ（駅間走行中）,力行（加速）中,2.0,ブレーキ（減速）,6.0,70.0,70.0,24.59,70.0,1942.7,25.0,33.2,0.0,-2.1,この先制限速度なし,152m先に下り勾配6.7‰あり,前方456.6m先を63.0km/h,後続列車なし,10.0,171.0,未発車,35.0,46.1,-0.5
189.2999999999998,Train11,次駅への減速フェーズ（駅手前400m以内）,ブレーキ（減速）中,5.399999999999997,力行（加速）,6.0,70.0,23.0,22.98,70.0,72.6,0.0,25.06,11.4,9.2,この先制限速度なし,この先目立った勾配なし,前方75.0m先を6.2km/h,後続列車なし,10.0,0.0,発車済み,35.0,70.0,-0.05
118.0,Train11,巡航フェーズ（駅間走行中）,力行（加速）中,2.0,惰行,12.0,70.0,70.0,46.56,70.0,964.3,29.0,97.97,0.0,12.5,この先制限速度なし,この先目立った勾配なし,前方788.6m先を40.0km/h,後続列車なし,10.0,92.0,未発車,28.0,64.9,-0.5
200.49999999999991,Train11,次駅への減速フェーズ（駅手前400m以内）,ブレーキ（減速）中,4.599999999999999,力行（加速）,4.0,70.0,25.4,27.17,70.0,80.1,0.0,34.97,22.6,9.2,この先制限速度なし,この先目立った勾配なし,前方80.5m先を0.0km/h,後続列車なし,10.0,2.5,未発車,35.0,22.8,-0.05
76.0,Train11,巡航フェーズ（駅間走行中）,力行（加速）中,5.0,惰行,6.0,70.0,70.0,46.24,70.0,1463.0,27.0,112.83,0.0,0.0,この先制限速度なし,472m先に上り勾配12.5‰あり,前方747.1m先を63.4km/h,後続列車なし,10.0,112.0,未発車,35.0,54.1,-0.5
193.69999999999996,Train11,次駅への減速フェーズ（駅手前400m以内）,ブレーキ（減速）中,0.4,惰行,17.400000000000006,70.0,29.3,30.34,70.0,90.1,0.0,43.56,15.8,9.2,この先制限速度なし,この先目立った勾配なし,前方90.5m先を0.0km/h,後続列車なし,10.0,7.3,未発車,22.0,20.2,-0.05
198.49999999999974,Train11,次駅への減速フェーズ（駅手前400m以内）,ブレーキ（減速）中,0.30000000000000004,力行（加速）,1.5000000000000002,70.0,31.1,31.78,70.0,52.6,0.0,47.77,18.6,9.2,この先制限速度なし,この先目立った勾配なし,前方95.8m先を24.0km/h,後続列車なし,10.0,0.0,発車済み,35.0,70.0,-0.05
151.0,Train11,巡航フェーズ（駅間走行中）,惰行中,2.0,力行（加速）,3.0,70.0,70.0,26.69,70.0,835.6,27.0,32.46,0.0,12.5,この先制限速度なし,この先目立った勾配なし,前方836.0m先を0.0km/h,後続列車なし,10.0,59.0,未発車,28.0,64.8,-0.5
189.3999999999998,Train11,次駅への減速フェーズ（駅手前400m以内）,ブレーキ（減速）中,5.4999999999999964,力行（加速）,6.0,70.0,22.8,22.68,70.0,71.9,0.0,24.42,11.5,9.2,この先制限速度なし,この先目立った勾配なし,前方74.6m先を6.4km/h,後続列車なし,10.0,0.0,発車済み,35.0,70.0,-0.05
28.0,Train11,巡航フェーズ（駅間走行中）,力行（加速）中,15.0,ブレーキ（減速）,6.0,70.0,70.0,34.49,70.0,2044.3,18.0,65.02,0.0,-2.1,この先制限速度なし,254m先に下り勾配6.7‰あり,前方365.5m先を61.9km/h,後続列車なし,10.0,182.0,未発車,28.0,46.2,-0.5
191.69999999999968,Train11,次駅への減速フェーズ（駅手前400m以内）,ブレーキ（減速）中,1.5000000000000002,力行（加速）,0.1,70.0,18.9,18.23,70.0,58.5,0.0,15.8,13.8,9.2,この先制限速度なし,この先目立った勾配なし,前方67.0m先を11.8km/h,後続列車なし,10.0,0.0,発車済み,35.0,70.0,-0.05
82.0,Train11,巡航フェーズ（駅間走行中）,ブレーキ（減速）中,3.0,惰行,4.0,70.0,70.0,45.35,70.0,1371.2,20.0,108.59,0.0,0.0,この先制限速度なし,381m先に上り勾配12.5‰あり,前方637.9m先を62.9km/h,後続列車なし,10.0,113.0,未発車,28.0,49.9,-0.5
225.49999999999991,Train11,次駅への減速フェーズ（駅手前400m以内）,ブレーキ（減速）中,0.7,惰行,0.1,70.0,36.1,37.64,70.0,74.9,0.0,66.83,45.6,9.2,この先制限速度なし,この先目立った勾配なし,前方111.6m先を22.5km/h,後続列車なし,10.0,0.0,発車済み,22.0,70.0,-0.05
198.99999999999972,Train11,次駅への減速フェーズ（駅手前400m以内）,ブレーキ（減速）中,0.4,力行（加速）,0.1,70.0,30.8,30.72,70.0,48.3,0.0,44.64,19.1,9.2,この先制限速度なし,この先目立った勾配なし,前方94.8m先を24.8km/h,後続列車なし,10.0,0.0,発車済み,35.0,70.0,-0.05
130.0,Train11,巡航フェーズ（駅間走行中）,ブレーキ（減速）中,4.0,力行（加速）,10.0,70.0,70.0,26.31,70.0,1057.6,23.0,36.9,0.0,0.0,この先制限速度なし,67m先に上り勾配12.5‰あり,前方943.1m先を32.8km/h,後続列車なし,10.0,86.0,未発車,22.0,47.3,-0.5
198.39999999999975,Train11,次駅への減速フェーズ（駅手前400m以内）,ブレーキ（減速）中,0.2,力行（加速）,1.5000000000000002,70.0,31.2,32.08,70.0,53.5,0.0,48.66,18.5,9.2,この先制限速度なし,この先目立った勾配なし,前方96.0m先を23.9km/h,後続列車なし,10.0,0.0,発車済み,35.0,70.0,-0.05
188.79999999999984,Train11,次駅への減速フェーズ（駅手前400m以内）,ブレーキ（減速）中,4.899999999999999,力行（加速）,6.0,70.0,24.1,24.45,70.0,75.9,0.0,28.35,10.9,9.2,この先制限速度なし,この先目立った勾配なし,前方77.6m先を4.9km/h,後続列車なし,10.0,0.0,発車済み,35.0,70.0,-0.05
139.0,Train11,巡航フェーズ（駅間走行中）,惰行中,3.0,力行（加速）,14.0,70.0,70.0,44.33,70.0,660.4,37.0,103.81,0.0,0.0,この先制限速度なし,70m先に上り勾配6.1‰あり,前方658.8m先を4.3km/h,後続列車なし,10.0,49.0,未発車,35.0,46.1,-0.5
28.0,Train11,巡航フェーズ（駅間走行中）,力行（加速）中,15.0,惰行,6.0,70.0,55.1,41.45,70.0,1991.5,12.0,93.53,0.0,-2.1,この先制限速度なし,201m先に下り勾配6.7‰あり,前方213.6m先を56.9km/h,後続列車なし,10.0,188.0,未発車,22.0,43.4,-0.5
148.0,Train11,巡航フェーズ（駅間走行中）,力行（加速）中,2.0,惰行,19.0,70.0,70.0,36.14,70.0,579.4,30.0,64.04,0.0,6.1,この先制限速度なし,389m先に上り勾配9.2‰あり,前方579.8m先を0.0km/h,後続列車なし,10.0,55.0,未発車,35.0,43.3,-0.5
43.0,Train11,巡航フェーズ（駅間走行中）,力行（加速）中,3.0,ブレーキ（減速）,5.0,70.0,64.2,35.59,70.0,1792.0,12.0,69.19,0.0,-2.1,この先制限速度なし,2m先に下り勾配6.7‰あり,前方270.8m先を63.5km/h,後続列車なし,10.0,158.0,未発車,22.0,45.3,-0.5
76.0,Train11,巡航フェーズ（駅間走行中）,力行（加速）中,17.0,ブレーキ（減速）,6.0,70.0,70.0,40.36,70.0,1663.9,27.0,94.76,0.0,-6.7,この先制限速度なし,この先目立った勾配なし,前方948.1m先を63.4km/h,後続列車なし,10.0,127.0,未発車,35.0,40.4,-0.5
204.1999999999997,Train11,次駅への減速フェーズ（駅手前400m以内）,ブレーキ（減速）中,8.299999999999986,力行（加速）,4.0,70.0,14.5,16.3,70.0,57.8,0.0,12.64,26.3,9.2,この先制限速度なし,この先目立った勾配なし,前方60.0m先を5.9km/h,後続列車なし,10.0,0.0,発車済み,35.0,70.0,-0.05
85.0,Train11,巡航フェーズ（駅間走行中）,ブレーキ（減速）中,1.0,力行（加速）,25.0,70.0,70.0,48.55,70.0,1552.0,30.0,124.23,0.0,0.0,この先制限速度なし,この先目立った勾配なし,前方992.2m先を61.8km/h,後続列車なし,10.0,118.0,未発車,35.0,55.1,-0.5
70.0,Train11,巡航フェーズ（駅間走行中）,力行（加速）中,1.0,惰行,6.0,70.0,70.0,46.76,70.0,1536.5,18.0,115.34,0.0,0.0,この先制限速度なし,この先目立った勾配なし,前方593.9m先を62.5km/h,後続列車なし,10.0,125.0,未発車,28.0,52.1,-0.5
200.29999999999993,Train11,次駅への減速フェーズ（駅手前400m以内）,ブレーキ（減速）中,4.3999999999999995,力行（加速）,4.0,70.0,26.0,27.76,70.0,81.6,0.0,36.5,22.4,9.2,この先制限速度なし,この先目立った勾配なし,前方82.0m先を0.0km/h,後続列車なし,10.0,2.7,未発車,35.0,22.9,-0.05
159.0,Train11,巡航フェーズ（駅間走行中）,ブレーキ（減速）中,3.0,力行（加速）,2.0,70.0,70.0,39.15,70.0,415.3,19.0,75.04,0.0,6.1,この先制限速度なし,225m先に上り勾配9.2‰あり,前方415.7m先を0.0km/h,後続列車なし,10.0,29.0,未発車,35.0,46.5,-0.5
184.0,Train11,次駅への減速フェーズ（駅手前400m以内）,ブレーキ（減速）中,1.0,力行（加速）,6.0,70.0,38.1,38.64,70.0,117.9,0.0,70.39,7.0,9.2,この先制限速度なし,この先目立った勾配なし,前方118.3m先を0.0km/h,後続列車なし,10.0,4.0,未発車,35.0,32.4,-0.5
30.0,Train11,巡航フェーズ（駅間走行中）,力行（加速）中,16.0,ブレーキ（減速）,6.0,70.0,70.0,36.68,70.0,2019.4,25.0,73.44,0.0,-2.1,この先制限速度なし,229m先に下り勾配6.7‰あり,前方498.1m先を63.5km/h,後続列車なし,10.0,158.0,未発車,35.0,51.7,-0.5
199.29999999999998,Train11,次駅への減速フェーズ（駅手前400m以内）,ブレーキ（減速）中,3.4000000000000004,力行（加速）,4.0,70.0,29.1,30.71,70.0,89.7,0.0,44.62,21.4,9.2,この先制限速度なし,この先目立った勾配なし,前方90.1m先を0.0km/h,後続列車なし,10.0,3.7,未発車,35.0,24.5,-0.05
97.0,Train11,巡航フェーズ（駅間走行中）,ブレーキ（減速）中,4.0,力行（加速）,6.0,70.0,70.0,46.2,70.0,1169.2,33.0,112.64,0.0,0.0,この先制限速度なし,179m先に上り勾配12.5‰あり,前方807.0m先を56.8km/h,後続列車なし,10.0,91.0,未発車,35.0,50.1,-0.5
54.0,Train11,巡航フェーズ（駅間走行中）,ブレーキ（減速）中,6.0,惰行,2.0,70.0,70.0,29.06,70.0,1678.0,12.0,49.42,0.0,-6.7,この先制限速度なし,この先目立った勾配なし,前方349.7m先を63.3km/h,後続列車なし,10.0,147.0,未発車,22.0,32.4,-0.5
186.2,Train11,次駅への減速フェーズ（駅手前400m以内）,ブレーキ（減速）中,2.3000000000000003,力行（加速）,6.0,70.0,31.4,32.12,70.0,96.3,0.0,48.77,8.3,9.2,この先制限速度なし,この先目立った勾配なし,前方96.7m先を0.0km/h,後続列車なし,10.0,1.8,未発車,35.0,31.8,-0.05
49.0,Train11,巡航フェーズ（駅間走行中）,力行（加速）中,6.0,ブレーキ（減速）,4.0,70.0,70.0,31.57,70.0,1882.9,12.0,54.53,0.0,-2.1,この先制限速度なし,92m先に下り勾配6.7‰あり,前方466.8m先を62.9km/h,後続列車なし,10.0,152.0,未発車,22.0,49.5,-0.5
79.0,Train11,巡航フェーズ（駅間走行中）,惰行中,4.0,力行（加速）,6.0,70.0,70.0,50.58,70.0,1374.5,19.0,134.66,0.0,0.0,この先制限速度なし,384m先に上り勾配12.5‰あり,前方588.6m先を62.8km/h,後続列車なし,10.0,116.0,未発車,28.0,49.5,-0.5
95.0,Train11,巡航フェーズ（駅間走行中）,力行（加速）中,4.0,惰行,6.0,70.0,70.0,47.38,70.0,1424.8,32.0,118.37,0.0,0.0,この先制限速度なし,434m先に上り勾配12.5‰あり,前方1030.8m先を57.6km/h,後続列車なし,10.0,108.0,未発車,35.0,53.8,-0.5
134.0,Train11,巡航フェーズ（駅間走行中）,惰行中,3.0,ブレーキ（減速）,5.0,70.0,70.0,20.86,70.0,1032.8,23.0,23.25,0.0,0.0,この先制限速度なし,42m先に上り勾配12.5‰あり,前方951.8m先を27.6km/h,後続列車なし,10.0,82.0,未発車,22.0,48.5,-0.5
206.0999999999996,Train11,次駅への減速フェーズ（駅手前400m以内）,ブレーキ（減速）中,0.8999999999999999,惰行,0.30000000000000004,70.0,12.2,11.5,70.0,50.4,0.0,6.29,28.2,9.2,この先制限速度なし,この先目立った勾配なし,前方57.0m先を10.5km/h,後続列車なし,10.0,0.0,発車済み,35.0,70.0,-0.05
148.0,Train11,巡航フェーズ（駅間走行中）,力行（加速）中,4.0,惰行,8.0,70.0,70.0,45.25,70.0,550.5,30.0,99.94,0.0,6.1,この先制限速度なし,360m先に上り勾配9.2‰あり,前方550.8m先を0.0km/h,後続列車なし,10.0,40.0,未発車,35.0,49.5,-0.5
114.0,Train11,巡航フェーズ（駅間走行中）,ブレーキ（減速）中,6.0,力行（加速）,3.0,70.0,70.0,27.16,70.0,903.0,36.0,33.63,0.0,12.5,この先制限速度なし,この先目立った勾配なし,前方759.5m先を36.8km/h,後続列車なし,10.0,89.0,未発車,35.0,62.5,-0.5
204.0,Train11,巡航フェーズ（駅間走行中）,惰行中,2.0,力行（加速）,20.0,70.0,70.0,39.69,70.0,463.2,0.0,77.1,27.0,6.1,この先制限速度なし,273m先に上り勾配9.2‰あり,前方463.6m先を0.0km/h,後続列車なし,10.0,6.0,未発車,28.0,70.0,-0.5
201.0,Train11,巡航フェーズ（駅間走行中）,力行（加速）中,13.0,惰行,3.0,70.0,70.0,49.77,70.0,422.0,0.0,120.58,24.0,6.1,この先制限速度なし,231m先に上り勾配9.2‰あり,前方422.4m先を0.0km/h,後続列車なし,10.0,15.0,未発車,22.0,70.0,-0.5
186.39999999999998,Train11,次駅への減速フェーズ（駅手前400m以内）,ブレーキ（減速）中,2.5000000000000004,力行（加速）,6.0,70.0,30.8,31.52,70.0,94.5,0.0,47.01,8.5,9.2,この先制限速度なし,この先目立った勾配なし,前方94.9m先を0.0km/h,後続列車なし,10.0,1.6,未発車,35.0,31.7,-0.05
191.59999999999968,Train11,次駅への減速フェーズ（駅手前400m以内）,ブレーキ（減速）中,1.4000000000000001,力行（加速）,0.1,70.0,19.0,18.52,70.0,59.0,0.0,16.31,13.7,9.2,この先制限速度なし,この先目立った勾配なし,前方67.2m先を11.6km/h,後続列車なし,10.0,0.0,発車済み,35.0,70.0,-0.05
189.0,Train11,巡航フェーズ（駅間走行中）,力行（加速）中,7.0,ブレーキ（減速）,6.0,70.0,70.0,23.03,70.0,601.7,0.0,28.3,12.0,0.0,この先制限速度なし,11m先に上り勾配6.1‰あり,前方602.1m先を0.0km/h,後続列車なし,10.0,21.0,未発車,28.0,70.0,-0.5
75.0,Train11,巡航フェーズ（駅間走行中）,ブレーキ（減速）中,1.0,力行（加速）,4.0,70.0,70.0,28.97,70.0,1507.0,12.0,44.67,0.0,0.0,この先制限速度なし,この先目立った勾配なし,前方547.1m先を62.4km/h,後続列車なし,10.0,141.0,未発車,22.0,47.3,-0.5
22.0,Train11,巡航フェーズ（駅間走行中）,ブレーキ（減速）中,5.0,力行（加速）,8.0,70.0,70.0,18.25,70.0,2079.7,26.0,18.33,0.0,-2.1,この先制限速度なし,289m先に下り勾配6.7‰あり,前方418.2m先を62.7km/h,後続列車なし,10.0,166.0,未発車,35.0,51.0,-0.5
105.0,Train11,巡航フェーズ（駅間走行中）,力行（加速）中,8.0,ブレーキ（減速）,6.0,70.0,70.0,52.17,70.0,859.3,26.0,122.65,0.0,12.5,この先制限速度なし,この先目立った勾配なし,前方512.7m先を55.5km/h,後続列車なし,10.0,105.0,未発車,28.0,60.8,-0.5
93.0,Train11,巡航フェーズ（駅間走行中）,ブレーキ（減速）中,4.0,力行（加速）,14.0,70.0,70.0,29.42,70.0,1396.9,23.0,46.08,0.0,0.0,この先制限速度なし,406m先に上り勾配12.5‰あり,前方854.2m先を61.4km/h,後続列車なし,10.0,117.0,未発車,28.0,49.8,-0.5
203.89999999999938,Train11,次駅への減速フェーズ（駅手前400m以内）,ブレーキ（減速）中,1.9000000000000006,力行（加速）,0.1,70.0,1.7,2.13,70.0,44.1,0.0,0.22,26.0,9.2,この先制限速度なし,この先目立った勾配なし,前方50.1m先を10.0km/h,後続列車なし,10.0,0.0,発車済み,22.0,70.0,-0.05
191.2999999999997,Train11,次駅への減速フェーズ（駅手前400m以内）,ブレーキ（減速）中,1.0999999999999999,力行（加速）,0.1,70.0,19.4,19.4,70.0,60.6,0.0,17.89,13.4,9.2,この先制限速度なし,この先目立った勾配なし,前方67.8m先を10.9km/h,後続列車なし,10.0,0.0,発車済み,35.0,70.0,-0.05
196.69999999999985,Train11,次駅への減速フェーズ（駅手前400m以内）,ブレーキ（減速）中,1.7000000000000004,力行（加速）,0.5,70.0,32.6,30.95,70.0,68.4,0.0,45.31,16.8,9.2,この先制限速度なし,この先目立った勾配なし,前方100.2m先を21.2km/h,後続列車なし,10.0,0.0,発車済み,35.0,70.0,-0.05
160.0,Train11,巡航フェーズ（駅間走行中）,ブレーキ（減速）中,4.0,力行（加速）,2.0,70.0,70.0,36.29,70.0,404.9,18.0,64.56,0.0,6.1,この先制限速度なし,214m先に上り勾配9.2‰あり,前方405.2m先を0.0km/h,後続列車なし,10.0,28.0,未発車,35.0,46.3,-0.5
87.0,Train11,巡航フェーズ（駅間走行中）,惰行中,3.0,力行（加速）,2.0,70.0,57.6,53.73,70.0,950.0,14.0,129.96,0.0,12.5,この先制限速度なし,この先目立った勾配なし,前方199.2m先を63.1km/h,後続列車なし,10.0,114.0,未発車,22.0,64.3,-0.5
188.19999999999987,Train11,次駅への減速フェーズ（駅手前400m以内）,ブレーキ（減速）中,4.300000000000001,力行（加速）,6.0,70.0,25.6,26.21,70.0,80.1,0.0,32.57,10.3,9.2,この先制限速度なし,この先目立った勾配なし,前方81.1m先を3.3km/h,後続列車なし,10.0,0.0,発車済み,35.0,70.0,-0.05
25.0,Train11,巡航フェーズ（駅間走行中）,力行（加速）中,1.0,惰行,6.0,70.0,47.3,37.86,70.0,1995.4,13.0,78.19,0.0,-2.1,この先制限速度なし,205m先に下り勾配6.7‰あり,前方171.1m先を54.5km/h,後続列車なし,10.0,176.0,未発車,22.0,46.2,-0.5
226.69999999999985,Train11,次駅への減速フェーズ（駅手前400m以内）,ブレーキ（減速）中,1.9000000000000006,惰行,0.1,70.0,34.9,34.08,70.0,63.0,0.0,54.87,46.8,9.2,この先制限速度なし,この先目立った勾配なし,前方107.5m先を24.3km/h,後続列車なし,10.0,0.0,発車済み,22.0,70.0,-0.05
41.0,Train11,巡航フェーズ（駅間走行中）,力行（加速）中,1.0,ブレーキ（減速）,6.0,70.0,70.0,32.01,70.0,1841.6,18.0,56.07,0.0,-2.1,この先制限速度なし,51m先に下り勾配6.7‰あり,前方390.5m先を63.3km/h,後続列車なし,10.0,169.0,未発車,28.0,44.0,-0.5
200.39999999999992,Train11,次駅への減速フェーズ（駅手前400m以内）,ブレーキ（減速）中,4.499999999999999,力行（加速）,4.0,70.0,25.7,27.46,70.0,80.8,0.0,35.73,22.5,9.2,この先制限速度なし,この先目立った勾配なし,前方81.2m先を0.0km/h,後続列車なし,10.0,2.6,未発車,35.0,22.5,-0.05
121.0,Train11,巡航フェーズ（駅間走行中）,惰行中,5.0,力行（加速）,7.0,70.0,70.0,31.95,70.0,850.0,36.0,46.43,0.0,12.5,この先制限速度なし,この先目立った勾配なし,前方769.0m先を27.6km/h,後続列車なし,10.0,67.0,未発車,35.0,62.9,-0.5
210.29999999999953,Train11,次駅への減速フェーズ（駅手前400m以内）,ブレーキ（減速）中,0.1,力行（加速）,2.0000000000000004,70.0,20.6,21.62,70.0,34.7,0.0,22.19,30.4,9.2,この先制限速度なし,この先目立った勾配なし,前方70.1m先を22.2km/h,後続列車なし,10.0,0.0,発車済み,22.0,70.0,-0.05
170.49999999999912,Train11,次駅への減速フェーズ（駅手前400m以内）,ブレーキ（減速）中,1.7000000000000004,力行（加速）,0.1,70.0,0.0,1.04,0.0,0.0,7.5,0.06,0.0,0.0,この先制限速度なし,この先目立った勾配なし,前方0.0m先を0.0km/h,後続列車なし,10.0,39.5,未発車,28.0,0.0,-0.05
203.89999999999972,Train11,次駅への減速フェーズ（駅手前400m以内）,ブレーキ（減速）中,7.999999999999987,力行（加速）,4.0,70.0,15.2,17.18,70.0,59.2,0.0,14.03,26.0,9.2,この先制限速度なし,この先目立った勾配なし,前方61.0m先を5.1km/h,後続列車なし,10.0,0.0,発車済み,35.0,70.0,-0.05
193.49999999999997,Train11,次駅への減速フェーズ（駅手前400m以内）,ブレーキ（減速）中,0.2,惰行,17.400000000000006,70.0,29.9,30.93,70.0,91.8,0.0,45.27,15.6,9.2,この先制限速度なし,この先目立った勾配なし,前方92.2m先を0.0km/h,後続列車なし,10.0,7.5,未発車,22.0,20.4,-0.05
186.1,Train11,次駅への減速フェーズ（駅手前400m以内）,ブレーキ（減速）中,2.2,力行（加速）,6.0,70.0,31.7,32.41,70.0,97.2,0.0,49.67,8.2,9.2,この先制限速度なし,この先目立った勾配なし,前方97.6m先を0.0km/h,後続列車なし,10.0,1.9,未発車,35.0,31.6,-0.05
162.39999999999907,Train11,次駅への減速フェーズ（駅手前400m以内）,ブレーキ（減速）中,2.500000000000001,惰行,0.1,70.0,0.0,0.58,0.0,0.0,15.6,0.02,0.0,0.0,この先制限速度なし,この先目立った勾配なし,前方0.0m先を0.0km/h,後続列車なし,10.0,38.6,未発車,22.0,0.0,-0.5
81.0,Train11,巡航フェーズ（駅間走行中）,ブレーキ（減速）中,2.0,惰行,4.0,70.0,70.0,48.02,70.0,1384.2,20.0,121.56,0.0,0.0,この先制限速度なし,394m先に上り勾配12.5‰あり,前方633.3m先を63.1km/h,後続列車なし,10.0,114.0,未発車,28.0,50.3,-0.5
186.0,Train11,次駅への減速フェーズ（駅手前400m以内）,ブレーキ（減速）中,2.1,力行（加速）,6.0,70.0,32.0,32.71,70.0,98.1,0.0,50.57,8.1,9.2,この先制限速度なし,この先目立った勾配なし,前方98.5m先を0.0km/h,後続列車なし,10.0,2.0,未発車,35.0,29.8,-0.05
187.39999999999992,Train11,次駅への減速フェーズ（駅手前400m以内）,ブレーキ（減速）中,3.5000000000000013,力行（加速）,6.0,70.0,27.9,28.57,70.0,86.2,0.0,38.66,9.5,9.2,この先制限速度なし,この先目立った勾配なし,前方86.7m先を1.1km/h,後続列車なし,10.0,0.6,未発車,35.0,31.4,-0.05
115.0,Train11,巡航フェーズ（駅間走行中）,力行（加速）中,8.0,惰行,10.0,70.0,70.0,54.25,70.0,883.2,22.0,132.49,0.0,12.5,この先制限速度なし,この先目立った勾配なし,前方595.4m先を50.4km/h,後続列車なし,10.0,86.0,未発車,22.0,61.9,-0.5
211.09999999999948,Train11,次駅への減速フェーズ（駅手前400m以内）,ブレーキ（減速）中,0.8999999999999999,力行（加速）,2.0000000000000004,70.0,20.9,19.27,70.0,30.1,0.0,17.65,31.2,9.2,この先制限速度なし,この先目立った勾配なし,前方70.6m先を23.4km/h,後続列車なし,10.0,0.0,発車済み,22.0,70.0,-0.05
162.19999999999908,Train11,次駅への減速フェーズ（駅手前400m以内）,ブレーキ（減速）中,2.3000000000000007,惰行,0.1,70.0,0.0,1.16,0.0,0.0,15.8,0.07,0.0,0.0,この先制限速度なし,この先目立った勾配なし,前方0.0m先を0.0km/h,後続列車なし,10.0,38.8,未発車,22.0,0.0,-0.05
87.0,Train11,巡航フェーズ（駅間走行中）,惰行中,2.0,ブレーキ（減速）,1.0,70.0,70.0,45.72,70.0,1526.1,30.0,110.32,0.0,0.0,この先制限速度なし,この先目立った勾配なし,前方1000.5m先を61.0km/h,後続列車なし,10.0,116.0,未発車,35.0,54.9,-0.5
161.9999999999991,Train11,次駅への減速フェーズ（駅手前400m以内）,ブレーキ（減速）中,2.1000000000000005,惰行,0.1,70.0,0.0,1.74,0.0,0.0,16.0,0.16,0.0,0.0,この先制限速度なし,この先目立った勾配なし,前方0.0m先を0.0km/h,後続列車なし,10.0,39.0,未発車,22.0,0.0,-0.05
211.4999999999993,Train11,次駅への減速フェーズ（駅手前400m以内）,ブレーキ（減速）中,5.599999999999996,力行（加速）,0.1,70.0,0.0,1.0,70.0,35.3,0.0,0.05,33.6,9.2,この先制限速度なし,この先目立った勾配なし,前方38.1m先を6.7km/h,後続列車なし,10.0,0.0,発車済み,28.0,70.0,-0.05
211.19999999999948,Train11,次駅への減速フェーズ（駅手前400m以内）,ブレーキ（減速）中,0.9999999999999999,力行（加速）,2.0000000000000004,70.0,20.9,18.98,70.0,29.6,0.0,17.12,31.3,9.2,この先制限速度なし,この先目立った勾配なし,前方70.8m先を23.6km/h,後続列車なし,10.0,0.0,発車済み,22.0,70.0,-0.05
89.0,Train11,巡航フェーズ（駅間走行中）,力行（加速）中,14.0,ブレーキ（減速）,6.0,70.0,70.0,36.14,70.0,1434.9,22.0,69.3,0.0,0.0,この先制限速度なし,444m先に上り勾配12.5‰あり,前方823.7m先を62.1km/h,後続列車なし,10.0,121.0,未発車,28.0,50.1,-0.5
195.39999999999992,Train11,次駅への減速フェーズ（駅手前400m以内）,ブレーキ（減速）中,0.4,力行（加速）,0.5,70.0,34.1,34.79,70.0,80.3,0.0,57.18,15.5,9.2,この先制限速度なし,この先目立った勾配なし,前方104.8m先を19.0km/h,後続列車なし,10.0,0.0,発車済み,35.0,70.0,-0.05
226.39999999999986,Train11,次駅への減速フェーズ（駅手前400m以内）,ブレーキ（減速）中,1.6000000000000003,惰行,0.1,70.0,35.2,34.97,70.0,65.9,0.0,57.75,46.5,9.2,この先制限速度なし,この先目立った勾配なし,前方108.4m先を23.9km/h,後続列車なし,10.0,0.0,発車済み,22.0,70.0,-0.05
188.69999999999985,Train11,次駅への減速フェーズ（駅手前400m以内）,ブレーキ（減速）中,4.799999999999999,力行（加速）,6.0,70.0,24.4,24.74,70.0,76.5,0.0,29.03,10.8,9.2,この先制限速度なし,この先目立った勾配なし,前方78.1m先を4.6km/h,後続列車なし,10.0,0.0,発車済み,35.0,70.0,-0.05
199.99999999999994,Train11,次駅への減速フェーズ（駅手前400m以内）,ブレーキ（減速）中,4.1000000000000005,力行（加速）,4.0,70.0,26.9,28.64,70.0,83.9,0.0,38.85,22.1,9.2,この先制限速度なし,この先目立った勾配なし,前方84.3m先を0.0km/h,後続列車なし,10.0,3.0,未発車,35.0,23.4,-0.05
206.69999999999973,Train11,次駅への減速フェーズ（駅手前400m以内）,ブレーキ（減速）中,1.4000000000000001,力行（加速）,0.1,70.0,21.1,22.75,70.0,54.8,0.0,24.56,26.8,9.2,この先制限速度なし,この先目立った勾配なし,前方71.0m先を15.9km/h,後続列車なし,10.0,0.0,発車済み,22.0,70.0,-0.05
210.49999999999952,Train11,次駅への減速フェーズ（駅手前400m以内）,ブレーキ（減速）中,0.30000000000000004,力行（加速）,2.0000000000000004,70.0,20.6,21.03,70.0,33.5,0.0,21.01,30.6,9.2,この先制限速度なし,この先目立った勾配なし,前方70.2m先を22.5km/h,後続列車なし,10.0,0.0,発車済み,22.0,70.0,-0.05
195.8999999999999,Train11,次駅への減速フェーズ（駅手前400m以内）,ブレーキ（減速）中,0.8999999999999999,力行（加速）,0.5,70.0,33.4,33.31,70.0,75.5,0.0,52.45,16.0,9.2,この先制限速度なし,この先目立った勾配なし,前方102.7m先を19.9km/h,後続列車なし,10.0,0.0,発車済み,35.0,70.0,-0.05
101.0,Train11,巡航フェーズ（駅間走行中）,惰行中,42.0,力行（加速）,6.0,70.0,70.0,42.08,70.0,1044.1,34.0,93.65,0.0,0.0,この先制限速度なし,54m先に上り勾配12.5‰あり,前方742.2m先を51.7km/h,後続列車なし,10.0,102.0,未発車,35.0,41.5,-0.5
194.29999999999993,Train11,次駅への減速フェーズ（駅手前400m以内）,ブレーキ（減速）中,0.9999999999999999,惰行,17.400000000000006,70.0,27.4,28.57,70.0,85.2,0.0,38.65,16.4,9.2,この先制限速度なし,この先目立った勾配なし,前方85.6m先を0.0km/h,後続列車なし,10.0,6.7,未発車,22.0,20.0,-0.05
28.0,Train11,巡航フェーズ（駅間走行中）,力行（加速）中,10.0,惰行,6.0,70.0,68.0,41.36,70.0,1976.4,18.0,93.13,0.0,-2.1,この先制限速度なし,186m先に下り勾配6.7‰あり,前方297.5m先を61.9km/h,後続列車なし,10.0,167.0,未発車,28.0,48.0,-0.5
135.0,Train11,巡航フェーズ（駅間走行中）,惰行中,8.0,力行（加速）,13.0,70.0,70.0,36.81,70.0,709.2,36.0,71.88,0.0,0.0,この先制限速度なし,119m先に上り勾配6.1‰あり,前方700.0m先を9.4km/h,後続列車なし,10.0,68.0,未発車,35.0,37.9,-0.5
59.0,Train11,巡航フェーズ（駅間走行中）,力行（加速）中,14.0,ブレーキ（減速）,6.0,70.0,70.0,48.83,70.0,1634.0,12.0,125.65,0.0,0.0,この先制限速度なし,この先目立った勾配なし,前方393.5m先を62.9km/h,後続列車なし,10.0,142.0,未発車,22.0,50.6,-0.5
187.49999999999991,Train11,次駅への減速フェーズ（駅手前400m以内）,ブレーキ（減速）中,3.6000000000000014,力行（加速）,6.0,70.0,27.6,28.28,70.0,85.4,0.0,37.87,9.6,9.2,この先制限速度なし,この先目立った勾配なし,前方86.0m先を1.4km/h,後続列車なし,10.0,0.5,未発車,35.0,31.2,-0.05
172.0,Train11,巡航フェーズ（駅間走行中）,力行（加速）中,6.0,ブレーキ（減速）,6.0,70.0,70.0,26.62,70.0,422.6,6.0,34.89,0.0,6.1,この先制限速度なし,232m先に上り勾配9.2‰あり,前方423.0m先を0.0km/h,後続列車なし,10.0,29.0,未発車,22.0,47.3,-0.5
46.0,Train11,巡航フェーズ（駅間走行中）,力行（加速）中,23.0,ブレーキ（減速）,6.0,70.0,70.0,45.97,70.0,1872.2,25.0,114.76,0.0,-2.1,この先制限速度なし,82m先に下り勾配6.7‰あり,前方631.7m先を62.9km/h,後続列車なし,10.0,142.0,未発車,35.0,52.4,-0.5
49.0,Train11,巡航フェーズ（駅間走行中）,惰行中,13.0,力行（加速）,23.0,70.0,70.0,43.32,70.0,1798.8,18.0,102.08,0.0,-2.1,この先制限速度なし,8m先に下り勾配6.7‰あり,前方488.1m先を63.1km/h,後続列車なし,10.0,161.0,未発車,28.0,44.7,-0.5
68.0,Train11,巡航フェーズ（駅間走行中）,ブレーキ（減速）中,3.0,力行（加速）,3.0,70.0,70.0,41.25,70.0,1566.6,18.0,90.04,0.0,0.0,この先制限速度なし,この先目立った勾配なし,前方589.2m先を63.1km/h,後続列車なし,10.0,142.0,未発車,28.0,48.6,-0.5
132.0,Train11,巡航フェーズ（駅間走行中）,惰行中,1.0,ブレーキ（減速）,5.0,70.0,70.0,21.08,70.0,1044.4,23.0,23.74,0.0,0.0,この先制限速度なし,54m先に上り勾配12.5‰あり,前方947.4m先を30.2km/h,後続列車なし,10.0,84.0,未発車,22.0,47.5,-0.5
88.0,Train11,巡航フェーズ（駅間走行中）,惰行中,19.0,力行（加速）,6.0,70.0,70.0,49.89,70.0,1221.4,30.0,131.07,0.0,0.0,この先制限速度なし,231m先に上り勾配12.5‰あり,前方712.6m先を60.5km/h,後続列車なし,10.0,100.0,未発車,35.0,49.0,-0.5
102.0,Train11,巡航フェーズ（駅間走行中）,力行（加速）中,22.0,ブレーキ（減速）,6.0,70.0,70.0,44.23,70.0,1287.5,18.0,103.34,0.0,0.0,この先制限速度なし,297m先に上り勾配12.5‰あり,前方795.5m先を60.1km/h,後続列車なし,10.0,114.0,未発車,22.0,46.9,-0.5
