time,train_id,phase,current_notch,holding_time,prev_notch,prev_notch_duration,speed_limit,signal_speed,current_speed,required_speed,dist_to_next_station,time_to_next_station,req_stop_dist,delay,current_gradient,next_limit_info,next_gradient_info,forward_info,backward_info,reward,reason
0,Train11,次駅への減速フェーズ（駅手前400m以内）,ブレーキ（減速）中,2.0,惰行,12.0,70.0,70.0,30.0,30.0,45.6,10.9,65.64088392752669,0.0,-20.0,この先制限速度なし,この先目立った勾配なし,先行列車なし,後続列車なし,0.0,delta_stopが-20.04mでオーバーランが確実と判断され、即reward0.0ルールに該当するため0.0とした。
1,Train11,次駅への減速フェーズ（駅手前400m以内）,ブレーキ（減速）中,10.0,惰行,12.0,70.0,70.0,30.0,30.0,45.6,10.9,65.64088392752669,0.0,-20.0,この先制限速度なし,この先目立った勾配なし,先行列車なし,後続列車なし,0.0,delta_stopが-20.04mでオーバーランが確実と判断され、即時0点ルールが適用されたためreward=0.0。
2,Train11,次駅への減速フェーズ（駅手前400m以内）,惰行中,2.0,力行（加速）,12.0,70.0,70.0,30.0,30.0,45.6,10.9,65.64088392752669,0.0,-20.0,この先制限速度なし,この先目立った勾配なし,先行列車なし,後続列車なし,0.0,delta_stopが-20.04mでブレーキ未実施のためオーバーランが確実と判断し、安全上即0点とし評価した。現在速度30km/h、信号速度70km/hでも減速せず惰行を続けている点が致命的である。
3,Train11,次駅への減速フェーズ（駅手前400m以内）,惰行中,10.0,力行（加速）,12.0,70.0,70.0,30.0,30.0,45.6,10.9,65.64088392752669,0.0,-20.0,この先制限速度なし,この先目立った勾配なし,先行列車なし,後続列車なし,0.0,delta_stopが-20.04mでブレーキ未実施のためオーバーランが確実で、即時0点規則が適用される。
4,Train11,次駅への減速フェーズ（駅手前400m以内）,ブレーキ（減速）中,2.0,惰行,12.0,70.0,70.0,30.0,30.0,60.6,14.5,65.64088392752669,0.0,-20.0,この先制限速度なし,この先目立った勾配なし,先行列車なし,後続列車なし,0.0,delta_stopが-5.04mでオーバーランが確実と判断され、即時0点ルールに該当したためreward=0.0。
5,Train11,次駅への減速フェーズ（駅手前400m以内）,ブレーキ（減速）中,10.0,惰行,12.0,70.0,70.0,30.0,30.0,60.6,14.5,65.64088392752669,0.0,-20.0,この先制限速度なし,この先目立った勾配なし,先行列車なし,後続列車なし,0.0,delta_stopが-5.04mでオーバーランがほぼ確実、即0.0ルールが適用されるためrewardは0.0とする。
6,Train11,次駅への減速フェーズ（駅手前400m以内）,惰行中,2.0,力行（加速）,12.0,70.0,70.0,30.0,30.0,60.6,14.5,65.64088392752669,0.0,-20.0,この先制限速度なし,この先目立った勾配なし,先行列車なし,後続列車なし,0.0,delta_stopが-5.04mでブレーキをかけておらず、オーバーランがほぼ確実と判断し即時0点とした。
7,Train11,次駅への減速フェーズ（駅手前400m以内）,惰行中,10.0,力行（加速）,12.0,70.0,70.0,30.0,30.0,60.6,14.5,65.64088392752669,0.0,-20.0,この先制限速度なし,この先目立った勾配なし,先行列車なし,後続列車なし,0.0,delta_stopが-5.04mでブレーキ未実施のためオーバーランが確実と判断し、即時0点とした。
8,Train11,次駅への減速フェーズ（駅手前400m以内）,ブレーキ（減速）中,2.0,惰行,12.0,70.0,70.0,30.0,70.0,65.6,15.7,65.64088392752669,0.0,-20.0,この先制限速度なし,この先目立った勾配なし,先行列車なし,後続列車なし,1.0,ブレーキが適切に作動しdelta_stopが±5m以内で停止位置が確保、速度制限・CBTCも遵守しているため高評価。
9,Train11,次駅への減速フェーズ（駅手前400m以内）,ブレーキ（減速）中,10.0,惰行,12.0,70.0,70.0,30.0,70.0,65.6,15.7,65.64088392752669,0.0,-20.0,この先制限速度なし,この先目立った勾配なし,先行列車なし,後続列車なし,1.0,ブレーキが適切にかかりdelta_stopが0.04m以内で停止位置が確保でき、速度・CBTC制限を遵守しているため高評価。
10,Train11,次駅への減速フェーズ（駅手前400m以内）,惰行中,2.0,力行（加速）,12.0,70.0,70.0,30.0,70.0,65.6,15.7,65.64088392752669,0.0,-20.0,この先制限速度なし,この先目立った勾配なし,先行列車なし,後続列車なし,0.6,次駅減速フェーズでdelta_stopが-0.04mと許容範囲内だが、ブレーキせず惰行を続けたためやや減点し、rewardを0.6とした。
11,Train11,次駅への減速フェーズ（駅手前400m以内）,惰行中,10.0,力行（加速）,12.0,70.0,70.0,30.0,70.0,65.6,15.7,65.64088392752669,0.0,-20.0,この先制限速度なし,この先目立った勾配なし,先行列車なし,後続列車なし,0.6,次駅減速フェーズでブレーキ未使用かつdelta_stopが‑0.04mでやや負であるため、やや減点とし全体評価を0.6とした。
12,Train11,次駅への減速フェーズ（駅手前400m以内）,ブレーキ（減速）中,2.0,惰行,12.0,70.0,70.0,30.0,30.0,70.6,16.9,65.64088392752669,0.0,-20.0,この先制限速度なし,この先目立った勾配なし,先行列車なし,後続列車なし,1.0,ブレーキが適切に作動しdelta_stopが5m以内で停止位置が正確、速度・CBTC制限遵守、ノコギリ運転なしのため最高評価とした。
13,Train11,次駅への減速フェーズ（駅手前400m以内）,ブレーキ（減速）中,10.0,惰行,12.0,70.0,70.0,30.0,30.0,70.6,16.9,65.64088392752669,0.0,-20.0,この先制限速度なし,この先目立った勾配なし,先行列車なし,後続列車なし,1.0,ブレーキが適切に掛かり、delta_stopが4.96mで許容範囲内のため減速操作は安全かつ定時に適合し高評価とした。
14,Train11,次駅への減速フェーズ（駅手前400m以内）,惰行中,2.0,力行（加速）,12.0,70.0,70.0,30.0,30.0,70.6,16.9,65.64088392752669,0.0,-20.0,この先制限速度なし,この先目立った勾配なし,先行列車なし,後続列車なし,1.0,次駅減速フェーズでdelta_stopが正であり、required_speedと一致した惰行は適切で、違反やノコギリ運転はなく高評価とした。
15,Train11,次駅への減速フェーズ（駅手前400m以内）,惰行中,10.0,力行（加速）,12.0,70.0,70.0,30.0,30.0,70.6,16.9,65.64088392752669,0.0,-20.0,この先制限速度なし,この先目立った勾配なし,先行列車なし,後続列車なし,1.0,減速フェーズでdelta_stopが正、速度がrequired_speedと一致し惰行は適切。制限速度・CBTC遵守、無駄な加速なしと評価し最高点とした。
16,Train11,次駅への減速フェーズ（駅手前400m以内）,ブレーキ（減速）中,2.0,惰行,12.0,70.0,70.0,30.0,30.0,80.6,19.3,65.64088392752669,0.0,-20.0,この先制限速度なし,この先目立った勾配なし,先行列車なし,後続列車なし,0.5,delta_stopが14.96mで早めにブレーキを開始し、停止位置が5〜15m前方となるためやや減点とし、エネルギー効率も低下した。
17,Train11,次駅への減速フェーズ（駅手前400m以内）,ブレーキ（減速）中,10.0,惰行,12.0,70.0,70.0,30.0,30.0,80.6,19.3,65.64088392752669,0.0,-20.0,この先制限速度なし,この先目立った勾配なし,先行列車なし,後続列車なし,0.6,次駅減速フェーズでブレーキ開始が必要距離より約15m早く、エネルギー効率が低下したため評価を下げた。
18,Train11,次駅への減速フェーズ（駅手前400m以内）,惰行中,2.0,力行（加速）,12.0,70.0,70.0,30.0,30.0,80.6,19.3,65.64088392752669,0.0,-20.0,この先制限速度なし,この先目立った勾配なし,先行列車なし,後続列車なし,1.0,次駅減速フェーズで速度30km/hはrequired_speedと一致し、delta_stopが正でブレーキ未実施でも停止位置は確保でき、制限・信号遵守も問題なし。
19,Train11,次駅への減速フェーズ（駅手前400m以内）,惰行中,10.0,力行（加速）,12.0,70.0,70.0,30.0,30.0,80.6,19.3,65.64088392752669,0.0,-20.0,この先制限速度なし,この先目立った勾配なし,先行列車なし,後続列車なし,1.0,次駅減速フェーズで必要速度と一致する惰行を継続し、信号・制限速度を遵守、余裕があるため安全かつ省エネと判断し最高評価とした。
20,Train11,次駅への減速フェーズ（駅手前400m以内）,ブレーキ（減速）中,2.0,惰行,12.0,70.0,70.0,30.0,30.0,95.6,22.9,65.64088392752669,0.0,-20.0,この先制限速度なし,この先目立った勾配なし,先行列車なし,後続列車なし,0.9,制限速度・CBTC遵守、適切なブレーキ開始で停止位置も確保できており、ノコギリ運転等の問題がないため高評価とした。
21,Train11,次駅への減速フェーズ（駅手前400m以内）,ブレーキ（減速）中,10.0,惰行,12.0,70.0,70.0,30.0,30.0,95.6,22.9,65.64088392752669,0.0,-20.0,この先制限速度なし,この先目立った勾配なし,先行列車なし,後続列車なし,0.4,ブレーキが必要停止距離より約30m手前で開始され、不要な減速となっているため評価を低減し、rewardは0.4とした。
22,Train11,次駅への減速フェーズ（駅手前400m以内）,惰行中,2.0,力行（加速）,12.0,70.0,70.0,30.0,30.0,95.6,22.9,65.64088392752669,0.0,-20.0,この先制限速度なし,この先目立った勾配なし,先行列車なし,後続列車なし,1.0,次駅減速フェーズでrequired_speedと一致し惰行が適切、制限速度・CBTC遵守、停止位置に余裕があり、ノコギリ運転もなく評価が最高となる。
23,Train11,次駅への減速フェーズ（駅手前400m以内）,惰行中,10.0,力行（加速）,12.0,70.0,70.0,30.0,30.0,95.6,22.9,65.64088392752669,0.0,-20.0,この先制限速度なし,この先目立った勾配なし,先行列車なし,後続列車なし,1.0,次駅減速フェーズでrequired_speedと一致する惰行を続け、速度・信号・停止位置すべて遵守しているため最高評価とした。
24,Train11,次駅への減速フェーズ（駅手前400m以内）,ブレーキ（減速）中,2.0,惰行,12.0,70.0,70.0,30.0,30.0,115.6,27.7,65.64088392752669,0.0,-20.0,この先制限速度なし,この先目立った勾配なし,先行列車なし,後続列車なし,0.1,ブレーキ開始が必要停止距離より約50m早く、停止位置誤差が大きくエネルギー無駄となるため0.1とした。
25,Train11,次駅への減速フェーズ（駅手前400m以内）,ブレーキ（減速）中,10.0,惰行,12.0,70.0,70.0,30.0,30.0,115.6,27.7,65.64088392752669,0.0,-20.0,この先制限速度なし,この先目立った勾配なし,先行列車なし,後続列車なし,0.1,次駅減速フェーズでdelta_stopが+49.96mと遠く、必要なブレーキ開始より早く減速しており、停止位置が達成できずエネルギー無駄となるため低評価とした。
26,Train11,次駅への減速フェーズ（駅手前400m以内）,惰行中,2.0,力行（加速）,12.0,70.0,70.0,30.0,30.0,115.6,27.7,65.64088392752669,0.0,-20.0,この先制限速度なし,この先目立った勾配なし,先行列車なし,後続列車なし,1.0,次駅減速フェーズでrequired_speedと一致する惰行を続け、速度・信号超過なく停止位置も確保できているため最高評価とした。
27,Train11,次駅への減速フェーズ（駅手前400m以内）,惰行中,10.0,力行（加速）,12.0,70.0,70.0,30.0,30.0,115.6,27.7,65.64088392752669,0.0,-20.0,この先制限速度なし,この先目立った勾配なし,先行列車なし,後続列車なし,1.0,次駅減速フェーズでdelta_stopが正であり、速度は制限内かつCBTC遵守、ノコギリ運転なしで適切に惰行しているため高評価とした。
28,Train11,次駅への減速フェーズ（駅手前400m以内）,ブレーキ（減速）中,2.0,惰行,12.0,70.0,70.0,45.0,45.0,126.2,20.2,146.1538005548067,0.0,-20.0,この先制限速度なし,この先目立った勾配なし,先行列車なし,後続列車なし,0.0,delta_stopが-19.95mでオーバーランが確実なため即reward0.0ルールが適用され、rewardは0.0とする。
29,Train11,次駅への減速フェーズ（駅手前400m以内）,ブレーキ（減速）中,10.0,惰行,12.0,70.0,70.0,45.0,45.0,126.2,20.2,146.1538005548067,0.0,-20.0,この先制限速度なし,この先目立った勾配なし,先行列車なし,後続列車なし,0.0,現在速度45km/hで制限・信号は遵守しているが、delta_stopが-19.95mと大幅に負であり、ブレーキ開始が遅すぎてオーバーランが確実と判断されたため即0.0ルールが適用された。
30,Train11,次駅への減速フェーズ（駅手前400m以内）,惰行中,2.0,力行（加速）,12.0,70.0,70.0,45.0,45.0,126.2,20.2,146.1538005548067,0.0,-20.0,この先制限速度なし,この先目立った勾配なし,先行列車なし,後続列車なし,0.0,delta_stopが-19.95mでブレーキ未実施のためオーバーランが確実で、即時0点ルールが適用される。
31,Train11,次駅への減速フェーズ（駅手前400m以内）,惰行中,10.0,力行（加速）,12.0,70.0,70.0,45.0,45.0,126.2,20.2,146.1538005548067,0.0,-20.0,この先制限速度なし,この先目立った勾配なし,先行列車なし,後続列車なし,0.0,delta_stopが-19.95mでブレーキ未実施のためオーバーランが確実で、即時0点規則が適用される。
32,Train11,次駅への減速フェーズ（駅手前400m以内）,ブレーキ（減速）中,2.0,惰行,12.0,70.0,70.0,45.0,45.0,141.2,22.6,146.1538005548067,0.0,-20.0,この先制限速度なし,この先目立った勾配なし,先行列車なし,後続列車なし,0.9,ブレーキは適切に開始され、delta_stopが±5m以内で停止位置が確保されており、速度・信号遵守も問題なく評価が高い。
33,Train11,次駅への減速フェーズ（駅手前400m以内）,ブレーキ（減速）中,10.0,惰行,12.0,70.0,70.0,45.0,45.0,141.2,22.6,146.1538005548067,0.0,-20.0,この先制限速度なし,この先目立った勾配なし,先行列車なし,後続列車なし,0.9,ブレーキ中でdelta_stopが-4.95m（±5m以内）かつ速度は制限・信号を遵守、不要な加速がなく安全かつ定時性に問題なしと判断した。
34,Train11,次駅への減速フェーズ（駅手前400m以内）,惰行中,2.0,力行（加速）,12.0,70.0,70.0,45.0,45.0,141.2,22.6,146.1538005548067,0.0,-20.0,この先制限速度なし,この先目立った勾配なし,先行列車なし,後続列車なし,0.0,delta_stopが-4.95mでブレーキ未実施のため即時0点ルールに該当し、安全上重大なオーバーランリスクがある。
35,Train11,次駅への減速フェーズ（駅手前400m以内）,惰行中,10.0,力行（加速）,12.0,70.0,70.0,45.0,45.0,141.2,22.6,146.1538005548067,0.0,-20.0,この先制限速度なし,この先目立った勾配なし,先行列車なし,後続列車なし,0.0,delta_stopが-4.95mでブレーキ未実施のため停止位置が確保できず、次駅減速フェーズで不適切な惰行と判断し0.0とした。
36,Train11,次駅への減速フェーズ（駅手前400m以内）,ブレーキ（減速）中,2.0,惰行,12.0,70.0,70.0,45.0,45.0,146.2,23.4,146.1538005548067,0.0,-20.0,この先制限速度なし,この先目立った勾配なし,先行列車なし,後続列車なし,1.0,次駅減速フェーズでブレーキ中、delta_stopが0.05mで許容範囲内、速度制限・CBTC遵守、ノコギリ運転なし、全条件を満たすため最高評価とした。
37,Train11,次駅への減速フェーズ（駅手前400m以内）,ブレーキ（減速）中,10.0,惰行,12.0,70.0,70.0,45.0,45.0,146.2,23.4,146.1538005548067,0.0,-20.0,この先制限速度なし,この先目立った勾配なし,先行列車なし,後続列車なし,1.0,ブレーキが適切に掛かりdelta_stopが0.05mで停止位置が正確、速度制限・CBTCを遵守しているため最高評価。
38,Train11,次駅への減速フェーズ（駅手前400m以内）,惰行中,2.0,力行（加速）,12.0,70.0,70.0,45.0,45.0,146.2,23.4,146.1538005548067,0.0,-20.0,この先制限速度なし,この先目立った勾配なし,先行列車なし,後続列車なし,1.0,減速フェーズでdelta_stopが0.05mと適切で、現在速度はrequired_speedと一致し、無駄な力行やノコギリ運転がなく安全かつ省エネと判断した。
39,Train11,次駅への減速フェーズ（駅手前400m以内）,惰行中,10.0,力行（加速）,12.0,70.0,70.0,45.0,45.0,146.2,23.4,146.1538005548067,0.0,-20.0,この先制限速度なし,この先目立った勾配なし,先行列車なし,後続列車なし,1.0,制限速度・CBTC遵守、停止位置誤差0.05mで減速待ちが適切、ノコギリ運転なし、遅延0秒のため最高評価とした。
40,Train11,次駅への減速フェーズ（駅手前400m以内）,ブレーキ（減速）中,2.0,惰行,12.0,70.0,70.0,45.0,45.0,151.2,24.2,146.1538005548067,0.0,-20.0,この先制限速度なし,この先目立った勾配なし,先行列車なし,後続列車なし,0.6,ブレーキ中でdelta_stopが5.05mと許容範囲内だが5mを超えているためやや減点し、rewardを0.6とした。
41,Train11,次駅への減速フェーズ（駅手前400m以内）,ブレーキ（減速）中,10.0,惰行,12.0,70.0,70.0,45.0,45.0,151.2,24.2,146.1538005548067,0.0,-20.0,この先制限速度なし,この先目立った勾配なし,先行列車なし,後続列車なし,0.6,ブレーキが適切に掛かっておりdelta_stopが5.05mで許容範囲内、速度超過等の安全違反がなく、やや減点とした。
42,Train11,次駅への減速フェーズ（駅手前400m以内）,惰行中,2.0,力行（加速）,12.0,70.0,70.0,45.0,45.0,151.2,24.2,146.1538005548067,0.0,-20.0,この先制限速度なし,この先目立った勾配なし,先行列車なし,後続列車なし,1.0,次駅減速フェーズでdelta_stopが正でブレーキ未実施は適切、速度は制限・CBTC内で必要速度を満たし、ノコギリ運転なしでエネルギー効率も良好と判断したため高評価。
43,Train11,次駅への減速フェーズ（駅手前400m以内）,惰行中,10.0,力行（加速）,12.0,70.0,70.0,45.0,45.0,151.2,24.2,146.1538005548067,0.0,-20.0,この先制限速度なし,この先目立った勾配なし,先行列車なし,後続列車なし,1.0,制限速度・CBTCを遵守し、減速開始タイミングが適切でノコギリ運転や不要な加速がなく、全体的に安全かつ効率的な操作と判断した。
44,Train11,次駅への減速フェーズ（駅手前400m以内）,ブレーキ（減速）中,2.0,惰行,12.0,70.0,70.0,45.0,45.0,161.2,25.8,146.1538005548067,0.0,-20.0,この先制限速度なし,この先目立った勾配なし,先行列車なし,後続列車なし,0.3,ブレーキ開始が必要停止距離より約15 m早く、不要な減速となりエネルギー無駄と遅延リスクがあるため評価を低くした。
45,Train11,次駅への減速フェーズ（駅手前400m以内）,ブレーキ（減速）中,10.0,惰行,12.0,70.0,70.0,45.0,45.0,161.2,25.8,146.1538005548067,0.0,-20.0,この先制限速度なし,この先目立った勾配なし,先行列車なし,後続列車なし,0.4,停止位置が15m早くブレーキ開始し、早すぎる減速で定時性と省エネ性が低下したため評価は0.4とした。
46,Train11,次駅への減速フェーズ（駅手前400m以内）,惰行中,2.0,力行（加速）,12.0,70.0,70.0,45.0,45.0,161.2,25.8,146.1538005548067,0.0,-20.0,この先制限速度なし,この先目立った勾配なし,先行列車なし,後続列車なし,1.0,次駅減速フェーズで現在速度がrequired_speedと一致し、delta_stopが正でブレーキ開始が適切なため、全項目で問題なく評価した。
47,Train11,次駅への減速フェーズ（駅手前400m以内）,惰行中,10.0,力行（加速）,12.0,70.0,70.0,45.0,45.0,161.2,25.8,146.1538005548067,0.0,-20.0,この先制限速度なし,この先目立った勾配なし,先行列車なし,後続列車なし,1.0,減速フェーズでdelta_stopが+15mあり速度45km/hは制限・CBTC内、ブレーキ未実施でも許容範囲で、ノコギリ運転もなくエネルギー・定時性に問題なし。
48,Train11,次駅への減速フェーズ（駅手前400m以内）,ブレーキ（減速）中,2.0,惰行,12.0,70.0,70.0,45.0,45.0,176.2,28.2,146.1538005548067,0.0,-20.0,この先制限速度なし,この先目立った勾配なし,先行列車なし,後続列車なし,0.2,ブレーキ開始が必要距離より約30m早く、停止位置が大きくずれ遅延とエネルギー無駄になるため0.2とした。
49,Train11,次駅への減速フェーズ（駅手前400m以内）,ブレーキ（減速）中,10.0,惰行,12.0,70.0,70.0,45.0,45.0,176.2,28.2,146.1538005548067,0.0,-20.0,この先制限速度なし,この先目立った勾配なし,先行列車なし,後続列車なし,0.1,ブレーキ開始が理想位置より30m早く、delta_stopが30.05mで早すぎる減速と判定され、定時性とエネルギー効率が低下するためrewardを0.1とする。
50,Train11,次駅への減速フェーズ（駅手前400m以内）,惰行中,2.0,力行（加速）,12.0,70.0,70.0,45.0,45.0,176.2,28.2,146.1538005548067,0.0,-20.0,この先制限速度なし,この先目立った勾配なし,先行列車なし,後続列車なし,1.0,次駅減速フェーズでdelta_stopが正、速度は制限・信号内で惰行は適切、ノコギリ運転なしと判断し最高評価とした。
51,Train11,次駅への減速フェーズ（駅手前400m以内）,惰行中,10.0,力行（加速）,12.0,70.0,70.0,45.0,45.0,176.2,28.2,146.1538005548067,0.0,-20.0,この先制限速度なし,この先目立った勾配なし,先行列車なし,後続列車なし,1.0,減速フェーズでdelta_stopが正で現在速度がrequired_speedと一致し、惰行は適切。速度超過やノコギリ運転なしで安全かつ省エネと判断した。
52,Train11,次駅への減速フェーズ（駅手前400m以内）,ブレーキ（減速）中,2.0,惰行,12.0,70.0,70.0,45.0,45.0,196.2,31.4,146.1538005548067,0.0,-20.0,この先制限速度なし,この先目立った勾配なし,先行列車なし,後続列車なし,0.1,ブレーキ開始が必要距離より30m以上早く、停止位置が手前になるため大幅減点し、reward 0.1とした。
53,Train11,次駅への減速フェーズ（駅手前400m以内）,ブレーキ（減速）中,10.0,惰行,12.0,70.0,70.0,45.0,45.0,196.2,31.4,146.1538005548067,0.0,-20.0,この先制限速度なし,この先目立った勾配なし,先行列車なし,後続列車なし,0.1,ブレーキが必要停止距離より約50m前に開始され、停止位置が大幅に早くなるため評価を低くした。
54,Train11,次駅への減速フェーズ（駅手前400m以内）,惰行中,2.0,力行（加速）,12.0,70.0,70.0,45.0,45.0,196.2,31.4,146.1538005548067,0.0,-20.0,この先制限速度なし,この先目立った勾配なし,先行列車なし,後続列車なし,1.0,減速フェーズでブレーキ開始前の適切な惰行を維持し、速度・信号・停止位置すべて安全基準を満たすため最高評価とした。
55,Train11,次駅への減速フェーズ（駅手前400m以内）,惰行中,10.0,力行（加速）,12.0,70.0,70.0,45.0,45.0,196.2,31.4,146.1538005548067,0.0,-20.0,この先制限速度なし,この先目立った勾配なし,先行列車なし,後続列車なし,1.0,減速フェーズで必要速度と一致する惰行を維持し、速度・信号・停止位置すべて安全基準を満たすため高評価とした。
56,Train11,次駅への減速フェーズ（駅手前400m以内）,ブレーキ（減速）中,2.0,惰行,12.0,70.0,70.0,60.0,60.0,236.5,28.4,256.526580736077,0.0,-20.0,この先制限速度なし,この先目立った勾配なし,先行列車なし,後続列車なし,0.0,ブレーキ中にdelta_stopが-20.03mと負で、即時オーバーランリスクがあるため即reward0.0ルールが適用される。
57,Train11,次駅への減速フェーズ（駅手前400m以内）,ブレーキ（減速）中,10.0,惰行,12.0,70.0,70.0,60.0,60.0,236.5,28.4,256.526580736077,0.0,-20.0,この先制限速度なし,この先目立った勾配なし,先行列車なし,後続列車なし,0.0,delta_stopが-20.03mでブレーキ中にも関わらず停止位置が不足し、オーバーランがほぼ確実なため即時0点とした。
58,Train11,次駅への減速フェーズ（駅手前400m以内）,惰行中,2.0,力行（加速）,12.0,70.0,70.0,60.0,60.0,236.5,28.4,256.526580736077,0.0,-20.0,この先制限速度なし,この先目立った勾配なし,先行列車なし,後続列車なし,0.0,delta_stopが-20.03mでブレーキ未実施のためオーバーランが確実で、即時0点ルールに該当。
59,Train11,次駅への減速フェーズ（駅手前400m以内）,惰行中,10.0,力行（加速）,12.0,70.0,70.0,60.0,60.0,236.5,28.4,256.526580736077,0.0,-20.0,この先制限速度なし,この先目立った勾配なし,先行列車なし,後続列車なし,0.0,delta_stopが-20.03mでブレーキ未実施、即時オーバーランリスクに該当するためrewardは0.0とした。
60,Train11,次駅への減速フェーズ（駅手前400m以内）,ブレーキ（減速）中,2.0,惰行,12.0,70.0,70.0,60.0,60.0,251.5,30.2,256.526580736077,0.0,-20.0,この先制限速度なし,この先目立った勾配なし,先行列車なし,後続列車なし,0.0,δ_stopが-5.03mでオーバーランがほぼ確実と判定され、即reward0.0ルールが適用されたためrewardは0.0とした。
61,Train11,次駅への減速フェーズ（駅手前400m以内）,ブレーキ（減速）中,10.0,惰行,12.0,70.0,70.0,60.0,60.0,251.5,30.2,256.526580736077,0.0,-20.0,この先制限速度なし,この先目立った勾配なし,先行列車なし,後続列車なし,0.0,現在ブレーキ中だが停止位置が要求距離を5m以上過ぎており、安全上のオーバーランリスクが高いため即0.0ルールが適用され、rewardは0.0とした。
62,Train11,次駅への減速フェーズ（駅手前400m以内）,惰行中,2.0,力行（加速）,12.0,70.0,70.0,60.0,60.0,251.5,30.2,256.526580736077,0.0,-20.0,この先制限速度なし,この先目立った勾配なし,先行列車なし,後続列車なし,0.0,delta_stopが-5.03mでブレーキをかけておらず、オーバーランがほぼ確実と判断したため、即reward0.0ルールが適用され0点とした。
63,Train11,次駅への減速フェーズ（駅手前400m以内）,惰行中,10.0,力行（加速）,12.0,70.0,70.0,60.0,60.0,251.5,30.2,256.526580736077,0.0,-20.0,この先制限速度なし,この先目立った勾配なし,先行列車なし,後続列車なし,0.0,delta_stopが-5.03mでブレーキをかけておらず、オーバーランがほぼ確実と判断したため即座にrewardを0.0とした。
64,Train11,次駅への減速フェーズ（駅手前400m以内）,ブレーキ（減速）中,2.0,惰行,12.0,70.0,70.0,60.0,70.0,256.5,30.8,256.526580736077,0.0,-20.0,この先制限速度なし,この先目立った勾配なし,先行列車なし,後続列車なし,1.0,ブレーキが適切に掛かりdelta_stopが-0.03mで停止位置が正確、速度制限・CBTC遵守、ノコギリ運転なしのため最高評価とした。
65,Train11,次駅への減速フェーズ（駅手前400m以内）,ブレーキ（減速）中,10.0,惰行,12.0,70.0,70.0,60.0,70.0,256.5,30.8,256.526580736077,0.0,-20.0,この先制限速度なし,この先目立った勾配なし,先行列車なし,後続列車なし,1.0,制限速度・CBTC遵守、ブレーキで停止位置がほぼ正確に合致し、ノコギリ運転もなく余分な力行が無いため最高評価とした。
66,Train11,次駅への減速フェーズ（駅手前400m以内）,惰行中,2.0,力行（加速）,12.0,70.0,70.0,60.0,70.0,256.5,30.8,256.526580736077,0.0,-20.0,この先制限速度なし,この先目立った勾配なし,先行列車なし,後続列車なし,0.5,次駅減速フェーズでブレーキをかけず惰行を続け、delta_stopが-0.03mとやや遅れがあるため評価を減点し、0.5とした。
67,Train11,次駅への減速フェーズ（駅手前400m以内）,惰行中,10.0,力行（加速）,12.0,70.0,70.0,60.0,70.0,256.5,30.8,256.526580736077,0.0,-20.0,この先制限速度なし,この先目立った勾配なし,先行列車なし,後続列車なし,0.5,減速フェーズでブレーキせず惰行を続け、δ_stopが負であるため停止位置達成が危うく、適切な減速操作が欠如している。
68,Train11,次駅への減速フェーズ（駅手前400m以内）,ブレーキ（減速）中,2.0,惰行,12.0,70.0,70.0,60.0,70.0,261.5,31.4,256.526580736077,0.0,-20.0,この先制限速度なし,この先目立った勾配なし,先行列車なし,後続列車なし,1.0,ブレーキが適切に作動し、delta_stopが5m以内で停止位置が正確、速度は制限・信号内、ノコギリ運転なしで安全かつ定時性が保たれるため高評価。
69,Train11,次駅への減速フェーズ（駅手前400m以内）,ブレーキ（減速）中,10.0,惰行,12.0,70.0,70.0,60.0,70.0,261.5,31.4,256.526580736077,0.0,-20.0,この先制限速度なし,この先目立った勾配なし,先行列車なし,後続列車なし,1.0,ブレーキが適切なタイミングで開始され、delta_stopが5m以内であるため停止位置達成が確実で評価が高い。
70,Train11,次駅への減速フェーズ（駅手前400m以内）,惰行中,2.0,力行（加速）,12.0,70.0,70.0,60.0,70.0,261.5,31.4,256.526580736077,0.0,-20.0,この先制限速度なし,この先目立った勾配なし,先行列車なし,後続列車なし,1.0,制限速度・CBTC速度遵守、delta_stopが正で停止位置は確保でき、ノコギリ運転でもなくエネルギー無駄もないため高評価。
71,Train11,次駅への減速フェーズ（駅手前400m以内）,惰行中,10.0,力行（加速）,12.0,70.0,70.0,60.0,70.0,261.5,31.4,256.526580736077,0.0,-20.0,この先制限速度なし,この先目立った勾配なし,先行列車なし,後続列車なし,1.0,全ての安全・信号条件を遵守し、減速フェーズでの惰行は適切であり、ノコギリ運転もなく最高評価とした。
72,Train11,次駅への減速フェーズ（駅手前400m以内）,ブレーキ（減速）中,2.0,惰行,12.0,70.0,70.0,60.0,60.0,271.5,32.6,256.526580736077,0.0,-20.0,この先制限速度なし,この先目立った勾配なし,先行列車なし,後続列車なし,0.3,早期ブレーキにより停止位置が約15m手前となり、定時到着が遅れエネルギー無駄が生じたため、rewardを0.3とした。
73,Train11,次駅への減速フェーズ（駅手前400m以内）,ブレーキ（減速）中,10.0,惰行,12.0,70.0,70.0,60.0,60.0,271.5,32.6,256.526580736077,0.0,-20.0,この先制限速度なし,この先目立った勾配なし,先行列車なし,後続列車なし,0.5,ブレーキ開始が必要停止距離より約15m早く、停車位置がずれた上、不要な減速で定時性と省エネが損なわれたため。
74,Train11,次駅への減速フェーズ（駅手前400m以内）,惰行中,2.0,力行（加速）,12.0,70.0,70.0,60.0,60.0,271.5,32.6,256.526580736077,0.0,-20.0,この先制限速度なし,この先目立った勾配なし,先行列車なし,後続列車なし,0.9,次駅減速フェーズでdelta_stopが正、速度はrequired_speedと一致し、信号・制限速度を遵守した惰行は適切であるため高評価とした。
75,Train11,次駅への減速フェーズ（駅手前400m以内）,惰行中,10.0,力行（加速）,12.0,70.0,70.0,60.0,60.0,271.5,32.6,256.526580736077,0.0,-20.0,この先制限速度なし,この先目立った勾配なし,先行列車なし,後続列車なし,1.0,全ての上位項目で安全・速度・停止位置が適切で、不要な加速もなく、ノコギリ運転もなしと判断し最高評価とした。
76,Train11,次駅への減速フェーズ（駅手前400m以内）,ブレーキ（減速）中,2.0,惰行,12.0,70.0,70.0,60.0,60.0,286.5,34.4,256.526580736077,0.0,-20.0,この先制限速度なし,この先目立った勾配なし,先行列車なし,後続列車なし,0.3,ブレーキ開始が理想位置より約30m早く、早すぎる減速で停止位置と定時性が損なわれたため。
77,Train11,次駅への減速フェーズ（駅手前400m以内）,ブレーキ（減速）中,10.0,惰行,12.0,70.0,70.0,60.0,60.0,286.5,34.4,256.526580736077,0.0,-20.0,この先制限速度なし,この先目立った勾配なし,先行列車なし,後続列車なし,0.3,早すぎるブレーキにより停止位置が約30m手前となり、エネルギー無駄が大きいため評価を低くした。
78,Train11,次駅への減速フェーズ（駅手前400m以内）,惰行中,2.0,力行（加速）,12.0,70.0,70.0,60.0,60.0,286.5,34.4,256.526580736077,0.0,-20.0,この先制限速度なし,この先目立った勾配なし,先行列車なし,後続列車なし,1.0,次駅減速フェーズでdelta_stopが正、速度はrequired_speedと一致し、制限・CBTC遵守、不要な加速なしと判断し高評価とした。
79,Train11,次駅への減速フェーズ（駅手前400m以内）,惰行中,10.0,力行（加速）,12.0,70.0,70.0,60.0,60.0,286.5,34.4,256.526580736077,0.0,-20.0,この先制限速度なし,この先目立った勾配なし,先行列車なし,後続列車なし,1.0,次駅減速フェーズでdelta_stopが正であり、惰行は制限速度・CBTCを遵守しエネルギー効率的に適切と判断した。
80,Train11,次駅への減速フェーズ（駅手前400m以内）,ブレーキ（減速）中,2.0,惰行,12.0,70.0,70.0,60.0,60.0,306.5,36.8,256.526580736077,0.0,-20.0,この先制限速度なし,この先目立った勾配なし,先行列車なし,後続列車なし,0.1,ブレーキ開始が停止位置より30m以上早く、停車位置が大幅にずれエネルギー無駄となるため0.1とした。
81,Train11,次駅への減速フェーズ（駅手前400m以内）,ブレーキ（減速）中,10.0,惰行,12.0,70.0,70.0,60.0,60.0,306.5,36.8,256.526580736077,0.0,-20.0,この先制限速度なし,この先目立った勾配なし,先行列車なし,後続列車なし,0.1,delta_stopが30m超で早期ブレーキとなり、停止位置誤差が大きく省エネ性も低下するため低評価とした。
82,Train11,次駅への減速フェーズ（駅手前400m以内）,惰行中,2.0,力行（加速）,12.0,70.0,70.0,60.0,60.0,306.5,36.8,256.526580736077,0.0,-20.0,この先制限速度なし,この先目立った勾配なし,先行列車なし,後続列車なし,1.0,制限速度・CBTC遵守、停止位置余裕あり、減速フェーズで惰行は適切であり、ノコギリ運転なしのため最高評価。
83,Train11,次駅への減速フェーズ（駅手前400m以内）,惰行中,10.0,力行（加速）,12.0,70.0,70.0,60.0,60.0,306.5,36.8,256.526580736077,0.0,-20.0,この先制限速度なし,この先目立った勾配なし,先行列車なし,後続列車なし,1.0,次駅減速フェーズでrequired_speedと一致する60km/hで惰行し、delta_stopが正でブレーキ開始前であり、速度・信号超過なし、無駄な加速もなく安全かつ省エネと判断した。
84,Train11,次駅への減速フェーズ（駅手前400m以内）,ブレーキ（減速）中,2.0,惰行,12.0,70.0,70.0,30.0,30.0,32.7,7.8,52.66399565700395,0.0,-6.7,この先制限速度なし,この先目立った勾配なし,先行列車なし,後続列車なし,0.0,delta_stop が -5m 未満でオーバーランがほぼ確実なため即時0点ルールが適用され、reward は 0.0 とする。
85,Train11,次駅への減速フェーズ（駅手前400m以内）,ブレーキ（減速）中,10.0,惰行,12.0,70.0,70.0,30.0,30.0,32.7,7.8,52.66399565700395,0.0,-6.7,この先制限速度なし,この先目立った勾配なし,先行列車なし,後続列車なし,0.0,δ_stop が -19.96 m と大きく負で、ブレーキ中でも停止位置に間に合わないため即時0点ルールが適用される。
86,Train11,次駅への減速フェーズ（駅手前400m以内）,惰行中,2.0,力行（加速）,12.0,70.0,70.0,30.0,30.0,32.7,7.8,52.66399565700395,0.0,-6.7,この先制限速度なし,この先目立った勾配なし,先行列車なし,後続列車なし,0.0,delta_stopが-19.96mでブレーキ未実施のためオーバーランが確実と判断し、安全違反として即時0点とした。現在速度30km/hでCBTC信号70km/hを下回っているが、停止距離不足が顕著である。
87,Train11,次駅への減速フェーズ（駅手前400m以内）,惰行中,10.0,力行（加速）,12.0,70.0,70.0,30.0,30.0,32.7,7.8,52.66399565700395,0.0,-6.7,この先制限速度なし,この先目立った勾配なし,先行列車なし,後続列車なし,0.0,delta_stopが-19.96mでブレーキ未実施のためオーバーランが確実と判断し、即時0点とした。
88,Train11,次駅への減速フェーズ（駅手前400m以内）,ブレーキ（減速）中,2.0,惰行,12.0,70.0,70.0,30.0,30.0,47.7,11.4,52.66399565700395,0.0,-6.7,この先制限速度なし,この先目立った勾配なし,先行列車なし,後続列車なし,1.0,ブレーキ中でdelta_stopが-4.96m（|Δ|≤5m）となり、停止位置が許容範囲内であり、速度・信号制限も遵守しているため高評価とした。
89,Train11,次駅への減速フェーズ（駅手前400m以内）,ブレーキ（減速）中,10.0,惰行,12.0,70.0,70.0,30.0,30.0,47.7,11.4,52.66399565700395,0.0,-6.7,この先制限速度なし,この先目立った勾配なし,先行列車なし,後続列車なし,0.9,ブレーキが適切にかかりΔstopが-4.96mで許容範囲内、速度も制限内でノコギリ運転なしと判断し高評価とした。
90,Train11,次駅への減速フェーズ（駅手前400m以内）,惰行中,2.0,力行（加速）,12.0,70.0,70.0,30.0,30.0,47.7,11.4,52.66399565700395,0.0,-6.7,この先制限速度なし,この先目立った勾配なし,先行列車なし,後続列車なし,0.0,delta_stopが-4.96mでブレーキ未実施、減速フェーズで停止位置が確保できずオーバーランリスクが高いためreward=0.0
91,Train11,次駅への減速フェーズ（駅手前400m以内）,惰行中,10.0,力行（加速）,12.0,70.0,70.0,30.0,30.0,47.7,11.4,52.66399565700395,0.0,-6.7,この先制限速度なし,この先目立った勾配なし,先行列車なし,後続列車なし,0.0,次駅減速フェーズでブレーキ未実施かつdelta_stopが-4.96mでオーバーランリスクが高く、停止位置が不適切なためreward=0.0とした。
92,Train11,次駅への減速フェーズ（駅手前400m以内）,ブレーキ（減速）中,2.0,惰行,12.0,70.0,70.0,30.0,30.0,52.7,12.6,52.66399565700395,0.0,-6.7,この先制限速度なし,この先目立った勾配なし,先行列車なし,後続列車なし,1.0,ブレーキが適切に作動しdelta_stopが0.04mで停止位置が正確、速度制限・CBTC遵守、ノコギリ運転なしのため最高評価とした。
93,Train11,次駅への減速フェーズ（駅手前400m以内）,ブレーキ（減速）中,10.0,惰行,12.0,70.0,70.0,30.0,30.0,52.7,12.6,52.66399565700395,0.0,-6.7,この先制限速度なし,この先目立った勾配なし,先行列車なし,後続列車なし,1.0,ブレーキが適切にかかりdelta_stopが0.04mで停止位置が正確に確保され、速度制限・CBTCも遵守しているため高評価。
94,Train11,次駅への減速フェーズ（駅手前400m以内）,惰行中,2.0,力行（加速）,12.0,70.0,70.0,30.0,30.0,52.7,12.6,52.66399565700395,0.0,-6.7,この先制限速度なし,この先目立った勾配なし,先行列車なし,後続列車なし,1.0,減速フェーズでdelta_stopが0.04 mと許容範囲内、速度は制限・CBTC内、不要な加速なし、ノコギリ運転もなく安全かつ省エネと判断した。
95,Train11,次駅への減速フェーズ（駅手前400m以内）,惰行中,10.0,力行（加速）,12.0,70.0,70.0,30.0,30.0,52.7,12.6,52.66399565700395,0.0,-6.7,この先制限速度なし,この先目立った勾配なし,先行列車なし,後続列車なし,1.0,次駅減速フェーズでrequired_speedと一致する惰行を維持し、delta_stopが0.04mと適切で、速度・信号超過なしの安全かつ省エネ運転と判断した。
96,Train11,次駅への減速フェーズ（駅手前400m以内）,ブレーキ（減速）中,2.0,惰行,12.0,70.0,70.0,30.0,30.0,57.7,13.8,52.66399565700395,0.0,-6.7,この先制限速度なし,この先目立った勾配なし,先行列車なし,後続列車なし,0.6,ブレーキ開始が5.04m余裕で行われ、required_speedと一致し安全かつエネルギー効率的だが、停止位置が5m超過したためやや減点し0.6とした。
97,Train11,次駅への減速フェーズ（駅手前400m以内）,ブレーキ（減速）中,10.0,惰行,12.0,70.0,70.0,30.0,30.0,57.7,13.8,52.66399565700395,0.0,-6.7,この先制限速度なし,この先目立った勾配なし,先行列車なし,後続列車なし,0.6,次駅減速フェーズでブレーキ開始が必要停止距離より約5m早く、Δstopが5.04mでやや早めの減速と判断し、評価を0.6とした。
98,Train11,次駅への減速フェーズ（駅手前400m以内）,惰行中,2.0,力行（加速）,12.0,70.0,70.0,30.0,30.0,57.7,13.8,52.66399565700395,0.0,-6.7,この先制限速度なし,この先目立った勾配なし,先行列車なし,後続列車なし,1.0,次駅減速フェーズでrequired_speedと現在速度が一致し惰行が適切、制限・信号遵守、停止位置も確保できるため高評価とした。
99,Train11,次駅への減速フェーズ（駅手前400m以内）,惰行中,10.0,力行（加速）,12.0,70.0,70.0,30.0,30.0,57.7,13.8,52.66399565700395,0.0,-6.7,この先制限速度なし,この先目立った勾配なし,先行列車なし,後続列車なし,1.0,制限速度・CBTC信号を遵守し、減速フェーズでの惰行は停止位置達成に支障なく、ノコギリ運転もなく安全・定時に適切な操作と判断した。
100,Train11,次駅への減速フェーズ（駅手前400m以内）,ブレーキ（減速）中,2.0,惰行,12.0,70.0,70.0,30.0,30.0,67.7,16.2,52.66399565700395,0.0,-6.7,この先制限速度なし,この先目立った勾配なし,先行列車なし,後続列車なし,0.3,delta_stopが+15.04mでブレーキ開始が早すぎ、停止位置がずれエネルギー無駄となるため評価を低くし、rewardは0.3とした。
101,Train11,次駅への減速フェーズ（駅手前400m以内）,ブレーキ（減速）中,10.0,惰行,12.0,70.0,70.0,30.0,30.0,67.7,16.2,52.66399565700395,0.0,-6.7,この先制限速度なし,この先目立った勾配なし,先行列車なし,後続列車なし,0.3,ブレーキ開始が必要ブレーキ点より15m早く、停止位置が過剰に前方となりエネルギー無駄となるため低評価とした。
102,Train11,次駅への減速フェーズ（駅手前400m以内）,惰行中,2.0,力行（加速）,12.0,70.0,70.0,30.0,30.0,67.7,16.2,52.66399565700395,0.0,-6.7,この先制限速度なし,この先目立った勾配なし,先行列車なし,後続列車なし,1.0,全ての安全基準を満たし、速度は制限内で必要速度と一致、停止位置も確保できるため最高評価とした。また、勾配が下りであるため余計な加速は不要で、エネルギー効率も最適です。
103,Train11,次駅への減速フェーズ（駅手前400m以内）,惰行中,10.0,力行（加速）,12.0,70.0,70.0,30.0,30.0,67.7,16.2,52.66399565700395,0.0,-6.7,この先制限速度なし,この先目立った勾配なし,先行列車なし,後続列車なし,1.0,現在速度30km/hはrequired_speedと一致し、制限・CBTCを遵守、delta_stopが正でブレーキ開始前の適切な惰行と判断したため最高評価とした。
104,Train11,次駅への減速フェーズ（駅手前400m以内）,ブレーキ（減速）中,2.0,惰行,12.0,70.0,70.0,30.0,30.0,82.7,19.8,52.66399565700395,0.0,-6.7,この先制限速度なし,この先目立った勾配なし,先行列車なし,後続列車なし,0.1,次駅減速フェーズでdelta_stopが30mと早くブレーキを開始し、停止位置が大幅に手前になるため大幅減点とした。
105,Train11,次駅への減速フェーズ（駅手前400m以内）,ブレーキ（減速）中,10.0,惰行,12.0,70.0,70.0,30.0,30.0,82.7,19.8,52.66399565700395,0.0,-6.7,この先制限速度なし,この先目立った勾配なし,先行列車なし,後続列車なし,0.1,ブレーキ開始が早すぎてdelta_stopが30m超え、停止位置が手前になるため大幅減点とした。
106,Train11,次駅への減速フェーズ（駅手前400m以内）,惰行中,2.0,力行（加速）,12.0,70.0,70.0,30.0,30.0,82.7,19.8,52.66399565700395,0.0,-6.7,この先制限速度なし,この先目立った勾配なし,先行列車なし,後続列車なし,1.0,全てのチェックがOKで、減速フェーズでrequired_speedと一致する惰行は適切かつエネルギー効率が高く、停車位置も確保できるためreward=1.0とした。
107,Train11,次駅への減速フェーズ（駅手前400m以内）,惰行中,10.0,力行（加速）,12.0,70.0,70.0,30.0,30.0,82.7,19.8,52.66399565700395,0.0,-6.7,この先制限速度なし,この先目立った勾配なし,先行列車なし,後続列車なし,1.0,次駅減速フェーズで現在速度がrequired_speedと一致し、CBTC・制限速度を守り、停止位置も確保できているため高評価とした。
108,Train11,次駅への減速フェーズ（駅手前400m以内）,ブレーキ（減速）中,2.0,惰行,12.0,70.0,70.0,30.0,30.0,102.7,24.6,52.66399565700395,0.0,-6.7,この先制限速度なし,この先目立った勾配なし,先行列車なし,後続列車なし,0.2,減速フェーズで必要距離前にブレーキをかけており、早すぎる減速によりエネルギー無駄と遅延が生じるため低評価とした。
109,Train11,次駅への減速フェーズ（駅手前400m以内）,ブレーキ（減速）中,10.0,惰行,12.0,70.0,70.0,30.0,30.0,102.7,24.6,52.66399565700395,0.0,-6.7,この先制限速度なし,この先目立った勾配なし,先行列車なし,後続列車なし,0.2,ブレーキ開始が必要停止距離より30m以上早く、早すぎる減速により定時性と省エネ性が大幅に低下したため0.2とした。
110,Train11,次駅への減速フェーズ（駅手前400m以内）,惰行中,2.0,力行（加速）,12.0,70.0,70.0,30.0,30.0,102.7,24.6,52.66399565700395,0.0,-6.7,この先制限速度なし,この先目立った勾配なし,先行列車なし,後続列車なし,1.0,制限速度・CBTC信号を遵守し、required_speedと一致する惰行で次駅減速フェーズを適切に進行、ノコギリ運転や不要な力行がなく停止位置も確保できるため最高評価とした。
111,Train11,次駅への減速フェーズ（駅手前400m以内）,惰行中,10.0,力行（加速）,12.0,70.0,70.0,30.0,30.0,102.7,24.6,52.66399565700395,0.0,-6.7,この先制限速度なし,この先目立った勾配なし,先行列車なし,後続列車なし,1.0,減速フェーズでrequired_speedと一致し、CBTC・制限速度を遵守、不要な加速がなく停止位置も確保できるため高評価。
112,Train11,次駅への減速フェーズ（駅手前400m以内）,ブレーキ（減速）中,2.0,惰行,12.0,70.0,70.0,45.0,45.0,97.5,15.6,117.5002406184349,0.0,-6.7,この先制限速度なし,この先目立った勾配なし,先行列車なし,後続列車なし,0.0,delta_stopが-20mでブレーキ中でも停止位置に間に合わず、オーバーランが確実なため即時0点とした。
113,Train11,次駅への減速フェーズ（駅手前400m以内）,ブレーキ（減速）中,10.0,惰行,12.0,70.0,70.0,45.0,45.0,97.5,15.6,117.5002406184349,0.0,-6.7,この先制限速度なし,この先目立った勾配なし,先行列車なし,後続列車なし,0.0,delta_stopが-20mでオーバーランが確実と判定され、即時0点ルールが適用されたためrewardは0.0とした。
114,Train11,次駅への減速フェーズ（駅手前400m以内）,惰行中,2.0,力行（加速）,12.0,70.0,70.0,45.0,45.0,97.5,15.6,117.5002406184349,0.0,-6.7,この先制限速度なし,この先目立った勾配なし,先行列車なし,後続列車なし,0.0,delta_stopが-20mでブレーキ未実施、オーバーランが確実で安全違反となるため即時0点とした。
115,Train11,次駅への減速フェーズ（駅手前400m以内）,惰行中,10.0,力行（加速）,12.0,70.0,70.0,45.0,45.0,97.5,15.6,117.5002406184349,0.0,-6.7,この先制限速度なし,この先目立った勾配なし,先行列車なし,後続列車なし,0.0,delta_stopが-20mでブレーキ未実施のためオーバーランが確実で、即時0点ルールが適用される。
116,Train11,次駅への減速フェーズ（駅手前400m以内）,ブレーキ（減速）中,2.0,惰行,12.0,70.0,70.0,45.0,45.0,112.5,18.0,117.5002406184349,0.0,-6.7,この先制限速度なし,この先目立った勾配なし,先行列車なし,後続列車なし,1.0,ブレーキが適切にかかりdelta_stopが±5m以内で停止位置が確保でき、速度・信号遵守・ノコギリ運転なしで安全に減速しているため高評価。
117,Train11,次駅への減速フェーズ（駅手前400m以内）,ブレーキ（減速）中,10.0,惰行,12.0,70.0,70.0,45.0,45.0,112.5,18.0,117.5002406184349,0.0,-6.7,この先制限速度なし,この先目立った勾配なし,先行列車なし,後続列車なし,0.9,ブレーキ中でdelta_stopが-5mと許容範囲内、速度は制限・信号内、ノコギリ運転や余分な力行なし、停止位置達成が適切と判断したため高評価。
118,Train11,次駅への減速フェーズ（駅手前400m以内）,惰行中,2.0,力行（加速）,12.0,70.0,70.0,45.0,45.0,112.5,18.0,117.5002406184349,0.0,-6.7,この先制限速度なし,この先目立った勾配なし,先行列車なし,後続列車なし,0.0,delta_stopが-5mでブレーキ未実施のためオーバーランリスクが高く、即時0点ルールが適用され安全違反と判断した。
119,Train11,次駅への減速フェーズ（駅手前400m以内）,惰行中,10.0,力行（加速）,12.0,70.0,70.0,45.0,45.0,112.5,18.0,117.5002406184349,0.0,-6.7,この先制限速度なし,この先目立った勾配なし,先行列車なし,後続列車なし,0.0,delta_stopが-5mでブレーキ未実施のため即時0点ルールに該当し、安全上重大なオーバーランリスクがある。
120,Train11,次駅への減速フェーズ（駅手前400m以内）,ブレーキ（減速）中,2.0,惰行,12.0,70.0,70.0,45.0,70.0,117.5,18.8,117.5002406184349,0.0,-6.7,この先制限速度なし,この先目立った勾配なし,先行列車なし,後続列車なし,1.0,ブレーキが適切に掛かりdelta_stop≈0で停止位置が正確、速度・信号遵守、ノコギリ運転なしで評価が高く1.0とした。
121,Train11,次駅への減速フェーズ（駅手前400m以内）,ブレーキ（減速）中,10.0,惰行,12.0,70.0,70.0,45.0,70.0,117.5,18.8,117.5002406184349,0.0,-6.7,この先制限速度なし,この先目立った勾配なし,先行列車なし,後続列車なし,1.0,ブレーキが適切に掛かりdelta_stopが0m以内で停止位置が確保され、速度・CBTC制限を遵守しているため高評価とした。
122,Train11,次駅への減速フェーズ（駅手前400m以内）,惰行中,2.0,力行（加速）,12.0,70.0,70.0,45.0,70.0,117.5,18.8,117.5002406184349,0.0,-6.7,この先制限速度なし,この先目立った勾配なし,先行列車なし,後続列車なし,1.0,次駅減速フェーズでdelta_stopが0、速度は制限・信号内、ノコギリ運転なし、間隔問題も無く適切な減速準備と判断し高評価。
123,Train11,次駅への減速フェーズ（駅手前400m以内）,惰行中,10.0,力行（加速）,12.0,70.0,70.0,45.0,70.0,117.5,18.8,117.5002406184349,0.0,-6.7,この先制限速度なし,この先目立った勾配なし,先行列車なし,後続列車なし,1.0,全ての安全・信号・停止条件を満たし、減速フェーズで適切に惰行し、速度は制限内で遅延もなく、ノコギリ運転もなし。
124,Train11,次駅への減速フェーズ（駅手前400m以内）,ブレーキ（減速）中,2.0,惰行,12.0,70.0,70.0,45.0,45.0,122.5,19.6,117.5002406184349,0.0,-6.7,この先制限速度なし,この先目立った勾配なし,先行列車なし,後続列車なし,0.9,ブレーキ開始が適切な位置（delta_stop=5m）で行われ、速度・信号・制限を遵守し、ノコギリ運転や無駄な加速はなくエネルギー効率も良好と判断した。
125,Train11,次駅への減速フェーズ（駅手前400m以内）,ブレーキ（減速）中,10.0,惰行,12.0,70.0,70.0,45.0,45.0,122.5,19.6,117.5002406184349,0.0,-6.7,この先制限速度なし,この先目立った勾配なし,先行列車なし,後続列車なし,1.0,ブレーキが適切に掛かりdelta_stopが5m以内で停止位置が確保され、速度・信号・制限を遵守し、ノコギリ運転や余分な力行はなく高評価とした。
126,Train11,次駅への減速フェーズ（駅手前400m以内）,惰行中,2.0,力行（加速）,12.0,70.0,70.0,45.0,45.0,122.5,19.6,117.5002406184349,0.0,-6.7,この先制限速度なし,この先目立った勾配なし,先行列車なし,後続列車なし,1.0,減速フェーズでdelta_stopが5mと余裕があり、現在速度はrequired_speedと一致し惰行は適切で安全基準をすべて満たすため最高評価とした。
127,Train11,次駅への減速フェーズ（駅手前400m以内）,惰行中,10.0,力行（加速）,12.0,70.0,70.0,45.0,45.0,122.5,19.6,117.5002406184349,0.0,-6.7,この先制限速度なし,この先目立った勾配なし,先行列車なし,後続列車なし,1.0,次駅減速フェーズでdelta_stopが正、速度がrequired_speedと一致しCBTC遵守、不要な力行なしと判断し最高評価とした。
128,Train11,次駅への減速フェーズ（駅手前400m以内）,ブレーキ（減速）中,2.0,惰行,12.0,70.0,70.0,45.0,45.0,132.5,21.2,117.5002406184349,0.0,-6.7,この先制限速度なし,この先目立った勾配なし,先行列車なし,後続列車なし,0.5,ブレーキ中でdelta_stopが15mと許容範囲内、速度・信号遵守、ノコギリ運転なし、不要な力行もなく次駅減速フェーズとして適切と判断した。
129,Train11,次駅への減速フェーズ（駅手前400m以内）,ブレーキ（減速）中,10.0,惰行,12.0,70.0,70.0,45.0,45.0,132.5,21.2,117.5002406184349,0.0,-6.7,この先制限速度なし,この先目立った勾配なし,先行列車なし,後続列車なし,0.5,ブレーキが早すぎて停止位置が駅手前約15mとなり、定時性とエネルギー効率が低下するため、評価は0.5とした。
130,Train11,次駅への減速フェーズ（駅手前400m以内）,惰行中,2.0,力行（加速）,12.0,70.0,70.0,45.0,45.0,132.5,21.2,117.5002406184349,0.0,-6.7,この先制限速度なし,この先目立った勾配なし,先行列車なし,後続列車なし,1.0,次駅減速フェーズでrequired_speedと一致する惰行を継続し、速度・CBTC制限を遵守、停止位置も適切でノコギリ運転なしのため最高評価とした。
131,Train11,次駅への減速フェーズ（駅手前400m以内）,惰行中,10.0,力行（加速）,12.0,70.0,70.0,45.0,45.0,132.5,21.2,117.5002406184349,0.0,-6.7,この先制限速度なし,この先目立った勾配なし,先行列車なし,後続列車なし,1.0,全ての安全・信号条件を遵守し、必要速度と一致した惰行で余裕を持って減速開始できるため最高評価とした。
132,Train11,次駅への減速フェーズ（駅手前400m以内）,ブレーキ（減速）中,2.0,惰行,12.0,70.0,70.0,45.0,45.0,147.5,23.6,117.5002406184349,0.0,-6.7,この先制限速度なし,この先目立った勾配なし,先行列車なし,後続列車なし,0.3,ブレーキ開始が停止位置より30m手前と早すぎ、駅到着が遅れエネルギー効率が低下するため低評価とした。
133,Train11,次駅への減速フェーズ（駅手前400m以内）,ブレーキ（減速）中,10.0,惰行,12.0,70.0,70.0,45.0,45.0,147.5,23.6,117.5002406184349,0.0,-6.7,この先制限速度なし,この先目立った勾配なし,先行列車なし,後続列車なし,0.4,ブレーキ開始が停止距離より30m余裕があり早すぎるため、停止位置誤差が15〜30mに相当し中程度の減点となる。
134,Train11,次駅への減速フェーズ（駅手前400m以内）,惰行中,2.0,力行（加速）,12.0,70.0,70.0,45.0,45.0,147.5,23.6,117.5002406184349,0.0,-6.7,この先制限速度なし,この先目立った勾配なし,先行列車なし,後続列車なし,1.0,減速フェーズでdelta_stopが正、required_speedと一致し惰行は安全・省エネで速度・信号超過なし。
135,Train11,次駅への減速フェーズ（駅手前400m以内）,惰行中,10.0,力行（加速）,12.0,70.0,70.0,45.0,45.0,147.5,23.6,117.5002406184349,0.0,-6.7,この先制限速度なし,この先目立った勾配なし,先行列車なし,後続列車なし,1.0,減速フェーズでdelta_stopが正で惰行を継続し、速度・信号・制限を遵守、不要な加速なしで停止位置も確保できるため高評価。
136,Train11,次駅への減速フェーズ（駅手前400m以内）,ブレーキ（減速）中,2.0,惰行,12.0,70.0,70.0,45.0,45.0,167.5,26.8,117.5002406184349,0.0,-6.7,この先制限速度なし,この先目立った勾配なし,先行列車なし,後続列車なし,0.1,delta_stopが+50mで早すぎるブレーキとなり停止位置誤差が30m超、エネルギー無駄と判断し0.1とした。
137,Train11,次駅への減速フェーズ（駅手前400m以内）,ブレーキ（減速）中,10.0,惰行,12.0,70.0,70.0,45.0,45.0,167.5,26.8,117.5002406184349,0.0,-6.7,この先制限速度なし,この先目立った勾配なし,先行列車なし,後続列車なし,0.1,ブレーキが必要停止距離より50m前に開始され、早すぎる減速でエネルギー無駄と停止位置誤差が大きくなるため低評価とした。
138,Train11,次駅への減速フェーズ（駅手前400m以内）,惰行中,2.0,力行（加速）,12.0,70.0,70.0,45.0,45.0,167.5,26.8,117.5002406184349,0.0,-6.7,この先制限速度なし,この先目立った勾配なし,先行列車なし,後続列車なし,1.0,次駅減速フェーズでdelta_stopが正、速度は制限・CBTC内かつrequired_speedと一致し惰行は適切なため高評価とした。
139,Train11,次駅への減速フェーズ（駅手前400m以内）,惰行中,10.0,力行（加速）,12.0,70.0,70.0,45.0,45.0,167.5,26.8,117.5002406184349,0.0,-6.7,この先制限速度なし,この先目立った勾配なし,先行列車なし,後続列車なし,1.0,全ての安全・信号・停止位置条件を満たし、減速フェーズで現在速度がrequired_speedと一致、余裕を持ってブレーキ開始点まで惰行している点が高評価の根拠です。
140,Train11,次駅への減速フェーズ（駅手前400m以内）,ブレーキ（減速）中,2.0,惰行,12.0,70.0,70.0,60.0,60.0,186.7,22.4,206.74366231442932,0.0,-6.7,この先制限速度なし,この先目立った勾配なし,先行列車なし,後続列車なし,0.0,delta_stopが-20.04mでオーバーランが確実となり即時0点ルールに該当するため、rewardは0.0とした。
141,Train11,次駅への減速フェーズ（駅手前400m以内）,ブレーキ（減速）中,10.0,惰行,12.0,70.0,70.0,60.0,60.0,186.7,22.4,206.74366231442932,0.0,-6.7,この先制限速度なし,この先目立った勾配なし,先行列車なし,後続列車なし,0.0,delta_stopが-20.04mでブレーキ中にも関わらず過走リスクが高く、即時0点ルールに該当するためreward=0.0。
142,Train11,次駅への減速フェーズ（駅手前400m以内）,惰行中,2.0,力行（加速）,12.0,70.0,70.0,60.0,60.0,186.7,22.4,206.74366231442932,0.0,-6.7,この先制限速度なし,この先目立った勾配なし,先行列車なし,後続列車なし,0.0,delta_stopが-20.04mでブレーキ未実施のためオーバーランが確実と判断し即0.0ルールが適用された。
143,Train11,次駅への減速フェーズ（駅手前400m以内）,惰行中,10.0,力行（加速）,12.0,70.0,70.0,60.0,60.0,186.7,22.4,206.74366231442932,0.0,-6.7,この先制限速度なし,この先目立った勾配なし,先行列車なし,後続列車なし,0.0,delta_stop が -20.04m でブレーキ未実施のためオーバーランが確実と判断し即時0点ルールが適用された。
144,Train11,次駅への減速フェーズ（駅手前400m以内）,ブレーキ（減速）中,2.0,惰行,12.0,70.0,70.0,60.0,60.0,201.7,24.2,206.74366231442932,0.0,-6.7,この先制限速度なし,この先目立った勾配なし,先行列車なし,後続列車なし,0.0,delta_stopが-5.04mでブレーキ中にも関わらず停止位置を大幅に過ぎる恐れがあり、即時0点ルールに該当するためrewardは0.0とした。
145,Train11,次駅への減速フェーズ（駅手前400m以内）,ブレーキ（減速）中,10.0,惰行,12.0,70.0,70.0,60.0,60.0,201.7,24.2,206.74366231442932,0.0,-6.7,この先制限速度なし,この先目立った勾配なし,先行列車なし,後続列車なし,0.0,delta_stopが-5.04mでブレーキ中にも関わらず停止位置が手前すぎ、オーバーラン確実と判断し即0.0とした。
146,Train11,次駅への減速フェーズ（駅手前400m以内）,惰行中,2.0,力行（加速）,12.0,70.0,70.0,60.0,60.0,201.7,24.2,206.74366231442932,0.0,-6.7,この先制限速度なし,この先目立った勾配なし,先行列車なし,後続列車なし,0.0,delta_stopが-5.04mでブレーキ未実施のためオーバーランリスクが高く、即時0点ルールに該当。
147,Train11,次駅への減速フェーズ（駅手前400m以内）,惰行中,10.0,力行（加速）,12.0,70.0,70.0,60.0,60.0,201.7,24.2,206.74366231442932,0.0,-6.7,この先制限速度なし,この先目立った勾配なし,先行列車なし,後続列車なし,0.0,delta_stopが-5.04mでブレーキをかけておらず、駅手前でのオーバーランがほぼ確実なため、即時0点ルールが適用され0.0とした。
148,Train11,次駅への減速フェーズ（駅手前400m以内）,ブレーキ（減速）中,2.0,惰行,12.0,70.0,70.0,60.0,70.0,206.7,24.8,206.74366231442932,0.0,-6.7,この先制限速度なし,この先目立った勾配なし,先行列車なし,後続列車なし,1.0,ブレーキが適切なタイミングで開始され、delta_stopが±5m以内で停止位置が確保でき、速度・信号も遵守しているため高評価。
149,Train11,次駅への減速フェーズ（駅手前400m以内）,ブレーキ（減速）中,10.0,惰行,12.0,70.0,70.0,60.0,70.0,206.7,24.8,206.74366231442932,0.0,-6.7,この先制限速度なし,この先目立った勾配なし,先行列車なし,後続列車なし,1.0,ブレーキが適切に作動し、delta_stopが-0.04mで停止位置誤差が極小、速度も制限・信号内で安全に減速しているため高評価。
150,Train11,次駅への減速フェーズ（駅手前400m以内）,惰行中,2.0,力行（加速）,12.0,70.0,70.0,60.0,70.0,206.7,24.8,206.74366231442932,0.0,-6.7,この先制限速度なし,この先目立った勾配なし,先行列車なし,後続列車なし,0.5,次駅減速フェーズでブレーキすべきタイミングで惰行を続けており、停止位置は近いものの適切な減速操作が取られていないため評価を低くし、rewardを0.5とした。
151,Train11,次駅への減速フェーズ（駅手前400m以内）,惰行中,10.0,力行（加速）,12.0,70.0,70.0,60.0,70.0,206.7,24.8,206.74366231442932,0.0,-6.7,この先制限速度なし,この先目立った勾配なし,先行列車なし,後続列車なし,0.4,減速フェーズでブレーキをかけず惰行を続け、delta_stopが-0.04mと停止位置が危うく、フェーズ適合性が欠如しているため評価を低減。
152,Train11,次駅への減速フェーズ（駅手前400m以内）,ブレーキ（減速）中,2.0,惰行,12.0,70.0,70.0,60.0,60.0,211.7,25.4,206.74366231442932,0.0,-6.7,この先制限速度なし,この先目立った勾配なし,先行列車なし,後続列車なし,0.9,ブレーキ開始が適切でdelta_stopが5m以内、速度は制限・信号内、ノコギリ運転なしで安全かつ省エネ的に良好と判断し高評価。
153,Train11,次駅への減速フェーズ（駅手前400m以内）,ブレーキ（減速）中,10.0,惰行,12.0,70.0,70.0,60.0,60.0,211.7,25.4,206.74366231442932,0.0,-6.7,この先制限速度なし,この先目立った勾配なし,先行列車なし,後続列車なし,1.0,ブレーキ開始位置が適切でdelta_stopが4.96mと許容範囲内のため高評価とし、reward=1.0とした。
154,Train11,次駅への減速フェーズ（駅手前400m以内）,惰行中,2.0,力行（加速）,12.0,70.0,70.0,60.0,60.0,211.7,25.4,206.74366231442932,0.0,-6.7,この先制限速度なし,この先目立った勾配なし,先行列車なし,後続列車なし,1.0,次駅減速フェーズでdelta_stopが正でブレーキ未開始、速度はrequired_speedと一致しCBTC・制限速度遵守、ノコギリ運転なし、エネルギー無駄なしと判断し最高評価。
155,Train11,次駅への減速フェーズ（駅手前400m以内）,惰行中,10.0,力行（加速）,12.0,70.0,70.0,60.0,60.0,211.7,25.4,206.74366231442932,0.0,-6.7,この先制限速度なし,この先目立った勾配なし,先行列車なし,後続列車なし,1.0,制限速度・CBTC遵守、停止位置も確保できており、不要な加速もなくエネルギー効率的に惰行しているため最高評価とした。
156,Train11,次駅への減速フェーズ（駅手前400m以内）,ブレーキ（減速）中,2.0,惰行,12.0,70.0,70.0,60.0,60.0,221.7,26.6,206.74366231442932,0.0,-6.7,この先制限速度なし,この先目立った勾配なし,先行列車なし,後続列車なし,0.5,ブレーキが必要停止点より約15m早く開始され、停止位置が過剰に前方となりエネルギー効率が低下したため評価は0.5とした。
157,Train11,次駅への減速フェーズ（駅手前400m以内）,ブレーキ（減速）中,10.0,惰行,12.0,70.0,70.0,60.0,60.0,221.7,26.6,206.74366231442932,0.0,-6.7,この先制限速度なし,この先目立った勾配なし,先行列車なし,後続列車なし,0.5,ブレーキ開始が停止点より14.9 m前に行われ、早すぎる減速でエネルギー無駄と停止位置誤差が生じたため評価は0.5とした。
158,Train11,次駅への減速フェーズ（駅手前400m以内）,惰行中,2.0,力行（加速）,12.0,70.0,70.0,60.0,60.0,221.7,26.6,206.74366231442932,0.0,-6.7,この先制限速度なし,この先目立った勾配なし,先行列車なし,後続列車なし,1.0,次駅減速フェーズでdelta_stopが正、速度はrequired_speedと一致しCBTC制限内、惰行は適切で即時違反なしと判断し最高点とした。
159,Train11,次駅への減速フェーズ（駅手前400m以内）,惰行中,10.0,力行（加速）,12.0,70.0,70.0,60.0,60.0,221.7,26.6,206.74366231442932,0.0,-6.7,この先制限速度なし,この先目立った勾配なし,先行列車なし,後続列車なし,1.0,制限速度・CBTCを遵守し、delta_stopが正で減速開始前の惰行は許容範囲、ノコギリ運転もなくエネルギー無駄もないため高評価とした。
160,Train11,次駅への減速フェーズ（駅手前400m以内）,ブレーキ（減速）中,2.0,惰行,12.0,70.0,70.0,60.0,60.0,236.7,28.4,206.74366231442932,0.0,-6.7,この先制限速度なし,この先目立った勾配なし,先行列車なし,後続列車なし,0.3,ブレーキが必要停止距離より約30m早く開始され、駅手前で早すぎる停止となりエネルギーと定時性が損なわれたため0.3とした。
161,Train11,次駅への減速フェーズ（駅手前400m以内）,ブレーキ（減速）中,10.0,惰行,12.0,70.0,70.0,60.0,60.0,236.7,28.4,206.74366231442932,0.0,-6.7,この先制限速度なし,この先目立った勾配なし,先行列車なし,後続列車なし,0.4,ブレーキ開始が停止位置より約30m早く、早すぎる減速でエネルギー損失と到着遅延が生じるため0.4とした。
162,Train11,次駅への減速フェーズ（駅手前400m以内）,惰行中,2.0,力行（加速）,12.0,70.0,70.0,60.0,60.0,236.7,28.4,206.74366231442932,0.0,-6.7,この先制限速度なし,この先目立った勾配なし,先行列車なし,後続列車なし,1.0,制限速度・CBTCを遵守し、停止位置に余裕がある中で減速フェーズの惰行は適切で、無駄な力行がなく評価を1.0とした。
163,Train11,次駅への減速フェーズ（駅手前400m以内）,惰行中,10.0,力行（加速）,12.0,70.0,70.0,60.0,60.0,236.7,28.4,206.74366231442932,0.0,-6.7,この先制限速度なし,この先目立った勾配なし,先行列車なし,後続列車なし,1.0,制限速度・CBTCを遵守し、停止位置も確保できているため次駅減速フェーズでの惰行は適切で、減点要因がない。
164,Train11,次駅への減速フェーズ（駅手前400m以内）,ブレーキ（減速）中,2.0,惰行,12.0,70.0,70.0,60.0,60.0,256.7,30.8,206.74366231442932,0.0,-6.7,この先制限速度なし,この先目立った勾配なし,先行列車なし,後続列車なし,0.2,delta_stopが49.96mと正の大きさで早期ブレーキを行っており、停止位置が過剰に前方になるため定時性と省エネ性が低下し、評価は0.2とした。
165,Train11,次駅への減速フェーズ（駅手前400m以内）,ブレーキ（減速）中,10.0,惰行,12.0,70.0,70.0,60.0,60.0,256.7,30.8,206.74366231442932,0.0,-6.7,この先制限速度なし,この先目立った勾配なし,先行列車なし,後続列車なし,0.1,ブレーキ開始が早すぎてdelta_stopが49.96mとなり、定時到着が遅れエネルギーも無駄になるため低評価とした。
166,Train11,次駅への減速フェーズ（駅手前400m以内）,惰行中,2.0,力行（加速）,12.0,70.0,70.0,60.0,60.0,256.7,30.8,206.74366231442932,0.0,-6.7,この先制限速度なし,この先目立った勾配なし,先行列車なし,後続列車なし,1.0,次駅減速フェーズでdelta_stopが正でブレーキ未実施、速度がrequired_speedと一致し惰行は適切。制限速度・CBTC超過なし、ノコギリ運転でもなくエネルギー効率も良好なため高評価。
167,Train11,次駅への減速フェーズ（駅手前400m以内）,惰行中,10.0,力行（加速）,12.0,70.0,70.0,60.0,60.0,256.7,30.8,206.74366231442932,0.0,-6.7,この先制限速度なし,この先目立った勾配なし,先行列車なし,後続列車なし,1.0,減速開始前の惰行は速度・信号・停止距離すべて適合し、省エネかつ定時性に問題なく適切と判断した。
168,Train11,次駅への減速フェーズ（駅手前400m以内）,ブレーキ（減速）中,2.0,惰行,12.0,70.0,70.0,30.0,30.0,22.6,5.4,42.596690578229556,0.0,9.2,この先制限速度なし,この先目立った勾配なし,先行列車なし,後続列車なし,0.0,delta_stopが-20mでオーバーランがほぼ確実となり即0.0ルールに該当するためrewardは0.0。
169,Train11,次駅への減速フェーズ（駅手前400m以内）,ブレーキ（減速）中,10.0,惰行,12.0,70.0,70.0,30.0,30.0,22.6,5.4,42.596690578229556,0.0,9.2,この先制限速度なし,この先目立った勾配なし,先行列車なし,後続列車なし,0.0,delta_stopが-20mでオーバーランがほぼ確実なため即reward0.0ルールが適用され、評価は0.0となる。
170,Train11,次駅への減速フェーズ（駅手前400m以内）,惰行中,2.0,力行（加速）,12.0,70.0,70.0,30.0,30.0,22.6,5.4,42.596690578229556,0.0,9.2,この先制限速度なし,この先目立った勾配なし,先行列車なし,後続列車なし,0.0,delta_stopが-20mでブレーキ未実施のためオーバーランリスクが高く、即時0点ルールが適用される。
171,Train11,次駅への減速フェーズ（駅手前400m以内）,惰行中,10.0,力行（加速）,12.0,70.0,70.0,30.0,30.0,22.6,5.4,42.596690578229556,0.0,9.2,この先制限速度なし,この先目立った勾配なし,先行列車なし,後続列車なし,0.0,delta_stopが-20mでブレーキ未実施のためオーバーランが確実と判断し、即時0点とした。
172,Train11,次駅への減速フェーズ（駅手前400m以内）,ブレーキ（減速）中,2.0,惰行,12.0,70.0,70.0,30.0,30.0,37.6,9.0,42.596690578229556,0.0,9.2,この先制限速度なし,この先目立った勾配なし,先行列車なし,後続列車なし,0.9,ブレーキが適切にかかりΔstopが±5m以内で停止位置が確保され、速度・信号遵守も問題なく、余計な加速やノコギリ運転は無いため高評価とした。
173,Train11,次駅への減速フェーズ（駅手前400m以内）,ブレーキ（減速）中,10.0,惰行,12.0,70.0,70.0,30.0,30.0,37.6,9.0,42.596690578229556,0.0,9.2,この先制限速度なし,この先目立った勾配なし,先行列車なし,後続列車なし,1.0,ブレーキ中でdelta_stopが5m以内に収まり、速度・信号遵守、ノコギリ運転なしと全項目が適切なため高評価とした。
174,Train11,次駅への減速フェーズ（駅手前400m以内）,惰行中,2.0,力行（加速）,12.0,70.0,70.0,30.0,30.0,37.6,9.0,42.596690578229556,0.0,9.2,この先制限速度なし,この先目立った勾配なし,先行列車なし,後続列車なし,0.0,オーバーランリスクが高く、ブレーキ未実施でdelta_stopが-5mのため即時0点とした。
175,Train11,次駅への減速フェーズ（駅手前400m以内）,惰行中,10.0,力行（加速）,12.0,70.0,70.0,30.0,30.0,37.6,9.0,42.596690578229556,0.0,9.2,この先制限速度なし,この先目立った勾配なし,先行列車なし,後続列車なし,0.0,delta_stopが-5mでブレーキ未実施のためオーバーランリスクが高く、即時0点ルールが適用される。
176,Train11,次駅への減速フェーズ（駅手前400m以内）,ブレーキ（減速）中,2.0,惰行,12.0,70.0,70.0,30.0,30.0,42.6,10.2,42.596690578229556,0.0,9.2,この先制限速度なし,この先目立った勾配なし,先行列車なし,後続列車なし,1.0,ブレーキが適切に掛かりdelta_stopが0で停止位置が正確、速度・信号遵守、ノコギリ運転なしと評価し高評価とした。
177,Train11,次駅への減速フェーズ（駅手前400m以内）,ブレーキ（減速）中,10.0,惰行,12.0,70.0,70.0,30.0,30.0,42.6,10.2,42.596690578229556,0.0,9.2,この先制限速度なし,この先目立った勾配なし,先行列車なし,後続列車なし,1.0,ブレーキが適切に作動しdelta_stopが0mで停止位置が正確、速度・信号遵守、ノコギリ運転なしで安全かつ省エネ。
178,Train11,次駅への減速フェーズ（駅手前400m以内）,惰行中,2.0,力行（加速）,12.0,70.0,70.0,30.0,30.0,42.6,10.2,42.596690578229556,0.0,9.2,この先制限速度なし,この先目立った勾配なし,先行列車なし,後続列車なし,1.0,次駅減速フェーズでdelta_stop=0、速度がrequired_speedと一致し惰行は適切、制限・信号遵守、無駄な加速なしと評価し最高点とした。
179,Train11,次駅への減速フェーズ（駅手前400m以内）,惰行中,10.0,力行（加速）,12.0,70.0,70.0,30.0,30.0,42.6,10.2,42.596690578229556,0.0,9.2,この先制限速度なし,この先目立った勾配なし,先行列車なし,後続列車なし,1.0,次駅減速フェーズでdelta_stop=0かつ現在速度がrequired_speedと一致し、惰行は適切で速度・信号遵守に問題なく評価を1.0とした。
180,Train11,次駅への減速フェーズ（駅手前400m以内）,ブレーキ（減速）中,2.0,惰行,12.0,70.0,70.0,30.0,30.0,47.6,11.4,42.596690578229556,0.0,9.2,この先制限速度なし,この先目立った勾配なし,先行列車なし,後続列車なし,0.9,ブレーキが適切にかかりdelta_stopが5mで許容範囲内、速度も制限内で安全かつ定時性が保たれるため高評価。
181,Train11,次駅への減速フェーズ（駅手前400m以内）,ブレーキ（減速）中,10.0,惰行,12.0,70.0,70.0,30.0,30.0,47.6,11.4,42.596690578229556,0.0,9.2,この先制限速度なし,この先目立った勾配なし,先行列車なし,後続列車なし,0.9,ブレーキが適切にかかっており、delta_stopが5mで停止位置が確保できるため高評価とした。
182,Train11,次駅への減速フェーズ（駅手前400m以内）,惰行中,2.0,力行（加速）,12.0,70.0,70.0,30.0,30.0,47.6,11.4,42.596690578229556,0.0,9.2,この先制限速度なし,この先目立った勾配なし,先行列車なし,後続列車なし,1.0,制限速度・CBTC遵守、停止位置余裕あり、ノコギリ運転なし、適切な惰行で定時・省エネに優れ評価1.0
183,Train11,次駅への減速フェーズ（駅手前400m以内）,惰行中,10.0,力行（加速）,12.0,70.0,70.0,30.0,30.0,47.6,11.4,42.596690578229556,0.0,9.2,この先制限速度なし,この先目立った勾配なし,先行列車なし,後続列車なし,0.9,required_speedと一致し制限速度・CBTCを遵守、delta_stopが正でブレーキ不要と判断できる適切な惰行のため高評価。
184,Train11,次駅への減速フェーズ（駅手前400m以内）,ブレーキ（減速）中,2.0,惰行,12.0,70.0,70.0,30.0,30.0,57.6,13.8,42.596690578229556,0.0,9.2,この先制限速度なし,この先目立った勾配なし,先行列車なし,後続列車なし,0.5,ブレーキ開始が早すぎてdelta_stopが15mとなり、必要以上に減速しているため定時性と省エネ性が損なわれる。
185,Train11,次駅への減速フェーズ（駅手前400m以内）,ブレーキ（減速）中,10.0,惰行,12.0,70.0,70.0,30.0,30.0,57.6,13.8,42.596690578229556,0.0,9.2,この先制限速度なし,この先目立った勾配なし,先行列車なし,後続列車なし,0.5,ブレーキ開始が必要停止距離より15m早く、定時到着とエネルギー効率を損なうため中程度の減点とし0.5とした。
186,Train11,次駅への減速フェーズ（駅手前400m以内）,惰行中,2.0,力行（加速）,12.0,70.0,70.0,30.0,30.0,57.6,13.8,42.596690578229556,0.0,9.2,この先制限速度なし,この先目立った勾配なし,先行列車なし,後続列車なし,1.0,次駅減速フェーズでrequired_speedを満たす30km/hで惰行し、delta_stopが正で停止位置も確保でき、速度・信号超過なしで安全かつ省エネ。
187,Train11,次駅への減速フェーズ（駅手前400m以内）,惰行中,10.0,力行（加速）,12.0,70.0,70.0,30.0,30.0,57.6,13.8,42.596690578229556,0.0,9.2,この先制限速度なし,この先目立った勾配なし,先行列車なし,後続列車なし,1.0,次駅減速フェーズで現在速度がrequired_speedと一致し惰行が適切、制限速度・CBTC遵守、停止位置に余裕があるため高評価とした。
188,Train11,次駅への減速フェーズ（駅手前400m以内）,ブレーキ（減速）中,2.0,惰行,12.0,70.0,70.0,30.0,30.0,72.6,17.4,42.596690578229556,0.0,9.2,この先制限速度なし,この先目立った勾配なし,先行列車なし,後続列車なし,0.2,ブレーキ開始が早すぎて30m手前で停止し、停車位置未達と遅延・エネルギー損失が生じたため低評価とした。
189,Train11,次駅への減速フェーズ（駅手前400m以内）,ブレーキ（減速）中,10.0,惰行,12.0,70.0,70.0,30.0,30.0,72.6,17.4,42.596690578229556,0.0,9.2,この先制限速度なし,この先目立った勾配なし,先行列車なし,後続列車なし,0.3,ブレーキが停止位置より30m前に開始され、早すぎる減速でエネルギー無駄となるため評価を低くし0.3とした。
190,Train11,次駅への減速フェーズ（駅手前400m以内）,惰行中,2.0,力行（加速）,12.0,70.0,70.0,30.0,30.0,72.6,17.4,42.596690578229556,0.0,9.2,この先制限速度なし,この先目立った勾配なし,先行列車なし,後続列車なし,1.0,次駅減速フェーズでrequired_speedとcurrent_speedが一致し、制限速度・CBTC信号を遵守、余裕距離で惰行は適切であり、ノコギリ運転や不要な力行はなしと判断した。
191,Train11,次駅への減速フェーズ（駅手前400m以内）,惰行中,10.0,力行（加速）,12.0,70.0,70.0,30.0,30.0,72.6,17.4,42.596690578229556,0.0,9.2,この先制限速度なし,この先目立った勾配なし,先行列車なし,後続列車なし,1.0,減速フェーズでdelta_stopが正、速度は制限・CBTC信号以下、惰行は適切であり全項目に問題がないため最高評価とした。
192,Train11,次駅への減速フェーズ（駅手前400m以内）,ブレーキ（減速）中,2.0,惰行,12.0,70.0,70.0,30.0,30.0,92.6,22.2,42.596690578229556,0.0,9.2,この先制限速度なし,この先目立った勾配なし,先行列車なし,後続列車なし,0.1,delta_stopが+50mで早すぎるブレーキにより停止位置が大きく前方にずれ、エネルギー無駄で定時性も損なうためrewardを0.1とした。
193,Train11,次駅への減速フェーズ（駅手前400m以内）,ブレーキ（減速）中,10.0,惰行,12.0,70.0,70.0,30.0,30.0,92.6,22.2,42.596690578229556,0.0,9.2,この先制限速度なし,この先目立った勾配なし,先行列車なし,後続列車なし,0.1,ブレーキを開始すべき距離より50m前にブレーキをかけており、停止位置が大幅に手前になるため大幅減点とした。
194,Train11,次駅への減速フェーズ（駅手前400m以内）,惰行中,2.0,力行（加速）,12.0,70.0,70.0,30.0,30.0,92.6,22.2,42.596690578229556,0.0,9.2,この先制限速度なし,この先目立った勾配なし,先行列車なし,後続列車なし,1.0,次駅減速フェーズで必要速度30km/hを維持し惰行しているため、制限速度・CBTC遵守、停止位置も確保でき、無駄な加速がなく評価は最高とした。
195,Train11,次駅への減速フェーズ（駅手前400m以内）,惰行中,10.0,力行（加速）,12.0,70.0,70.0,30.0,30.0,92.6,22.2,42.596690578229556,0.0,9.2,この先制限速度なし,この先目立った勾配なし,先行列車なし,後続列車なし,1.0,減速フェーズでdelta_stopが正であり、速度はrequired_speedと一致、惰行は適切でエネルギー効率も良く安全基準をすべて満たすため高評価とした。
196,Train11,次駅への減速フェーズ（駅手前400m以内）,ブレーキ（減速）中,2.0,惰行,12.0,70.0,70.0,45.0,45.0,75.2,12.0,95.19056773715141,0.0,9.2,この先制限速度なし,この先目立った勾配なし,先行列車なし,後続列車なし,0.0,delta_stopが-19.99mでブレーキ中にも関わらず停止位置が大幅に手前にあり、オーバーランが確実なため安全上の重大違反と判断し、rewardを0.0とした。
197,Train11,次駅への減速フェーズ（駅手前400m以内）,ブレーキ（減速）中,10.0,惰行,12.0,70.0,70.0,45.0,45.0,75.2,12.0,95.19056773715141,0.0,9.2,この先制限速度なし,この先目立った勾配なし,先行列車なし,後続列車なし,0.0,delta_stopが-19.99mでブレーキ中にも関わらず停止位置が大幅に不足し、オーバーランが確実と判断されたため即時0点とした。
198,Train11,次駅への減速フェーズ（駅手前400m以内）,惰行中,2.0,力行（加速）,12.0,70.0,70.0,45.0,45.0,75.2,12.0,95.19056773715141,0.0,9.2,この先制限速度なし,この先目立った勾配なし,先行列車なし,後続列車なし,0.0,delta_stopが-19.99mでブレーキ未実施のため即時オーバーランリスクがあり、即reward0.0と判断。このため安全上重大な違反とみなし、評価は0.0とする。
199,Train11,次駅への減速フェーズ（駅手前400m以内）,惰行中,10.0,力行（加速）,12.0,70.0,70.0,45.0,45.0,75.2,12.0,95.19056773715141,0.0,9.2,この先制限速度なし,この先目立った勾配なし,先行列車なし,後続列車なし,0.0,delta_stopが-19.99mでブレーキ未実施、即時0点ルールに該当し安全上重大なオーバーランリスクがあるためreward=0.0とした。
200,Train11,次駅への減速フェーズ（駅手前400m以内）,ブレーキ（減速）中,2.0,惰行,12.0,70.0,70.0,45.0,45.0,90.2,14.4,95.19056773715141,0.0,9.2,この先制限速度なし,この先目立った勾配なし,先行列車なし,後続列車なし,0.9,ブレーキが適切にかかり、delta_stopが5m以内で停止位置が許容範囲内、速度・信号遵守、ノコギリ運転なしと評価し高評価とした。
201,Train11,次駅への減速フェーズ（駅手前400m以内）,ブレーキ（減速）中,10.0,惰行,12.0,70.0,70.0,45.0,45.0,90.2,14.4,95.19056773715141,0.0,9.2,この先制限速度なし,この先目立った勾配なし,先行列車なし,後続列車なし,1.0,ブレーキが適切に作動し、delta_stopが5m以内で停止位置が確保され、速度・信号遵守も問題なく、ノコギリ運転なしと評価したため高評価とした。
202,Train11,次駅への減速フェーズ（駅手前400m以内）,惰行中,2.0,力行（加速）,12.0,70.0,70.0,45.0,45.0,90.2,14.4,95.19056773715141,0.0,9.2,この先制限速度なし,この先目立った勾配なし,先行列車なし,後続列車なし,0.0,delta_stopが-4.99mでブレーキ未実施のためオーバーランが確実と判断し即時0点とした。
203,Train11,次駅への減速フェーズ（駅手前400m以内）,惰行中,10.0,力行（加速）,12.0,70.0,70.0,45.0,45.0,90.2,14.4,95.19056773715141,0.0,9.2,この先制限速度なし,この先目立った勾配なし,先行列車なし,後続列車なし,0.0,次駅減速フェーズでブレーキ未実施かつdelta_stopが-4.99mと過剰に接近しており、停止位置逸脱リスクが高いため0.0とした。
204,Train11,次駅への減速フェーズ（駅手前400m以内）,ブレーキ（減速）中,2.0,惰行,12.0,70.0,70.0,45.0,45.0,95.2,15.2,95.19056773715141,0.0,9.2,この先制限速度なし,この先目立った勾配なし,先行列車なし,後続列車なし,1.0,ブレーキが適切に作動しdelta_stopが0.01mで停止位置が確実、速度制限・CBTCを遵守しノコギリ運転もなく高評価。
205,Train11,次駅への減速フェーズ（駅手前400m以内）,ブレーキ（減速）中,10.0,惰行,12.0,70.0,70.0,45.0,45.0,95.2,15.2,95.19056773715141,0.0,9.2,この先制限速度なし,この先目立った勾配なし,先行列車なし,後続列車なし,1.0,ブレーキ開始が適切でdelta_stopが0.01 mと許容範囲内、速度・信号遵守、余計な加速なしで安全に停車できるため最高評価とした。
206,Train11,次駅への減速フェーズ（駅手前400m以内）,惰行中,2.0,力行（加速）,12.0,70.0,70.0,45.0,45.0,95.2,15.2,95.19056773715141,0.0,9.2,この先制限速度なし,この先目立った勾配なし,先行列車なし,後続列車なし,1.0,次駅減速フェーズでdelta_stopが0.01mと許容範囲内、速度45km/hがrequired_speedと一致し、制限速度・CBTC信号を遵守しているためreward=1.0とした。
207,Train11,次駅への減速フェーズ（駅手前400m以内）,惰行中,10.0,力行（加速）,12.0,70.0,70.0,45.0,45.0,95.2,15.2,95.19056773715141,0.0,9.2,この先制限速度なし,この先目立った勾配なし,先行列車なし,後続列車なし,1.0,次駅減速フェーズでdelta_stopが0.01m、速度は制限・信号内、ノコギリ運転なし、required_speedと一致しているため最高評価とした。
208,Train11,次駅への減速フェーズ（駅手前400m以内）,ブレーキ（減速）中,2.0,惰行,12.0,70.0,70.0,45.0,45.0,100.2,16.0,95.19056773715141,0.0,9.2,この先制限速度なし,この先目立った勾配なし,先行列車なし,後続列車なし,0.5,ブレーキ開始が必要ブレーキ距離より約5m早く、駅手前で過度に減速し定時性とエネルギー効率が低下したため0.5とした。
209,Train11,次駅への減速フェーズ（駅手前400m以内）,ブレーキ（減速）中,10.0,惰行,12.0,70.0,70.0,45.0,45.0,100.2,16.0,95.19056773715141,0.0,9.2,この先制限速度なし,この先目立った勾配なし,先行列車なし,後続列車なし,0.6,ブレーキ中でdelta_stopが5.01mで5〜15mの範囲に入りやや遅れと評価、他は全て適合のためrewardを0.6とした。
210,Train11,次駅への減速フェーズ（駅手前400m以内）,惰行中,2.0,力行（加速）,12.0,70.0,70.0,45.0,45.0,100.2,16.0,95.19056773715141,0.0,9.2,この先制限速度なし,この先目立った勾配なし,先行列車なし,後続列車なし,1.0,次駅減速フェーズでdelta_stopが正であり、現在の惰行はブレーキ開始直前の適切な操作で、速度・信号・制限を遵守し無駄な加速がないため高評価。
211,Train11,次駅への減速フェーズ（駅手前400m以内）,惰行中,10.0,力行（加速）,12.0,70.0,70.0,45.0,45.0,100.2,16.0,95.19056773715141,0.0,9.2,この先制限速度なし,この先目立った勾配なし,先行列車なし,後続列車なし,1.0,次駅減速フェーズでdelta_stopが正、制限速度・CBTC遵守、required_speedと同等の惰行で省エネかつ安全と判断し1.0とした。
212,Train11,次駅への減速フェーズ（駅手前400m以内）,ブレーキ（減速）中,2.0,惰行,12.0,70.0,70.0,45.0,45.0,110.2,17.6,95.19056773715141,0.0,9.2,この先制限速度なし,この先目立った勾配なし,先行列車なし,後続列車なし,0.4,ブレーキ開始が必要停止距離より約15m早く、エネルギー無駄となるため評価を低減し、0.4点とした。
213,Train11,次駅への減速フェーズ（駅手前400m以内）,ブレーキ（減速）中,10.0,惰行,12.0,70.0,70.0,45.0,45.0,110.2,17.6,95.19056773715141,0.0,9.2,この先制限速度なし,この先目立った勾配なし,先行列車なし,後続列車なし,0.3,ブレーキ開始が停止距離より約15m早く、停止位置がずれエネルギー効率が低下しているため低評価とした。
214,Train11,次駅への減速フェーズ（駅手前400m以内）,惰行中,2.0,力行（加速）,12.0,70.0,70.0,45.0,45.0,110.2,17.6,95.19056773715141,0.0,9.2,この先制限速度なし,この先目立った勾配なし,先行列車なし,後続列車なし,1.0,次駅減速フェーズでdelta_stopが正のため惰行は適切、制限速度・CBTCを遵守し余分な加速もなく高評価とした。
215,Train11,次駅への減速フェーズ（駅手前400m以内）,惰行中,10.0,力行（加速）,12.0,70.0,70.0,45.0,45.0,110.2,17.6,95.19056773715141,0.0,9.2,この先制限速度なし,この先目立った勾配なし,先行列車なし,後続列車なし,1.0,次駅減速フェーズで現在速度45km/hがrequired_speedと一致し、delta_stopが正で惰行が適切に維持されているため安全・定時・省エネが確保され、最高評価とした。
216,Train11,次駅への減速フェーズ（駅手前400m以内）,ブレーキ（減速）中,2.0,惰行,12.0,70.0,70.0,45.0,45.0,125.2,20.0,95.19056773715141,0.0,9.2,この先制限速度なし,この先目立った勾配なし,先行列車なし,後続列車なし,0.1,ブレーキがdelta_stop30m以上で開始され、早すぎる停止が確実であるため大幅減点しrewardを0.1とした。
217,Train11,次駅への減速フェーズ（駅手前400m以内）,ブレーキ（減速）中,10.0,惰行,12.0,70.0,70.0,45.0,45.0,125.2,20.0,95.19056773715141,0.0,9.2,この先制限速度なし,この先目立った勾配なし,先行列車なし,後続列車なし,0.1,ブレーキが必要停止位置より30m前で開始され、早すぎる減速によりエネルギー効率と定時性が低下したため低評価とした。
218,Train11,次駅への減速フェーズ（駅手前400m以内）,惰行中,2.0,力行（加速）,12.0,70.0,70.0,45.0,45.0,125.2,20.0,95.19056773715141,0.0,9.2,この先制限速度なし,この先目立った勾配なし,先行列車なし,後続列車なし,1.0,制限速度・CBTC遵守、減速位置は適切で惰行が必要速度と合致し安全かつ省エネであるため、運転品質を総合的に評価し最高点とした。
219,Train11,次駅への減速フェーズ（駅手前400m以内）,惰行中,10.0,力行（加速）,12.0,70.0,70.0,45.0,45.0,125.2,20.0,95.19056773715141,0.0,9.2,この先制限速度なし,この先目立った勾配なし,先行列車なし,後続列車なし,1.0,次駅減速フェーズでrequired_speedと一致し惰行を継続、制限速度・CBTC遵守、停止位置も確保できるため高評価とした。
220,Train11,次駅への減速フェーズ（駅手前400m以内）,ブレーキ（減速）中,2.0,惰行,12.0,70.0,70.0,45.0,45.0,145.2,23.2,95.19056773715141,0.0,9.2,この先制限速度なし,この先目立った勾配なし,先行列車なし,後続列車なし,0.2,ブレーキ開始が早すぎて停止位置が駅手前約50mとなり、停止誤差が30m超で大幅減点対象となったため。
221,Train11,次駅への減速フェーズ（駅手前400m以内）,ブレーキ（減速）中,10.0,惰行,12.0,70.0,70.0,45.0,45.0,145.2,23.2,95.19056773715141,0.0,9.2,この先制限速度なし,この先目立った勾配なし,先行列車なし,後続列車なし,0.2,ブレーキが停止位置より50m前に開始され早すぎる減速となり、エネルギー無駄と到着遅延リスクが高いため低評価とした。
222,Train11,次駅への減速フェーズ（駅手前400m以内）,惰行中,2.0,力行（加速）,12.0,70.0,70.0,45.0,45.0,145.2,23.2,95.19056773715141,0.0,9.2,この先制限速度なし,この先目立った勾配なし,先行列車なし,後続列車なし,1.0,次駅減速フェーズでrequired_speedと現在速度が一致し惰行が適切、制限速度・CBTCを遵守し即時0点条件もなく、余分な加速もないためreward=1.0。
223,Train11,次駅への減速フェーズ（駅手前400m以内）,惰行中,10.0,力行（加速）,12.0,70.0,70.0,45.0,45.0,145.2,23.2,95.19056773715141,0.0,9.2,この先制限速度なし,この先目立った勾配なし,先行列車なし,後続列車なし,1.0,次駅減速フェーズで現在速度がrequired_speedと一致し惰行を維持、制限速度・CBTCを遵守、停止位置も確保できているため最高評価とした。
224,Train11,次駅への減速フェーズ（駅手前400m以内）,ブレーキ（減速）中,2.0,惰行,12.0,70.0,70.0,60.0,60.0,147.8,17.7,167.8136765366024,0.0,9.2,この先制限速度なし,この先目立った勾配なし,先行列車なし,後続列車なし,0.0,delta_stopが-20.01mでオーバーランが確実なため即時0点ルールが適用され、rewardは0.0とした。
225,Train11,次駅への減速フェーズ（駅手前400m以内）,ブレーキ（減速）中,10.0,惰行,12.0,70.0,70.0,60.0,60.0,147.8,17.7,167.8136765366024,0.0,9.2,この先制限速度なし,この先目立った勾配なし,先行列車なし,後続列車なし,0.0,delta_stopが-20.01mでブレーキ中にも関わらず停止位置に間に合わず、即時0点ルールに該当するためreward=0.0
226,Train11,次駅への減速フェーズ（駅手前400m以内）,惰行中,2.0,力行（加速）,12.0,70.0,70.0,60.0,60.0,147.8,17.7,167.8136765366024,0.0,9.2,この先制限速度なし,この先目立った勾配なし,先行列車なし,後続列車なし,0.0,delta_stopが-20.01mでブレーキが掛かっておらずオーバーランが確実と判断し即時0点とした。
227,Train11,次駅への減速フェーズ（駅手前400m以内）,惰行中,10.0,力行（加速）,12.0,70.0,70.0,60.0,60.0,147.8,17.7,167.8136765366024,0.0,9.2,この先制限速度なし,この先目立った勾配なし,先行列車なし,後続列車なし,0.0,delta_stopが-20.01mでブレーキ未実施、オーバーランが確実と判断し即時0点ルールが適用されたためreward=0.0。
228,Train11,次駅への減速フェーズ（駅手前400m以内）,ブレーキ（減速）中,2.0,惰行,12.0,70.0,70.0,60.0,60.0,162.8,19.5,167.8136765366024,0.0,9.2,この先制限速度なし,この先目立った勾配なし,先行列車なし,後続列車なし,0.0,δ_stopが-5.01mでオーバーランがほぼ確実と判定され、即時0点ルールが適用されたためrewardは0.0とした。
229,Train11,次駅への減速フェーズ（駅手前400m以内）,ブレーキ（減速）中,10.0,惰行,12.0,70.0,70.0,60.0,60.0,162.8,19.5,167.8136765366024,0.0,9.2,この先制限速度なし,この先目立った勾配なし,先行列車なし,後続列車なし,0.0,delta_stop が -5.01 m でオーバーランがほぼ確実と判断され、即reward0.0ルールに該当するため評価は0.0とした。
230,Train11,次駅への減速フェーズ（駅手前400m以内）,惰行中,2.0,力行（加速）,12.0,70.0,70.0,60.0,60.0,162.8,19.5,167.8136765366024,0.0,9.2,この先制限速度なし,この先目立った勾配なし,先行列車なし,後続列車なし,0.0,delta_stopが-5.01mでブレーキ未実施のため、オーバーランが確実と判断し即時0点とした。安全上の重大違反とみなした。
231,Train11,次駅への減速フェーズ（駅手前400m以内）,惰行中,10.0,力行（加速）,12.0,70.0,70.0,60.0,60.0,162.8,19.5,167.8136765366024,0.0,9.2,この先制限速度なし,この先目立った勾配なし,先行列車なし,後続列車なし,0.0,delta_stopが-5.01mでブレーキ未実施、減速フェーズで惰行のためオーバーランリスクが高く即時0点規則に該当。
232,Train11,次駅への減速フェーズ（駅手前400m以内）,ブレーキ（減速）中,2.0,惰行,12.0,70.0,70.0,60.0,70.0,167.8,20.1,167.8136765366024,0.0,9.2,この先制限速度なし,この先目立った勾配なし,先行列車なし,後続列車なし,1.0,制限速度・CBTCを遵守し、ブレーキ開始が適切でdelta_stopが-0.01mと許容範囲内のため最高評価とした。
233,Train11,次駅への減速フェーズ（駅手前400m以内）,ブレーキ（減速）中,10.0,惰行,12.0,70.0,70.0,60.0,70.0,167.8,20.1,167.8136765366024,0.0,9.2,この先制限速度なし,この先目立った勾配なし,先行列車なし,後続列車なし,1.0,ブレーキ中でdelta_stopが-0.01m（±5m以内）かつ速度は制限・CBTC内、ノコギリ運転なし、余分な力行もなく高評価としreward=1.0とした。
234,Train11,次駅への減速フェーズ（駅手前400m以内）,惰行中,2.0,力行（加速）,12.0,70.0,70.0,60.0,70.0,167.8,20.1,167.8136765366024,0.0,9.2,この先制限速度なし,この先目立った勾配なし,先行列車なし,後続列車なし,0.8,次駅減速フェーズでブレーキ開始が遅れ、δ_stopが‑0.01 mと許容範囲外れたため評価をやや減点し0.8とした。
235,Train11,次駅への減速フェーズ（駅手前400m以内）,惰行中,10.0,力行（加速）,12.0,70.0,70.0,60.0,70.0,167.8,20.1,167.8136765366024,0.0,9.2,この先制限速度なし,この先目立った勾配なし,先行列車なし,後続列車なし,0.6,次駅減速フェーズでブレーキせず惰行を続け、δが-0.01mで停止位置が僅かに遅れたため減点し、0.6とした。
236,Train11,次駅への減速フェーズ（駅手前400m以内）,ブレーキ（減速）中,2.0,惰行,12.0,70.0,70.0,60.0,60.0,172.8,20.7,167.8136765366024,0.0,9.2,この先制限速度なし,この先目立った勾配なし,先行列車なし,後続列車なし,1.0,ブレーキが適切に作動し、delta_stopが5m以内で安全に停止できるため最高評価とした。
237,Train11,次駅への減速フェーズ（駅手前400m以内）,ブレーキ（減速）中,10.0,惰行,12.0,70.0,70.0,60.0,60.0,172.8,20.7,167.8136765366024,0.0,9.2,この先制限速度なし,この先目立った勾配なし,先行列車なし,後続列車なし,1.0,ブレーキ開始がdelta_stop 4.99mで許容範囲内、速度・信号遵守、ノコギリ運転なし、余裕のある定時到着で安全に停止できるため高評価。
238,Train11,次駅への減速フェーズ（駅手前400m以内）,惰行中,2.0,力行（加速）,12.0,70.0,70.0,60.0,60.0,172.8,20.7,167.8136765366024,0.0,9.2,この先制限速度なし,この先目立った勾配なし,先行列車なし,後続列車なし,1.0,次駅減速フェーズでdelta_stopが正(4.99m)かつブレーキ未実施は適切、速度60km/hは制限・required_speedを満たすため高評価。
239,Train11,次駅への減速フェーズ（駅手前400m以内）,惰行中,10.0,力行（加速）,12.0,70.0,70.0,60.0,60.0,172.8,20.7,167.8136765366024,0.0,9.2,この先制限速度なし,この先目立った勾配なし,先行列車なし,後続列車なし,0.9,制限速度・CBTC遵守で安全、delta_stopが正でブレーキ未実施は許容範囲、不要な力行なしと評価し高評価とした。
240,Train11,次駅への減速フェーズ（駅手前400m以内）,ブレーキ（減速）中,2.0,惰行,12.0,70.0,70.0,60.0,60.0,182.8,21.9,167.8136765366024,0.0,9.2,この先制限速度なし,この先目立った勾配なし,先行列車なし,後続列車なし,0.5,ブレーキ開始が要求停止距離より約15m早く、delta_stopが14.99mで早すぎるブレーキと評価され、エネルギー効率が低下するためrewardを0.5とした。
241,Train11,次駅への減速フェーズ（駅手前400m以内）,ブレーキ（減速）中,10.0,惰行,12.0,70.0,70.0,60.0,60.0,182.8,21.9,167.8136765366024,0.0,9.2,この先制限速度なし,この先目立った勾配なし,先行列車なし,後続列車なし,0.6,ブレーキ開始位置が理想から約15m早く、停止位置誤差が5〜15mの範囲にあるため0.6とした。
242,Train11,次駅への減速フェーズ（駅手前400m以内）,惰行中,2.0,力行（加速）,12.0,70.0,70.0,60.0,60.0,182.8,21.9,167.8136765366024,0.0,9.2,この先制限速度なし,この先目立った勾配なし,先行列車なし,後続列車なし,1.0,次駅減速フェーズでrequired_speedと一致し惰行を維持、制限速度・CBTC信号を遵守、停止位置も余裕があり適切な操作と判断した。
243,Train11,次駅への減速フェーズ（駅手前400m以内）,惰行中,10.0,力行（加速）,12.0,70.0,70.0,60.0,60.0,182.8,21.9,167.8136765366024,0.0,9.2,この先制限速度なし,この先目立った勾配なし,先行列車なし,後続列車なし,1.0,制限速度・CBTC信号を遵守し、delta_stopが正で停止可能。required_speedと現在速度が一致し惰行でエネルギー効率も高く、上位項目すべて適切なため最高評価とした。
244,Train11,次駅への減速フェーズ（駅手前400m以内）,ブレーキ（減速）中,2.0,惰行,12.0,70.0,70.0,60.0,60.0,197.8,23.7,167.8136765366024,0.0,9.2,この先制限速度なし,この先目立った勾配なし,先行列車なし,後続列車なし,0.4,ブレーキ開始が要求停止距離より約30m早く、delta_stopが15〜30mに該当し早すぎる減速と判断したため評価を低くし、reward 0.4とした。
245,Train11,次駅への減速フェーズ（駅手前400m以内）,ブレーキ（減速）中,10.0,惰行,12.0,70.0,70.0,60.0,60.0,197.8,23.7,167.8136765366024,0.0,9.2,この先制限速度なし,この先目立った勾配なし,先行列車なし,後続列車なし,0.4,ブレーキ開始が早すぎて停止位置が30m手前となり遅延とエネルギー無駄が生じたため評価を低減した。
246,Train11,次駅への減速フェーズ（駅手前400m以内）,惰行中,2.0,力行（加速）,12.0,70.0,70.0,60.0,60.0,197.8,23.7,167.8136765366024,0.0,9.2,この先制限速度なし,この先目立った勾配なし,先行列車なし,後続列車なし,1.0,次駅減速フェーズで速度はrequired_speedと一致し、delta_stopが正で停止可能、制限・CBTC遵守、ノコギリ運転なしのため高評価とした。
247,Train11,次駅への減速フェーズ（駅手前400m以内）,惰行中,10.0,力行（加速）,12.0,70.0,70.0,60.0,60.0,197.8,23.7,167.8136765366024,0.0,9.2,この先制限速度なし,この先目立った勾配なし,先行列車なし,後続列車なし,1.0,次駅減速フェーズでdelta_stopが正で惰行が適切、速度・信号・制限をすべて遵守しているため最高評価とした。
248,Train11,次駅への減速フェーズ（駅手前400m以内）,ブレーキ（減速）中,2.0,惰行,12.0,70.0,70.0,60.0,60.0,217.8,26.1,167.8136765366024,0.0,9.2,この先制限速度なし,この先目立った勾配なし,先行列車なし,後続列車なし,0.1,ブレーキが必要開始点より30m以上早く開始され、停車位置が手前になるため大幅減点し、エネルギー効率も低下している。
249,Train11,次駅への減速フェーズ（駅手前400m以内）,ブレーキ（減速）中,10.0,惰行,12.0,70.0,70.0,60.0,60.0,217.8,26.1,167.8136765366024,0.0,9.2,この先制限速度なし,この先目立った勾配なし,先行列車なし,後続列車なし,0.1,ブレーキ開始が必要距離より30m以上早く、早すぎる減速で停止位置が手前になるため大幅減点し0.1とした。
250,Train11,次駅への減速フェーズ（駅手前400m以内）,惰行中,2.0,力行（加速）,12.0,70.0,70.0,60.0,60.0,217.8,26.1,167.8136765366024,0.0,9.2,この先制限速度なし,この先目立った勾配なし,先行列車なし,後続列車なし,1.0,次駅減速フェーズでdelta_stopが正であり、速度は制限・CBTC内、required_speedと一致しているため惰行は適切でエネルギー無駄もなく高評価とした。
251,Train11,次駅への減速フェーズ（駅手前400m以内）,惰行中,10.0,力行（加速）,12.0,70.0,70.0,60.0,60.0,217.8,26.1,167.8136765366024,0.0,9.2,この先制限速度なし,この先目立った勾配なし,先行列車なし,後続列車なし,1.0,減速フェーズでrequired_speedと一致する60km/hを惰行で維持し、ブレーキ開始点まで49.99mの余裕があるため速度制限・CBTC遵守、ノコギリ運転なしと評価し最高点とした。
252,Train11,次駅への減速フェーズ（駅手前400m以内）,惰行中,1.0,ブレーキ（減速）,4.0,70.0,70.0,10.0,10.0,5.4,3.9,5.361102334269932,0.0,0.0,この先制限速度なし,この先目立った勾配なし,先行列車なし,後続列車なし,0.2,次駅減速フェーズで低速惰行が遅延を招き、2秒のブレーキ→惰行のノコギリ運転により評価上限0.3となり0.2とした。
253,Train11,次駅への減速フェーズ（駅手前400m以内）,惰行中,1.0,ブレーキ（減速）,4.0,70.0,70.0,10.0,70.0,5.4,0.0,5.361102334269932,15.0,0.0,この先制限速度なし,この先目立った勾配なし,先行列車なし,後続列車なし,0.1,次駅減速フェーズで低速惰行が続きブレーキ遅延、減速→惰行の短時間切替がノコギリ運転と判定されたため低評価。
254,Train11,次駅への減速フェーズ（駅手前400m以内）,惰行中,1.0,ブレーキ（減速）,15.0,70.0,70.0,10.0,10.0,5.4,3.9,5.361102334269932,0.0,0.0,この先制限速度なし,この先目立った勾配なし,先行列車なし,後続列車なし,0.2,次駅減速フェーズで必要速度と一致しているが、低速(10km/h)のままブレーキせず惰行しているためちんたら運転とみなされ、評価が低下した。
255,Train11,次駅への減速フェーズ（駅手前400m以内）,惰行中,1.0,ブレーキ（減速）,15.0,70.0,70.0,10.0,70.0,5.4,0.0,5.361102334269932,15.0,0.0,この先制限速度なし,この先目立った勾配なし,先行列車なし,後続列車なし,0.2,次駅減速フェーズでブレーキせず惰行を続け、低速走行で遅延を拡大させているため0.2とした。
256,Train11,次駅への減速フェーズ（駅手前400m以内）,惰行中,1.0,ブレーキ（減速）,4.0,70.0,70.0,10.0,10.0,15.4,11.1,5.361102334269932,0.0,0.0,この先制限速度なし,この先目立った勾配なし,先行列車なし,後続列車なし,1.0,次駅減速フェーズでrequired_speedと一致する10km/hで惰行し、制限速度・CBTC遵守、停止位置も確保でき、ノコギリ運転や余分な加速がなく最高評価とした。
257,Train11,次駅への減速フェーズ（駅手前400m以内）,惰行中,1.0,ブレーキ（減速）,4.0,70.0,70.0,10.0,70.0,15.4,0.0,5.361102334269932,15.0,0.0,この先制限速度なし,この先目立った勾配なし,先行列車なし,後続列車なし,0.2,低速で惰行を続け、ブレーキ未実施かつCBTC信号変化なしのため次駅減速フェーズに不適切で、2秒のノコギリ運転と判定し上限0.3点に抑える。
258,Train11,次駅への減速フェーズ（駅手前400m以内）,惰行中,1.0,ブレーキ（減速）,15.0,70.0,70.0,10.0,10.0,15.4,11.1,5.361102334269932,0.0,0.0,この先制限速度なし,この先目立った勾配なし,先行列車なし,後続列車なし,1.0,減速フェーズでdelta_stopが正であり、required_speedと一致した惰行はCBTC・制限速度を遵守し、不要な加速もなく適切と判断した。
259,Train11,次駅への減速フェーズ（駅手前400m以内）,惰行中,1.0,ブレーキ（減速）,15.0,70.0,70.0,10.0,70.0,15.4,0.0,5.361102334269932,15.0,0.0,この先制限速度なし,この先目立った勾配なし,先行列車なし,後続列車なし,0.1,次駅減速フェーズで低速惰行が続き、遅延を増大させるちんたら運転と判断し0.1点とした。
260,Train11,次駅への減速フェーズ（駅手前400m以内）,惰行中,1.0,ブレーキ（減速）,4.0,70.0,70.0,10.0,10.0,30.4,21.9,5.361102334269932,0.0,0.0,この先制限速度なし,この先目立った勾配なし,先行列車なし,後続列車なし,1.0,制限速度・CBTC遵守、停止位置は十分に確保され、次駅減速フェーズで必要速度を維持し惰行が適切に行われているため最高評価とした。
261,Train11,次駅への減速フェーズ（駅手前400m以内）,惰行中,1.0,ブレーキ（減速）,4.0,70.0,70.0,10.0,70.0,30.4,0.0,5.361102334269932,15.0,0.0,この先制限速度なし,この先目立った勾配なし,先行列車なし,後続列車なし,0.1,次駅減速フェーズで低速惰行を続け、ブレーキから1秒で切替えたためノコギリ運転とみなされ上限0.3点、遅延増大でさらに減点し0.1点とした。
262,Train11,次駅への減速フェーズ（駅手前400m以内）,惰行中,1.0,ブレーキ（減速）,15.0,70.0,70.0,10.0,10.0,30.4,21.9,5.361102334269932,0.0,0.0,この先制限速度なし,この先目立った勾配なし,先行列車なし,後続列車なし,1.0,次駅減速フェーズでrequired_speedと一致した惰行を維持し、制限速度・CBTCを遵守、停止位置も適切に確保できているため高評価。
263,Train11,次駅への減速フェーズ（駅手前400m以内）,惰行中,1.0,ブレーキ（減速）,15.0,70.0,70.0,10.0,70.0,30.4,0.0,5.361102334269932,15.0,0.0,この先制限速度なし,この先目立った勾配なし,先行列車なし,後続列車なし,0.2,次駅減速フェーズでブレーキせず低速惰行を続け、遅延とエネルギー無駄が顕著なため0.2点とした。
264,Train11,次駅への減速フェーズ（駅手前400m以内）,惰行中,1.0,ブレーキ（減速）,4.0,70.0,70.0,20.0,20.0,6.4,2.3,21.3739727373643,0.0,0.0,この先制限速度なし,この先目立った勾配なし,先行列車なし,後続列車なし,0.0,delta_stopが-14.97mでブレーキをかけておらず、オーバーランがほぼ確実と判断されたため、即時0点ルールが適用されrewardは0.0となった。
265,Train11,次駅への減速フェーズ（駅手前400m以内）,惰行中,1.0,ブレーキ（減速）,4.0,70.0,70.0,20.0,70.0,6.4,0.0,21.3739727373643,15.0,0.0,この先制限速度なし,この先目立った勾配なし,先行列車なし,後続列車なし,0.0,delta_stopが-14.97mでブレーキ未実施のためオーバーランが確実で、即時0点規則が適用される。
266,Train11,次駅への減速フェーズ（駅手前400m以内）,惰行中,1.0,ブレーキ（減速）,15.0,70.0,70.0,20.0,20.0,6.4,2.3,21.3739727373643,0.0,0.0,この先制限速度なし,この先目立った勾配なし,先行列車なし,後続列車なし,0.0,delta_stopが-14.97mでブレーキ未実施、即時0点ルールに該当しオーバーランリスクが確実なためreward=0.0とした。
267,Train11,次駅への減速フェーズ（駅手前400m以内）,惰行中,1.0,ブレーキ（減速）,15.0,70.0,70.0,20.0,70.0,6.4,0.0,21.3739727373643,15.0,0.0,この先制限速度なし,この先目立った勾配なし,先行列車なし,後続列車なし,0.0,delta_stopが-14.97mでブレーキをかけておらず、駅手前でのオーバーランがほぼ確実と判断し、即時0点とした。
268,Train11,次駅への減速フェーズ（駅手前400m以内）,惰行中,1.0,ブレーキ（減速）,4.0,70.0,70.0,20.0,20.0,16.4,5.9,21.3739727373643,0.0,0.0,この先制限速度なし,この先目立った勾配なし,先行列車なし,後続列車なし,0.0,delta_stopが-4.97mでブレーキせず惰行を続け、停止位置が確保できず過走リスクがあるためrewardを0.0とした。
269,Train11,次駅への減速フェーズ（駅手前400m以内）,惰行中,1.0,ブレーキ（減速）,4.0,70.0,70.0,20.0,70.0,16.4,0.0,21.3739727373643,15.0,0.0,この先制限速度なし,この先目立った勾配なし,先行列車なし,後続列車なし,0.1,減速フェーズでブレーキせず惰行を続け、delta_stopが-4.97mで停止が不可能な上、ノコギリ運転と判定され上限0.3点となり0.1点に設定。
270,Train11,次駅への減速フェーズ（駅手前400m以内）,惰行中,1.0,ブレーキ（減速）,15.0,70.0,70.0,20.0,20.0,16.4,5.9,21.3739727373643,0.0,0.0,この先制限速度なし,この先目立った勾配なし,先行列車なし,後続列車なし,0.0,次駅減速フェーズでブレーキ未実施かつdelta_stopが-4.97mでオーバーランリスクが高く、安全上重大な問題のためrewardを0.0とした。
271,Train11,次駅への減速フェーズ（駅手前400m以内）,惰行中,1.0,ブレーキ（減速）,15.0,70.0,70.0,20.0,70.0,16.4,0.0,21.3739727373643,15.0,0.0,この先制限速度なし,この先目立った勾配なし,先行列車なし,後続列車なし,0.0,停止位置が過走状態でブレーキ未実施、減速フェーズに不適切な惰行となっているため、0.0点とした。
272,Train11,次駅への減速フェーズ（駅手前400m以内）,惰行中,1.0,ブレーキ（減速）,4.0,70.0,70.0,20.0,20.0,21.4,7.7,21.3739727373643,0.0,0.0,この先制限速度なし,この先目立った勾配なし,先行列車なし,後続列車なし,0.2,ブレーキ後すぐ惰行への切替が合理的理由なく2秒で反転しノコギリ運転と判定、かつ低速惰行がちんたら運転と評価されたためrewardを0.2とした。
273,Train11,次駅への減速フェーズ（駅手前400m以内）,惰行中,1.0,ブレーキ（減速）,4.0,70.0,70.0,20.0,70.0,21.4,0.0,21.3739727373643,15.0,0.0,この先制限速度なし,この先目立った勾配なし,先行列車なし,後続列車なし,0.2,次駅減速フェーズで低速惰行が続きブレーキ未実施、かつノコギリ運転と判定されたため、rewardは0.2に抑える。
274,Train11,次駅への減速フェーズ（駅手前400m以内）,惰行中,1.0,ブレーキ（減速）,15.0,70.0,70.0,20.0,20.0,21.4,7.7,21.3739727373643,0.0,0.0,この先制限速度なし,この先目立った勾配なし,先行列車なし,後続列車なし,1.0,次駅減速フェーズでdelta_stopが0.03mと正確で、惰行は適切かつ速度制限・CBTCを遵守しているため高評価とした。
275,Train11,次駅への減速フェーズ（駅手前400m以内）,惰行中,1.0,ブレーキ（減速）,15.0,70.0,70.0,20.0,70.0,21.4,0.0,21.3739727373643,15.0,0.0,この先制限速度なし,この先目立った勾配なし,先行列車なし,後続列車なし,0.2,現在20km/hの低速惰行が続き、delta_stopは正でも速度が25km/h未満のまま停止位置へ向かうため遅延を増大させるちんたら運転と判断し0.2とした。
276,Train11,次駅への減速フェーズ（駅手前400m以内）,惰行中,1.0,ブレーキ（減速）,4.0,70.0,70.0,20.0,20.0,31.4,11.3,21.3739727373643,0.0,0.0,この先制限速度なし,この先目立った勾配なし,先行列車なし,後続列車なし,0.1,ノコギリ運転と低速惰行によるちんたら運転と判断し、上限0.3に制限されさらに遅延が大きいため0.1とした。
277,Train11,次駅への減速フェーズ（駅手前400m以内）,惰行中,1.0,ブレーキ（減速）,4.0,70.0,70.0,20.0,70.0,31.4,0.0,21.3739727373643,15.0,0.0,この先制限速度なし,この先目立った勾配なし,先行列車なし,後続列車なし,0.2,低速20km/hで惰行を続け遅延を増大させたちんたら運転と判断し、0.2点とした。
278,Train11,次駅への減速フェーズ（駅手前400m以内）,惰行中,1.0,ブレーキ（減速）,15.0,70.0,70.0,20.0,20.0,31.4,11.3,21.3739727373643,0.0,0.0,この先制限速度なし,この先目立った勾配なし,先行列車なし,後続列車なし,0.2,次駅減速フェーズでrequired_speedと同等の20km/hだが、低速で惰行を続け先行列車もなく遅延を増大させるちんたら運転と判断し0.2とした。
279,Train11,次駅への減速フェーズ（駅手前400m以内）,惰行中,1.0,ブレーキ（減速）,15.0,70.0,70.0,20.0,70.0,31.4,0.0,21.3739727373643,15.0,0.0,この先制限速度なし,この先目立った勾配なし,先行列車なし,後続列車なし,0.2,次駅減速フェーズで20km/hの惰行が続き、delta_stopは正で停止は可能だが遅延拡大のちんたら運転と判断し0.2点とした。
280,Train11,次駅への減速フェーズ（駅手前400m以内）,惰行中,1.0,ブレーキ（減速）,4.0,70.0,70.0,20.0,20.0,46.4,16.7,21.3739727373643,0.0,0.0,この先制限速度なし,この先目立った勾配なし,先行列車なし,後続列車なし,1.0,次駅減速フェーズでrequired_speedと一致し惰行が適切、制限速度・CBTC遵守、停止位置も確保できるため最高評価とした。
281,Train11,次駅への減速フェーズ（駅手前400m以内）,惰行中,1.0,ブレーキ（減速）,4.0,70.0,70.0,20.0,70.0,46.4,0.0,21.3739727373643,15.0,0.0,この先制限速度なし,この先目立った勾配なし,先行列車なし,後続列車なし,0.2,現在速度20km/hで惰行を続け、delta_stopが正で先行列車もなく遅延を増大させるちんたら運転と判断し、0.2とした。
282,Train11,次駅への減速フェーズ（駅手前400m以内）,惰行中,1.0,ブレーキ（減速）,15.0,70.0,70.0,20.0,20.0,46.4,16.7,21.3739727373643,0.0,0.0,この先制限速度なし,この先目立った勾配なし,先行列車なし,後続列車なし,0.2,先行列車なしで低速20km/hの惰行を続け、停止位置まで余裕があるにも関わらず遅延を増すちんたら運転と判断し0.2点とした。
283,Train11,次駅への減速フェーズ（駅手前400m以内）,惰行中,1.0,ブレーキ（減速）,15.0,70.0,70.0,20.0,70.0,46.4,0.0,21.3739727373643,15.0,0.0,この先制限速度なし,この先目立った勾配なし,先行列車なし,後続列車なし,0.2,次駅減速フェーズでdelta_stop≥0なのに20km/h以下で惰行を続け、遅延増大のちんたら運転と判断した。
284,Train11,次駅への減速フェーズ（駅手前400m以内）,惰行中,1.0,ブレーキ（減速）,4.0,70.0,70.0,30.0,30.0,32.9,7.9,47.89420822240694,0.0,0.0,この先制限速度なし,この先目立った勾配なし,先行列車なし,後続列車なし,0.0,delta_stopが-14.99mでブレーキ未実施のため即時オーバーランリスクと判定し、安全上重大な違反とみなしたためrewardを0.0とした。
285,Train11,次駅への減速フェーズ（駅手前400m以内）,惰行中,1.0,ブレーキ（減速）,4.0,70.0,70.0,30.0,70.0,32.9,0.0,47.89420822240694,15.0,0.0,この先制限速度なし,この先目立った勾配なし,先行列車なし,後続列車なし,0.0,減速フェーズでブレーキせず惰行を続け、delta_stopが-14.99mとオーバーランリスクが高く即時0点と判断。
286,Train11,次駅への減速フェーズ（駅手前400m以内）,惰行中,1.0,ブレーキ（減速）,15.0,70.0,70.0,30.0,30.0,32.9,7.9,47.89420822240694,0.0,0.0,この先制限速度なし,この先目立った勾配なし,先行列車なし,後続列車なし,0.0,delta_stopが-14.99mでブレーキをかけておらず、オーバーランがほぼ確実なため即reward0.0ルールが適用される。
287,Train11,次駅への減速フェーズ（駅手前400m以内）,惰行中,1.0,ブレーキ（減速）,15.0,70.0,70.0,30.0,70.0,32.9,0.0,47.89420822240694,15.0,0.0,この先制限速度なし,この先目立った勾配なし,先行列車なし,後続列車なし,0.0,delta_stopが-14.99mでブレーキ未実施のためオーバーランが確実と判断し、即時0点とした。
288,Train11,次駅への減速フェーズ（駅手前400m以内）,惰行中,1.0,ブレーキ（減速）,4.0,70.0,70.0,30.0,30.0,42.9,10.3,47.89420822240694,0.0,0.0,この先制限速度なし,この先目立った勾配なし,先行列車なし,後続列車なし,0.0,delta_stopが-4.99mでブレーキをかけていないためオーバーランリスクが高く、即reward0.0ルールが適用される。
289,Train11,次駅への減速フェーズ（駅手前400m以内）,惰行中,1.0,ブレーキ（減速）,4.0,70.0,70.0,30.0,70.0,42.9,0.0,47.89420822240694,15.0,0.0,この先制限速度なし,この先目立った勾配なし,先行列車なし,後続列車なし,0.0,停止位置が過走リスク領域にありブレーキ未実施、かつ2秒の短時間でブレーキ→惰行の反転でノコギリ運転と判定されたため安全性と効率性が著しく欠如し、rewardは0.0とした。
290,Train11,次駅への減速フェーズ（駅手前400m以内）,惰行中,1.0,ブレーキ（減速）,15.0,70.0,70.0,30.0,30.0,42.9,10.3,47.89420822240694,0.0,0.0,この先制限速度なし,この先目立った勾配なし,先行列車なし,後続列車なし,0.0,停止位置が負のΔでブレーキ未実施、減速フェーズで惰行は不適切であり、オーバーランリスクが高いためrewardを0.0とした。
291,Train11,次駅への減速フェーズ（駅手前400m以内）,惰行中,1.0,ブレーキ（減速）,15.0,70.0,70.0,30.0,70.0,42.9,0.0,47.89420822240694,15.0,0.0,この先制限速度なし,この先目立った勾配なし,先行列車なし,後続列車なし,0.0,delta_stopが-4.99mでブレーキ未実施のまま惰行しており、オーバーランリスクが高いため即時0点とした。
292,Train11,次駅への減速フェーズ（駅手前400m以内）,惰行中,1.0,ブレーキ（減速）,4.0,70.0,70.0,30.0,30.0,47.9,11.5,47.89420822240694,0.0,0.0,この先制限速度なし,この先目立った勾配なし,先行列車なし,後続列車なし,0.2,ノコギリ運転と判定され、prev_notch_durationが4秒のためreward上限が0.1〜0.3に制限され、他は適切なので0.2とした。
293,Train11,次駅への減速フェーズ（駅手前400m以内）,惰行中,1.0,ブレーキ（減速）,4.0,70.0,70.0,30.0,70.0,47.9,0.0,47.89420822240694,15.0,0.0,この先制限速度なし,この先目立った勾配なし,先行列車なし,後続列車なし,0.3,減速→惰行への短時間切替が合理的理由なく行われ、2〜5秒のノコギリ運転と判定されたため上限0.3点となった。
294,Train11,次駅への減速フェーズ（駅手前400m以内）,惰行中,1.0,ブレーキ（減速）,15.0,70.0,70.0,30.0,30.0,47.9,11.5,47.89420822240694,0.0,0.0,この先制限速度なし,この先目立った勾配なし,先行列車なし,後続列車なし,1.0,delta_stopが0.01mで許容範囲内、速度は制限・CBTC内、ノコギリ運転なし、減速フェーズで惰行は適切と判断し最高評価とした。
295,Train11,次駅への減速フェーズ（駅手前400m以内）,惰行中,1.0,ブレーキ（減速）,15.0,70.0,70.0,30.0,70.0,47.9,0.0,47.89420822240694,15.0,0.0,この先制限速度なし,この先目立った勾配なし,先行列車なし,後続列車なし,1.0,次駅減速フェーズでdelta_stopが正のためブレーキ不要と判断し、惰行は安全かつ省エネであり、速度・信号・制限をすべて遵守しているため高評価とした。
296,Train11,次駅への減速フェーズ（駅手前400m以内）,惰行中,1.0,ブレーキ（減速）,4.0,70.0,70.0,30.0,30.0,57.9,13.9,47.89420822240694,0.0,0.0,この先制限速度なし,この先目立った勾配なし,先行列車なし,後続列車なし,0.2,ノコギリ運転と判定され、prev_notch_durationが4秒で上限0.3点となるため、他は適切とし0.2点とした。
297,Train11,次駅への減速フェーズ（駅手前400m以内）,惰行中,1.0,ブレーキ（減速）,4.0,70.0,70.0,30.0,70.0,57.9,0.0,47.89420822240694,15.0,0.0,この先制限速度なし,この先目立った勾配なし,先行列車なし,後続列車なし,0.3,ノコギリ運転と判定され、prev_notch_durationが4秒のためreward上限0.3とし、他項目は問題なし。
298,Train11,次駅への減速フェーズ（駅手前400m以内）,惰行中,1.0,ブレーキ（減速）,15.0,70.0,70.0,30.0,30.0,57.9,13.9,47.89420822240694,0.0,0.0,この先制限速度なし,この先目立った勾配なし,先行列車なし,後続列車なし,1.0,次駅減速フェーズでdelta_stopが正であり、速度は信号・制限内、不要な加速もなく適切に惰行しているため高評価。
299,Train11,次駅への減速フェーズ（駅手前400m以内）,惰行中,1.0,ブレーキ（減速）,15.0,70.0,70.0,30.0,70.0,57.9,0.0,47.89420822240694,15.0,0.0,この先制限速度なし,この先目立った勾配なし,先行列車なし,後続列車なし,0.8,次駅減速フェーズでdelta_stopが正でブレーキ未実施は許容、速度・CBTC遵守、ノコギリ運転なしだが15秒遅延のためやや減点し0.8とした。
300,Train11,次駅への減速フェーズ（駅手前400m以内）,惰行中,1.0,ブレーキ（減速）,4.0,70.0,70.0,30.0,30.0,72.9,17.5,47.89420822240694,0.0,0.0,この先制限速度なし,この先目立った勾配なし,先行列車なし,後続列車なし,0.3,直前のブレーキから惰行への切替が2秒未満で持続時間も7秒未満、合理的理由がなくノコギリ運転と判定され、上限0.3点に制限されたため。
301,Train11,次駅への減速フェーズ（駅手前400m以内）,惰行中,1.0,ブレーキ（減速）,4.0,70.0,70.0,30.0,70.0,72.9,0.0,47.89420822240694,15.0,0.0,この先制限速度なし,この先目立った勾配なし,先行列車なし,後続列車なし,0.1,ブレーキ後すぐ惰行へ切替が2秒未満で合理的理由なくノコギリ運転と判定され、遅延拡大の低速走行もあるため上限0.3点に抑え最終評価は0.1点。
302,Train11,次駅への減速フェーズ（駅手前400m以内）,惰行中,1.0,ブレーキ（減速）,15.0,70.0,70.0,30.0,30.0,72.9,17.5,47.89420822240694,0.0,0.0,この先制限速度なし,この先目立った勾配なし,先行列車なし,後続列車なし,1.0,次駅減速フェーズでdelta_stopが正、速度は制限・CBTC内、不要な加速なし、ノコギリ運転もなく安全かつ省エネと判断し最高評価とした。
303,Train11,次駅への減速フェーズ（駅手前400m以内）,惰行中,1.0,ブレーキ（減速）,15.0,70.0,70.0,30.0,70.0,72.9,0.0,47.89420822240694,15.0,0.0,この先制限速度なし,この先目立った勾配なし,先行列車なし,後続列車なし,0.5,現在速度30km/hがrequired_speed70km/hに大きく不足し、15秒の遅延が生じているため定時性が著しく低下し、評価を0.5とした。
304,Train11,次駅への減速フェーズ（駅手前400m以内）,惰行中,1.0,ブレーキ（減速）,4.0,70.0,70.0,40.0,40.0,69.7,12.5,84.72790268989202,0.0,0.0,この先制限速度なし,この先目立った勾配なし,先行列車なし,後続列車なし,0.0,delta_stopが-15.03mでブレーキせず惰行しているためオーバーランが確実で、即時0点とした。
305,Train11,次駅への減速フェーズ（駅手前400m以内）,惰行中,1.0,ブレーキ（減速）,4.0,70.0,70.0,40.0,70.0,69.7,0.0,84.72790268989202,15.0,0.0,この先制限速度なし,この先目立った勾配なし,先行列車なし,後続列車なし,0.0,delta_stopが-15.03mでブレーキ未実施のためオーバーランが確実と判断し即0.0評価。
306,Train11,次駅への減速フェーズ（駅手前400m以内）,惰行中,1.0,ブレーキ（減速）,15.0,70.0,70.0,40.0,40.0,69.7,12.5,84.72790268989202,0.0,0.0,この先制限速度なし,この先目立った勾配なし,先行列車なし,後続列車なし,0.0,delta_stopが-15.03mでブレーキ未実施のため即時ゼロルール違反と判定し、rewardは0.0とした。
307,Train11,次駅への減速フェーズ（駅手前400m以内）,惰行中,1.0,ブレーキ（減速）,15.0,70.0,70.0,40.0,70.0,69.7,0.0,84.72790268989202,15.0,0.0,この先制限速度なし,この先目立った勾配なし,先行列車なし,後続列車なし,0.0,delta_stopが-15.03mでブレーキ未実施、オーバーランリスクが高く即時0点規則に該当するためreward=0.0。
308,Train11,次駅への減速フェーズ（駅手前400m以内）,惰行中,1.0,ブレーキ（減速）,4.0,70.0,70.0,40.0,40.0,79.7,14.3,84.72790268989202,0.0,0.0,この先制限速度なし,この先目立った勾配なし,先行列車なし,後続列車なし,0.0,delta_stopが-5.03mでブレーキ未実施のためオーバーランが確実と判断し即時0点とした。
309,Train11,次駅への減速フェーズ（駅手前400m以内）,惰行中,1.0,ブレーキ（減速）,4.0,70.0,70.0,40.0,70.0,79.7,0.0,84.72790268989202,15.0,0.0,この先制限速度なし,この先目立った勾配なし,先行列車なし,後続列車なし,0.0,δ_stop が -5m 未満でブレーキしていないためオーバーランリスクが確実と判断し、即時0点とした。
310,Train11,次駅への減速フェーズ（駅手前400m以内）,惰行中,1.0,ブレーキ（減速）,15.0,70.0,70.0,40.0,40.0,79.7,14.3,84.72790268989202,0.0,0.0,この先制限速度なし,この先目立った勾配なし,先行列車なし,後続列車なし,0.0,delta_stopが-5.03mでブレーキせず惰行しており、オーバーランがほぼ確実なため即時0点とした。
311,Train11,次駅への減速フェーズ（駅手前400m以内）,惰行中,1.0,ブレーキ（減速）,15.0,70.0,70.0,40.0,70.0,79.7,0.0,84.72790268989202,15.0,0.0,この先制限速度なし,この先目立った勾配なし,先行列車なし,後続列車なし,0.0,delta_stopが-5.03mでブレーキ未実施、オーバーランが確実と判断し即時0点とした。
312,Train11,次駅への減速フェーズ（駅手前400m以内）,惰行中,1.0,ブレーキ（減速）,4.0,70.0,70.0,40.0,70.0,84.7,15.2,84.72790268989202,0.0,0.0,この先制限速度なし,この先目立った勾配なし,先行列車なし,後続列車なし,0.2,減速フェーズでブレーキせず惰行に切り替え、保持時間が短くノコギリ運転と判定されたため、reward上限0.3に抑え0.2とした。
313,Train11,次駅への減速フェーズ（駅手前400m以内）,惰行中,1.0,ブレーキ（減速）,4.0,70.0,70.0,40.0,70.0,84.7,0.0,84.72790268989202,15.0,0.0,この先制限速度なし,この先目立った勾配なし,先行列車なし,後続列車なし,0.2,次駅減速フェーズでブレーキをかけず惰行に切り替え、ノコギリ運転とブレーキ遅れが判定され、上限0.3点となり0.2点とした。
314,Train11,次駅への減速フェーズ（駅手前400m以内）,惰行中,1.0,ブレーキ（減速）,15.0,70.0,70.0,40.0,70.0,84.7,15.2,84.72790268989202,0.0,0.0,この先制限速度なし,この先目立った勾配なし,先行列車なし,後続列車なし,0.5,次駅減速フェーズでブレーキせず惰行を続け、delta_stopが-0.03mでやや遅れが生じたため評価を0.5とした。
315,Train11,次駅への減速フェーズ（駅手前400m以内）,惰行中,1.0,ブレーキ（減速）,15.0,70.0,70.0,40.0,70.0,84.7,0.0,84.72790268989202,15.0,0.0,この先制限速度なし,この先目立った勾配なし,先行列車なし,後続列車なし,0.7,次駅減速フェーズでブレーキせず惰行を続け、delta_stopが-0.03mと僅かに過走したためやや減点し、rewardを0.7とした。
316,Train11,次駅への減速フェーズ（駅手前400m以内）,惰行中,1.0,ブレーキ（減速）,4.0,70.0,70.0,40.0,40.0,94.7,17.0,84.72790268989202,0.0,0.0,この先制限速度なし,この先目立った勾配なし,先行列車なし,後続列車なし,0.2,ブレーキから惰行への短時間反転が合理的理由なく行われ、ノコギリ運転と判定され上限0.3点に抑えられたため。
317,Train11,次駅への減速フェーズ（駅手前400m以内）,惰行中,1.0,ブレーキ（減速）,4.0,70.0,70.0,40.0,70.0,94.7,0.0,84.72790268989202,15.0,0.0,この先制限速度なし,この先目立った勾配なし,先行列車なし,後続列車なし,0.2,ノコギリ運転と判定され、prev_notch_durationが4秒で上限0.3点となり、他は問題なし。
318,Train11,次駅への減速フェーズ（駅手前400m以内）,惰行中,1.0,ブレーキ（減速）,15.0,70.0,70.0,40.0,40.0,94.7,17.0,84.72790268989202,0.0,0.0,この先制限速度なし,この先目立った勾配なし,先行列車なし,後続列車なし,0.5,減速フェーズでブレーキ開始が遅れ、惰行継続は停止位置に間に合わずオーバーランリスクがあるため評価を低減し0.5とした。
319,Train11,次駅への減速フェーズ（駅手前400m以内）,惰行中,1.0,ブレーキ（減速）,15.0,70.0,70.0,40.0,70.0,94.7,0.0,84.72790268989202,15.0,0.0,この先制限速度なし,この先目立った勾配なし,先行列車なし,後続列車なし,1.0,次駅減速フェーズでdelta_stopが正、速度制限・CBTC遵守、ノコギリ運転なしで適切に惰行しているため高評価とした。
320,Train11,次駅への減速フェーズ（駅手前400m以内）,惰行中,1.0,ブレーキ（減速）,4.0,70.0,70.0,40.0,40.0,109.7,19.7,84.72790268989202,0.0,0.0,この先制限速度なし,この先目立った勾配なし,先行列車なし,後続列車なし,0.2,ノコギリ運転と判定され、前のブレーキ継続が4秒で保持時間が7秒未満のため、rewardは上限0.3に制限され、他項目は全て適合したため0.2とした。
321,Train11,次駅への減速フェーズ（駅手前400m以内）,惰行中,1.0,ブレーキ（減速）,4.0,70.0,70.0,40.0,70.0,109.7,0.0,84.72790268989202,15.0,0.0,この先制限速度なし,この先目立った勾配なし,先行列車なし,後続列車なし,0.2,前ブレーキから1秒の惰行への短時間切替が合理的理由なくノコギリ運転と判定され、上限0.3点に加えて遅延拡大のため0.2点とした。
322,Train11,次駅への減速フェーズ（駅手前400m以内）,惰行中,1.0,ブレーキ（減速）,15.0,70.0,70.0,40.0,40.0,109.7,19.7,84.72790268989202,0.0,0.0,この先制限速度なし,この先目立った勾配なし,先行列車なし,後続列車なし,1.0,減速フェーズで必要速度と一致する惰行を維持し、停止位置も確保できているため安全かつ省エネと判断し最高評価とした。
323,Train11,次駅への減速フェーズ（駅手前400m以内）,惰行中,1.0,ブレーキ（減速）,15.0,70.0,70.0,40.0,70.0,109.7,0.0,84.72790268989202,15.0,0.0,この先制限速度なし,この先目立った勾配なし,先行列車なし,後続列車なし,0.3,次駅減速フェーズでrequired_speed 70km/hに対し40km/hの惰行を続け、停止位置が確保できず遅延が拡大するため低評価とした。
324,Train11,次駅への減速フェーズ（駅手前400m以内）,惰行中,1.0,ブレーキ（減速）,4.0,70.0,70.0,50.0,50.0,116.6,16.8,131.6349551522256,0.0,0.0,この先制限速度なし,この先目立った勾配なし,先行列車なし,後続列車なし,0.0,delta_stopが-15.03mでブレーキせず惰行しているため、オーバーランが確実で即時0点とした。
325,Train11,次駅への減速フェーズ（駅手前400m以内）,惰行中,1.0,ブレーキ（減速）,4.0,70.0,70.0,50.0,70.0,116.6,0.0,131.6349551522256,15.0,0.0,この先制限速度なし,この先目立った勾配なし,先行列車なし,後続列車なし,0.0,delta_stopが-15.03mでブレーキ未実施、減速フェーズに不適切な惰行は安全上重大違反で即0点と判定。
326,Train11,次駅への減速フェーズ（駅手前400m以内）,惰行中,1.0,ブレーキ（減速）,15.0,70.0,70.0,50.0,50.0,116.6,16.8,131.6349551522256,0.0,0.0,この先制限速度なし,この先目立った勾配なし,先行列車なし,後続列車なし,0.0,delta_stopが-15.03mでブレーキ未実施、オーバーランが確実なため安全上重大な違反と判断し即時0点とした。
327,Train11,次駅への減速フェーズ（駅手前400m以内）,惰行中,1.0,ブレーキ（減速）,15.0,70.0,70.0,50.0,70.0,116.6,0.0,131.6349551522256,15.0,0.0,この先制限速度なし,この先目立った勾配なし,先行列車なし,後続列車なし,0.0,delta_stopが-15.03mでブレーキ未実施のためオーバーランが確実で、即時0点ルールが適用される。
328,Train11,次駅への減速フェーズ（駅手前400m以内）,惰行中,1.0,ブレーキ（減速）,4.0,70.0,70.0,50.0,50.0,126.6,18.2,131.6349551522256,0.0,0.0,この先制限速度なし,この先目立った勾配なし,先行列車なし,後続列車なし,0.0,delta_stopが-5.03mでブレーキをかけておらず、駅手前でのオーバーランがほぼ確実なため、即時0点ルールが適用されrewardは0.0とした。
329,Train11,次駅への減速フェーズ（駅手前400m以内）,惰行中,1.0,ブレーキ（減速）,4.0,70.0,70.0,50.0,70.0,126.6,0.0,131.6349551522256,15.0,0.0,この先制限速度なし,この先目立った勾配なし,先行列車なし,後続列車なし,0.0,delta_stopが-5.03mでブレーキ未実施のまま惰行しており、オーバーランが確実なため即時0点とした。
330,Train11,次駅への減速フェーズ（駅手前400m以内）,惰行中,1.0,ブレーキ（減速）,15.0,70.0,70.0,50.0,50.0,126.6,18.2,131.6349551522256,0.0,0.0,この先制限速度なし,この先目立った勾配なし,先行列車なし,後続列車なし,0.0,delta_stopが-5.03mでブレーキ未実施のためオーバーランが確実と判断し即0.0ルールが適用された。
331,Train11,次駅への減速フェーズ（駅手前400m以内）,惰行中,1.0,ブレーキ（減速）,15.0,70.0,70.0,50.0,70.0,126.6,0.0,131.6349551522256,15.0,0.0,この先制限速度なし,この先目立った勾配なし,先行列車なし,後続列車なし,0.0,delta_stopが-5.03mでブレーキ未実施のため、オーバーランが確実で安全違反となり即時0点とする。
332,Train11,次駅への減速フェーズ（駅手前400m以内）,惰行中,1.0,ブレーキ（減速）,4.0,70.0,70.0,50.0,70.0,131.6,19.0,131.6349551522256,0.0,0.0,この先制限速度なし,この先目立った勾配なし,先行列車なし,後続列車なし,0.2,ノコギリ運転とブレーキ未実施が評価を下げ、上限0.3に抑えて0.2とした。
333,Train11,次駅への減速フェーズ（駅手前400m以内）,惰行中,1.0,ブレーキ（減速）,4.0,70.0,70.0,50.0,70.0,131.6,0.0,131.6349551522256,15.0,0.0,この先制限速度なし,この先目立った勾配なし,先行列車なし,後続列車なし,0.2,減速開始すべきタイミングで惰行に切り替え、持続時間が短く逆転操作でノコギリ運転と判定され、上限0.3点に抑えたため0.2とした。
334,Train11,次駅への減速フェーズ（駅手前400m以内）,惰行中,1.0,ブレーキ（減速）,15.0,70.0,70.0,50.0,70.0,131.6,19.0,131.6349551522256,0.0,0.0,この先制限速度なし,この先目立った勾配なし,先行列車なし,後続列車なし,0.5,次駅減速フェーズでブレーキすべきタイミングを過ぎて惰行しており、停止位置が僅かに過小でやや減点となる。
335,Train11,次駅への減速フェーズ（駅手前400m以内）,惰行中,1.0,ブレーキ（減速）,15.0,70.0,70.0,50.0,70.0,131.6,0.0,131.6349551522256,15.0,0.0,この先制限速度なし,この先目立った勾配なし,先行列車なし,後続列車なし,0.5,次駅減速フェーズでdelta_stopが-0.03mとほぼ停止点に達しているのに惰行を続け、ブレーキ未実施で遅延が残るため中程度の減点とした。
336,Train11,次駅への減速フェーズ（駅手前400m以内）,惰行中,1.0,ブレーキ（減速）,4.0,70.0,70.0,50.0,50.0,141.6,20.4,131.6349551522256,0.0,0.0,この先制限速度なし,この先目立った勾配なし,先行列車なし,後続列車なし,0.2,ブレーキから惰行への短時間切替（保持1.0秒、前ノッチ4.0秒）がノコギリ運転と判定され、上限0.3点に抑えられたため低評価。
337,Train11,次駅への減速フェーズ（駅手前400m以内）,惰行中,1.0,ブレーキ（減速）,4.0,70.0,70.0,50.0,70.0,141.6,0.0,131.6349551522256,15.0,0.0,この先制限速度なし,この先目立った勾配なし,先行列車なし,後続列車なし,0.2,直前のブレーキから1秒の惰行への切替が保持時間7秒未満で合理的理由なく逆転しているためノコギリ運転と判定し上限0.3点に抑え、遅延解消せず惰行が続く点で更に減点し0.2とした。
338,Train11,次駅への減速フェーズ（駅手前400m以内）,惰行中,1.0,ブレーキ（減速）,15.0,70.0,70.0,50.0,50.0,141.6,20.4,131.6349551522256,0.0,0.0,この先制限速度なし,この先目立った勾配なし,先行列車なし,後続列車なし,1.0,次駅減速フェーズでdelta_stopが正であり、required_speedと一致した惰行はCBTC・制限速度を遵守し、停止位置も適切に保たれるため高評価とした。
339,Train11,次駅への減速フェーズ（駅手前400m以内）,惰行中,1.0,ブレーキ（減速）,15.0,70.0,70.0,50.0,70.0,141.6,0.0,131.6349551522256,15.0,0.0,この先制限速度なし,この先目立った勾配なし,先行列車なし,後続列車なし,1.0,次駅減速フェーズでdelta_stopが正でブレーキ未実施でも安全であり、速度超過やノコギリ運転がなく、全体として適切と判断した。
340,Train11,次駅への減速フェーズ（駅手前400m以内）,惰行中,1.0,ブレーキ（減速）,4.0,70.0,70.0,50.0,50.0,156.6,22.6,131.6349551522256,0.0,0.0,この先制限速度なし,この先目立った勾配なし,先行列車なし,後続列車なし,0.3,ノコギリ運転と判定され、前回のブレーキ継続時間が4秒で保持時間が1秒と条件を満たすため、reward上限は0.3点に制限され、他の評価項目は全てOKです。
341,Train11,次駅への減速フェーズ（駅手前400m以内）,惰行中,1.0,ブレーキ（減速）,4.0,70.0,70.0,50.0,70.0,156.6,0.0,131.6349551522256,15.0,0.0,この先制限速度なし,この先目立った勾配なし,先行列車なし,後続列車なし,0.1,減速から惰行への不合理な切替がノコギリ運転と判定され、上限0.3に抑え、15秒遅延でさらに低評価とし0.1とした。
342,Train11,次駅への減速フェーズ（駅手前400m以内）,惰行中,1.0,ブレーキ（減速）,15.0,70.0,70.0,50.0,50.0,156.6,22.6,131.6349551522256,0.0,0.0,この先制限速度なし,この先目立った勾配なし,先行列車なし,後続列車なし,1.0,次駅減速フェーズでdelta_stopが正、速度はrequired_speedと一致し、制限速度・CBTC信号を遵守、ノコギリ運転もなくエネルギー効率的な惰行のためreward=1.0とした。
343,Train11,次駅への減速フェーズ（駅手前400m以内）,惰行中,1.0,ブレーキ（減速）,15.0,70.0,70.0,50.0,70.0,156.6,0.0,131.6349551522256,15.0,0.0,この先制限速度なし,この先目立った勾配なし,先行列車なし,後続列車なし,0.8,減速フェーズでdelta_stopが正、速度は制限内かつCBTC遵守、惰行は適切だが15秒の遅延があるためやや減点。
344,Train11,次駅への減速フェーズ（駅手前400m以内）,ブレーキ（減速）中,0.5,惰行,1.5,70.0,70.0,5.0,5.0,1.3,5.0,1.3420645674902167,0.0,0.0,この先制限速度なし,この先目立った勾配なし,先行列車なし,後続列車なし,1.0,ブレーキが適切に作動しΔstopが-0.04mで許容範囲内、速度・信号遵守、ノコギリ運転なしと評価し最高点とした。
345,Train11,次駅への減速フェーズ（駅手前400m以内）,ブレーキ（減速）中,2.0,惰行,1.5,70.0,70.0,5.0,5.0,1.3,5.0,1.3420645674902167,0.0,0.0,この先制限速度なし,この先目立った勾配なし,先行列車なし,後続列車なし,1.0,ブレーキが適切に作動し、delta_stopが-0.04mで停止位置誤差が5m以内、速度制限・CBTC遵守、合理的な減速切替のため評価は最高とした。
346,Train11,次駅への減速フェーズ（駅手前400m以内）,ブレーキ（減速）中,0.5,惰行,4.0,70.0,70.0,5.0,5.0,1.3,5.0,1.3420645674902167,0.0,0.0,この先制限速度なし,この先目立った勾配なし,先行列車なし,後続列車なし,0.3,前ノッチが4秒で惰行からブレーキへ短時間で切替えたため、ノコギリ運転と判定し上限0.3点とした。
347,Train11,次駅への減速フェーズ（駅手前400m以内）,ブレーキ（減速）中,2.0,惰行,4.0,70.0,70.0,5.0,5.0,1.3,5.0,1.3420645674902167,0.0,0.0,この先制限速度なし,この先目立った勾配なし,先行列車なし,後続列車なし,1.0,ブレーキは停止位置誤差が-0.04mと許容範囲内で、信号・制限速度を遵守し適切に減速しているため最高評価とする。
348,Train11,次駅への減速フェーズ（駅手前400m以内）,ブレーキ（減速）中,0.5,惰行,1.5,70.0,70.0,5.0,5.0,4.3,5.0,1.3420645674902167,0.0,0.0,この先制限速度なし,この先目立った勾配なし,先行列車なし,後続列車なし,0.9,ブレーキが適切に作動し、delta_stopが2.96mで±5m以内の許容範囲、速度・CBTC制限を遵守、ノコギリ運転の合理的理由ありのため高評価とした。
349,Train11,次駅への減速フェーズ（駅手前400m以内）,ブレーキ（減速）中,2.0,惰行,1.5,70.0,70.0,5.0,5.0,4.3,5.0,1.3420645674902167,0.0,0.0,この先制限速度なし,この先目立った勾配なし,先行列車なし,後続列車なし,1.0,次駅減速フェーズでブレーキが適切に掛かり、delta_stopが5m以内で停止位置が良好なため最高評価とした。
350,Train11,次駅への減速フェーズ（駅手前400m以内）,ブレーキ（減速）中,0.5,惰行,4.0,70.0,70.0,5.0,5.0,4.3,5.0,1.3420645674902167,0.0,0.0,この先制限速度なし,この先目立った勾配なし,先行列車なし,後続列車なし,0.3,ノコギリ運転と判定され、保持時間が7秒未満で惰行→減速への反転が合理的理由なく行われたため、prev_notch_duration4秒に基づくreward上限0.3点が適用された。
351,Train11,次駅への減速フェーズ（駅手前400m以内）,ブレーキ（減速）中,2.0,惰行,4.0,70.0,70.0,5.0,5.0,4.3,5.0,1.3420645674902167,0.0,0.0,この先制限速度なし,この先目立った勾配なし,先行列車なし,後続列車なし,0.9,ブレーキが適切に掛かっておりΔstop=2.96mで誤差≤5m、速度制限・CBTC遵守、ノコギリ運転なしのため高評価。
352,Train11,次駅への減速フェーズ（駅手前400m以内）,ブレーキ（減速）中,0.5,惰行,1.5,70.0,70.0,5.0,9.9,9.3,5.0,1.3420645674902167,0.0,0.0,この先制限速度なし,この先目立った勾配なし,先行列車なし,後続列車なし,0.0,2秒未満で惰行→減速への短時間反転がノコギリ運転と判定され、上限0.0点となった上、必要速度9.9km/hに対し5km/hでブレーキをかけ遅延とエネルギー無駄が顕著なため。
353,Train11,次駅への減速フェーズ（駅手前400m以内）,ブレーキ（減速）中,2.0,惰行,1.5,70.0,70.0,5.0,9.9,9.3,5.0,1.3420645674902167,0.0,0.0,この先制限速度なし,この先目立った勾配なし,先行列車なし,後続列車なし,0.6,delta_stopが7.96mで5‑15mの範囲にあり、早めのブレーキだが停止位置は適切で、他に違反はないため中程度の評価とした。
354,Train11,次駅への減速フェーズ（駅手前400m以内）,ブレーキ（減速）中,0.5,惰行,4.0,70.0,70.0,5.0,9.9,9.3,5.0,1.3420645674902167,0.0,0.0,この先制限速度なし,この先目立った勾配なし,先行列車なし,後続列車なし,0.2,ブレーキが早すぎて停止位置がずれ、2‑5秒のノコギリ運転に該当し上限0.3点となるため0.2とした。
355,Train11,次駅への減速フェーズ（駅手前400m以内）,ブレーキ（減速）中,2.0,惰行,4.0,70.0,70.0,5.0,9.9,9.3,5.0,1.3420645674902167,0.0,0.0,この先制限速度なし,この先目立った勾配なし,先行列車なし,後続列車なし,0.6,ブレーキが適切に掛かりdelta_stopが7.96mで許容範囲内のため、減速フェーズは安全かつ定時に近く評価し0.6とした。
356,Train11,次駅への減速フェーズ（駅手前400m以内）,ブレーキ（減速）中,0.5,惰行,1.5,70.0,70.0,10.0,10.0,3.4,5.0,5.361102334269932,0.0,0.0,この先制限速度なし,この先目立った勾配なし,先行列車なし,後続列車なし,0.0,ノコギリ運転と判定され、前ノッチ保持時間が1.5秒で上限0.0点となるためrewardは0.0とした。
357,Train11,次駅への減速フェーズ（駅手前400m以内）,ブレーキ（減速）中,2.0,惰行,1.5,70.0,70.0,10.0,10.0,3.4,5.0,5.361102334269932,0.0,0.0,この先制限速度なし,この先目立った勾配なし,先行列車なし,後続列車なし,0.0,ノコギリ運転と判定され、prev_notch_durationが2秒未満のためreward上限が0.0となった。
358,Train11,次駅への減速フェーズ（駅手前400m以内）,ブレーキ（減速）中,0.5,惰行,4.0,70.0,70.0,10.0,10.0,3.4,5.0,5.361102334269932,0.0,0.0,この先制限速度なし,この先目立った勾配なし,先行列車なし,後続列車なし,1.0,ブレーキが適切に作動し、delta_stopが-1.96mで許容範囲内、速度・CBTC制限を遵守、ノコギリ運転なしと判断し高評価とした。
359,Train11,次駅への減速フェーズ（駅手前400m以内）,ブレーキ（減速）中,2.0,惰行,4.0,70.0,70.0,10.0,10.0,3.4,5.0,5.361102334269932,0.0,0.0,この先制限速度なし,この先目立った勾配なし,先行列車なし,後続列車なし,0.9,ブレーキが適切に作動しdelta_stopが-1.96mで許容範囲内、速度は制限・信号内、ノコギリ運転なしで省エネ的にも問題なし。
360,Train11,次駅への減速フェーズ（駅手前400m以内）,ブレーキ（減速）中,0.5,惰行,1.5,70.0,70.0,10.0,10.0,5.4,5.0,5.361102334269932,0.0,0.0,この先制限速度なし,この先目立った勾配なし,先行列車なし,後続列車なし,1.0,ブレーキ開始が適切でdelta_stopが0.04mと許容範囲内、速度も制限内かつrequired_speedと一致し、ノコギリ運転は合理的と判断され高評価。
361,Train11,次駅への減速フェーズ（駅手前400m以内）,ブレーキ（減速）中,2.0,惰行,1.5,70.0,70.0,10.0,10.0,5.4,5.0,5.361102334269932,0.0,0.0,この先制限速度なし,この先目立った勾配なし,先行列車なし,後続列車なし,1.0,ブレーキが適切な位置で開始され、速度・信号を遵守し、ノコギリ運転や無駄な加速がなく最高評価とした。
362,Train11,次駅への減速フェーズ（駅手前400m以内）,ブレーキ（減速）中,0.5,惰行,4.0,70.0,70.0,10.0,10.0,5.4,5.0,5.361102334269932,0.0,0.0,この先制限速度なし,この先目立った勾配なし,先行列車なし,後続列車なし,1.0,ブレーキで適切に減速し、delta_stopが0.04mと許容範囲内で停止位置が確保できているため、全項目で問題なく最高評価とした。
363,Train11,次駅への減速フェーズ（駅手前400m以内）,ブレーキ（減速）中,2.0,惰行,4.0,70.0,70.0,10.0,10.0,5.4,5.0,5.361102334269932,0.0,0.0,この先制限速度なし,この先目立った勾配なし,先行列車なし,後続列車なし,1.0,次駅減速フェーズでブレーキが適切に作動し、delta_stopが0.04mと許容範囲内であり、切替は合理的な停止調整と判断されたため高評価。
364,Train11,次駅への減速フェーズ（駅手前400m以内）,ブレーキ（減速）中,0.5,惰行,1.5,70.0,70.0,10.0,10.0,8.4,5.0,5.361102334269932,0.0,0.0,この先制限速度なし,この先目立った勾配なし,先行列車なし,後続列車なし,0.0,前回の惰行が1.5秒で、ブレーキへの反転が7秒未満かつ合理的理由がなく、ノコギリ運転と判定され上限0.0点となった。
365,Train11,次駅への減速フェーズ（駅手前400m以内）,ブレーキ（減速）中,2.0,惰行,1.5,70.0,70.0,10.0,10.0,8.4,5.0,5.361102334269932,0.0,0.0,この先制限速度なし,この先目立った勾配なし,先行列車なし,後続列車なし,0.9,ブレーキ中でdelta_stopが3.04m（±5m以内）かつ速度が信号以下、ノコギリ運転とみなさず適切な減速と判断したため高評価。
366,Train11,次駅への減速フェーズ（駅手前400m以内）,ブレーキ（減速）中,0.5,惰行,4.0,70.0,70.0,10.0,10.0,8.4,5.0,5.361102334269932,0.0,0.0,この先制限速度なし,この先目立った勾配なし,先行列車なし,後続列車なし,0.9,ブレーキ開始が適切でdelta_stopが3.04mと5m以内、速度も制限内のため高評価とした。
367,Train11,次駅への減速フェーズ（駅手前400m以内）,ブレーキ（減速）中,2.0,惰行,4.0,70.0,70.0,10.0,10.0,8.4,5.0,5.361102334269932,0.0,0.0,この先制限速度なし,この先目立った勾配なし,先行列車なし,後続列車なし,1.0,ブレーキ中でdelta_stopが3.04mと許容範囲内、速度も制限内であり、ノコギリ運転や不要な力行はなく適切な減速と判断し高評価とした。
368,Train11,次駅への減速フェーズ（駅手前400m以内）,ブレーキ（減速）中,0.5,惰行,1.5,70.0,70.0,10.0,70.0,13.4,5.0,5.361102334269932,0.0,0.0,この先制限速度なし,この先目立った勾配なし,先行列車なし,後続列車なし,0.6,ブレーキ開始が必要停止距離より約8m早く、エネルギー無駄があるため中程度の減点とし、reward 0.6とした。
369,Train11,次駅への減速フェーズ（駅手前400m以内）,ブレーキ（減速）中,2.0,惰行,1.5,70.0,70.0,10.0,70.0,13.4,5.0,5.361102334269932,0.0,0.0,この先制限速度なし,この先目立った勾配なし,先行列車なし,後続列車なし,0.5,次駅減速フェーズで必要以上にブレーキをかけ、停止位置が約8m早くなるため中程度の減点とした。
370,Train11,次駅への減速フェーズ（駅手前400m以内）,ブレーキ（減速）中,0.5,惰行,4.0,70.0,70.0,10.0,70.0,13.4,5.0,5.361102334269932,0.0,0.0,この先制限速度なし,この先目立った勾配なし,先行列車なし,後続列車なし,0.2,ブレーキが早すぎて駅手前8mで停止し、ノコギリ運転と判定されたためrewardは上限0.2とした。
371,Train11,次駅への減速フェーズ（駅手前400m以内）,ブレーキ（減速）中,2.0,惰行,4.0,70.0,70.0,10.0,70.0,13.4,5.0,5.361102334269932,0.0,0.0,この先制限速度なし,この先目立った勾配なし,先行列車なし,後続列車なし,0.2,ブレーキが早すぎて停車位置が手前になり、かつ保持時間が7秒未満で惰行→減速への不合理な切替がノコギリ運転と判定されたため、上限0.3点に抑え0.2とした。
372,Train11,次駅への減速フェーズ（駅手前400m以内）,ブレーキ（減速）中,0.5,惰行,1.5,70.0,70.0,15.0,15.0,10.0,5.0,12.043897473726263,0.0,0.0,この先制限速度なし,この先目立った勾配なし,先行列車なし,後続列車なし,0.9,ブレーキが適切に掛かりdelta_stopが-2.04mで許容範囲内、速度制限・CBTC遵守、合理的な減速でノコギリ運転なしと判断し高評価とした。
373,Train11,次駅への減速フェーズ（駅手前400m以内）,ブレーキ（減速）中,2.0,惰行,1.5,70.0,70.0,15.0,15.0,10.0,5.0,12.043897473726263,0.0,0.0,この先制限速度なし,この先目立った勾配なし,先行列車なし,後続列車なし,1.0,ブレーキが適切に掛かり、delta_stopが5m以内で安全に停止できるため高評価とし、他項目に問題なし。
374,Train11,次駅への減速フェーズ（駅手前400m以内）,ブレーキ（減速）中,0.5,惰行,4.0,70.0,70.0,15.0,15.0,10.0,5.0,12.043897473726263,0.0,0.0,この先制限速度なし,この先目立った勾配なし,先行列車なし,後続列車なし,1.0,ブレーキで適切に減速し、delta_stopが-2.04mで許容範囲内、速度・信号遵守、ノコギリ運転なしと評価し最高点とした。
375,Train11,次駅への減速フェーズ（駅手前400m以内）,ブレーキ（減速）中,2.0,惰行,4.0,70.0,70.0,15.0,15.0,10.0,5.0,12.043897473726263,0.0,0.0,この先制限速度なし,この先目立った勾配なし,先行列車なし,後続列車なし,0.9,ブレーキが適切に作動し、delta_stopが5m以内で停止位置が良好なため高評価とし、0.9点とした。
376,Train11,次駅への減速フェーズ（駅手前400m以内）,ブレーキ（減速）中,0.5,惰行,1.5,70.0,70.0,15.0,70.0,12.0,5.0,12.043897473726263,0.0,0.0,この先制限速度なし,この先目立った勾配なし,先行列車なし,後続列車なし,1.0,ブレーキで適切に減速し、delta_stopが-0.04mで停止位置が許容範囲内、速度・信号遵守のため高評価とする。
377,Train11,次駅への減速フェーズ（駅手前400m以内）,ブレーキ（減速）中,2.0,惰行,1.5,70.0,70.0,15.0,70.0,12.0,5.0,12.043897473726263,0.0,0.0,この先制限速度なし,この先目立った勾配なし,先行列車なし,後続列車なし,1.0,ブレーキが適切に掛かりdelta_stopが±5m以内で停止位置が確保され、ノコギリ運転とみなされないため高評価とした。
378,Train11,次駅への減速フェーズ（駅手前400m以内）,ブレーキ（減速）中,0.5,惰行,4.0,70.0,70.0,15.0,70.0,12.0,5.0,12.043897473726263,0.0,0.0,この先制限速度なし,この先目立った勾配なし,先行列車なし,後続列車なし,0.9,ブレーキで適切に減速し、delta_stopが±5m以内で停止位置が確保できているため高評価とした。
379,Train11,次駅への減速フェーズ（駅手前400m以内）,ブレーキ（減速）中,2.0,惰行,4.0,70.0,70.0,15.0,70.0,12.0,5.0,12.043897473726263,0.0,0.0,この先制限速度なし,この先目立った勾配なし,先行列車なし,後続列車なし,0.9,ブレーキが適切に掛かりdelta_stopが-0.04mで停止位置が正確、速度制限・CBTC遵守、ノコギリ運転なしのため高評価。
380,Train11,次駅への減速フェーズ（駅手前400m以内）,ブレーキ（減速）中,0.5,惰行,1.5,70.0,70.0,15.0,70.0,15.0,5.0,12.043897473726263,0.0,0.0,この先制限速度なし,この先目立った勾配なし,先行列車なし,後続列車なし,1.0,ブレーキ中でdelta_stopが2.96mと5m以内であり、CBTC・速度制限を遵守しノコギリ運転もなく、停止位置は適切に確保できているため高評価とした。
381,Train11,次駅への減速フェーズ（駅手前400m以内）,ブレーキ（減速）中,2.0,惰行,1.5,70.0,70.0,15.0,70.0,15.0,5.0,12.043897473726263,0.0,0.0,この先制限速度なし,この先目立った勾配なし,先行列車なし,後続列車なし,0.0,前ノッチが1.5秒の惰行から2秒のブレーキへ反転し、合理的理由がなくノコギリ運転と判定され、上限0.0点となったため。
382,Train11,次駅への減速フェーズ（駅手前400m以内）,ブレーキ（減速）中,0.5,惰行,4.0,70.0,70.0,15.0,70.0,15.0,5.0,12.043897473726263,0.0,0.0,この先制限速度なし,この先目立った勾配なし,先行列車なし,後続列車なし,1.0,ブレーキ中でdelta_stopが2.96m（5m以内）となり停止位置が適切に確保されているため高評価とした。
383,Train11,次駅への減速フェーズ（駅手前400m以内）,ブレーキ（減速）中,2.0,惰行,4.0,70.0,70.0,15.0,70.0,15.0,5.0,12.043897473726263,0.0,0.0,この先制限速度なし,この先目立った勾配なし,先行列車なし,後続列車なし,1.0,ブレーキが適切に作動しdelta_stopが2.96mで許容範囲内、速度も制限内で安全に駅停車できるため高評価とした。
384,Train11,次駅への減速フェーズ（駅手前400m以内）,ブレーキ（減速）中,0.5,惰行,1.5,70.0,70.0,15.0,70.0,20.0,5.0,12.043897473726263,0.0,0.0,この先制限速度なし,この先目立った勾配なし,先行列車なし,後続列車なし,0.0,惰行→ブレーキへの2秒未満の反転は合理的理由がなく、ノコギリ運転上限が0点となるためrewardは0.0とした。
385,Train11,次駅への減速フェーズ（駅手前400m以内）,ブレーキ（減速）中,2.0,惰行,1.5,70.0,70.0,15.0,70.0,20.0,5.0,12.043897473726263,0.0,0.0,この先制限速度なし,この先目立った勾配なし,先行列車なし,後続列車なし,0.0,保持時間が7秒未満で惰行→減速への不合理な切替がノコギリ運転と判定され、上限0.0点となったため評価は0.0とした。
386,Train11,次駅への減速フェーズ（駅手前400m以内）,ブレーキ（減速）中,0.5,惰行,4.0,70.0,70.0,15.0,70.0,20.0,5.0,12.043897473726263,0.0,0.0,この先制限速度なし,この先目立った勾配なし,先行列車なし,後続列車なし,0.2,ブレーキが早すぎる上にノコギリ運転と判定され、reward上限が0.3に制限されたため0.2とした。
387,Train11,次駅への減速フェーズ（駅手前400m以内）,ブレーキ（減速）中,2.0,惰行,4.0,70.0,70.0,15.0,70.0,20.0,5.0,12.043897473726263,0.0,0.0,この先制限速度なし,この先目立った勾配なし,先行列車なし,後続列車なし,0.2,ノコギリ運転（惰行→減速、保持時間2秒）とブレーキ開始が早すぎるため評価が低く、上限0.3に抑え0.2とした。
388,Train11,次駅への減速フェーズ（駅手前400m以内）,ブレーキ（減速）中,0.5,惰行,1.5,70.0,70.0,20.0,70.0,19.4,5.0,21.3739727373643,0.0,0.0,この先制限速度なし,この先目立った勾配なし,先行列車なし,後続列車なし,0.9,ブレーキが適切に作動しΔstopが±5m以内で停止位置が確保され、速度・信号超過なしでノコギリ運転もなく評価は高く0.9とした。
389,Train11,次駅への減速フェーズ（駅手前400m以内）,ブレーキ（減速）中,2.0,惰行,1.5,70.0,70.0,20.0,70.0,19.4,5.0,21.3739727373643,0.0,0.0,この先制限速度なし,この先目立った勾配なし,先行列車なし,後続列車なし,0.0,保持時間が7秒未満で惰行→減速への不合理な反転と判定され、ノコギリ運転上限0.0点が適用されたため。
390,Train11,次駅への減速フェーズ（駅手前400m以内）,ブレーキ（減速）中,0.5,惰行,4.0,70.0,70.0,20.0,70.0,19.4,5.0,21.3739727373643,0.0,0.0,この先制限速度なし,この先目立った勾配なし,先行列車なし,後続列車なし,1.0,ブレーキが適切に作動しΔstopが±5m以内で停止位置が確保でき、速度・信号超過なしで安全かつ定時性が保たれるため高評価。
391,Train11,次駅への減速フェーズ（駅手前400m以内）,ブレーキ（減速）中,2.0,惰行,4.0,70.0,70.0,20.0,70.0,19.4,5.0,21.3739727373643,0.0,0.0,この先制限速度なし,この先目立った勾配なし,先行列車なし,後続列車なし,1.0,ブレーキが適切に作動し、delta_stopが-1.97mで許容範囲内、速度・信号超過なし、ノコギリ運転もなく、エネルギー無駄もないため最高評価とした。
392,Train11,次駅への減速フェーズ（駅手前400m以内）,ブレーキ（減速）中,0.5,惰行,1.5,70.0,70.0,20.0,70.0,21.4,5.0,21.3739727373643,0.0,0.0,この先制限速度なし,この先目立った勾配なし,先行列車なし,後続列車なし,1.0,ブレーキが適切に開始され、delta_stopが0.03 mで停止位置が正確、速度は制限・信号内であり、ノコギリ運転はなし。
393,Train11,次駅への減速フェーズ（駅手前400m以内）,ブレーキ（減速）中,2.0,惰行,1.5,70.0,70.0,20.0,70.0,21.4,5.0,21.3739727373643,0.0,0.0,この先制限速度なし,この先目立った勾配なし,先行列車なし,後続列車なし,1.0,ブレーキが適切に作動し、delta_stopが0.03mと許容範囲内で停止位置が確保されているため高評価。
394,Train11,次駅への減速フェーズ（駅手前400m以内）,ブレーキ（減速）中,0.5,惰行,4.0,70.0,70.0,20.0,70.0,21.4,5.0,21.3739727373643,0.0,0.0,この先制限速度なし,この先目立った勾配なし,先行列車なし,後続列車なし,1.0,ブレーキ開始が適切でdelta_stopが0.03mとほぼ正確なため、評価は高く1.0とした。
395,Train11,次駅への減速フェーズ（駅手前400m以内）,ブレーキ（減速）中,2.0,惰行,4.0,70.0,70.0,20.0,70.0,21.4,5.0,21.3739727373643,0.0,0.0,この先制限速度なし,この先目立った勾配なし,先行列車なし,後続列車なし,1.0,ブレーキ開始が適切な位置(delta_stop 0.03 m)で行われ、速度は制限・CBTC内に収まり、ノコギリ運転の理由も正当であるため高評価。
396,Train11,次駅への減速フェーズ（駅手前400m以内）,ブレーキ（減速）中,0.5,惰行,1.5,70.0,70.0,20.0,70.0,24.4,5.0,21.3739727373643,0.0,0.0,この先制限速度なし,この先目立った勾配なし,先行列車なし,後続列車なし,1.0,ブレーキ開始が適切でdelta_stopが3.03mと許容範囲内、速度・信号遵守、ノコギリ運転なしで定時停止が可能と判断し最高評価とした。
397,Train11,次駅への減速フェーズ（駅手前400m以内）,ブレーキ（減速）中,2.0,惰行,1.5,70.0,70.0,20.0,70.0,24.4,5.0,21.3739727373643,0.0,0.0,この先制限速度なし,この先目立った勾配なし,先行列車なし,後続列車なし,1.0,ブレーキは適切なタイミングで行われ、delta_stopが3.03mで許容範囲内のため停止位置も良好で、ノコギリ運転は合理的理由に該当し評価を下げない。
398,Train11,次駅への減速フェーズ（駅手前400m以内）,ブレーキ（減速）中,0.5,惰行,4.0,70.0,70.0,20.0,70.0,24.4,5.0,21.3739727373643,0.0,0.0,この先制限速度なし,この先目立った勾配なし,先行列車なし,後続列車なし,0.9,ブレーキが適切に作動しdelta_stopが3.03mで停止位置が許容範囲内、速度制限・CBTCを遵守、ノコギリ運転は合理的な駅前減速のため減点対象外と判断した。
399,Train11,次駅への減速フェーズ（駅手前400m以内）,ブレーキ（減速）中,2.0,惰行,4.0,70.0,70.0,20.0,70.0,24.4,5.0,21.3739727373643,0.0,0.0,この先制限速度なし,この先目立った勾配なし,先行列車なし,後続列車なし,0.9,ブレーキが適切にかかり、delta_stopが3.03mで許容範囲内、停止調整のための減速は合理的でノコギリ運転とみなさず高評価とした。
400,Train11,次駅への減速フェーズ（駅手前400m以内）,ブレーキ（減速）中,0.5,惰行,1.5,70.0,70.0,20.0,70.0,29.4,5.0,21.3739727373643,0.0,0.0,この先制限速度なし,この先目立った勾配なし,先行列車なし,後続列車なし,0.0,惰行から0.5秒のブレーキへ切替が保持時間不足で合理的根拠なくノコギリ運転と判定され、上限が0.0点となったためrewardは0.0。
401,Train11,次駅への減速フェーズ（駅手前400m以内）,ブレーキ（減速）中,2.0,惰行,1.5,70.0,70.0,20.0,70.0,29.4,5.0,21.3739727373643,0.0,0.0,この先制限速度なし,この先目立った勾配なし,先行列車なし,後続列車なし,0.5,ブレーキ開始が早すぎて駅手前約8mで停止し、停車位置と定時性が損なわれエネルギー効率が低下しているため。
402,Train11,次駅への減速フェーズ（駅手前400m以内）,ブレーキ（減速）中,0.5,惰行,4.0,70.0,70.0,20.0,70.0,29.4,5.0,21.3739727373643,0.0,0.0,この先制限速度なし,この先目立った勾配なし,先行列車なし,後続列車なし,0.3,ノコギリ運転と判定され、prev_notch_durationが4秒のためreward上限が0.3に制限された。これにより最終rewardは0.3となる。
403,Train11,次駅への減速フェーズ（駅手前400m以内）,ブレーキ（減速）中,2.0,惰行,4.0,70.0,70.0,20.0,70.0,29.4,5.0,21.3739727373643,0.0,0.0,この先制限速度なし,この先目立った勾配なし,先行列車なし,後続列車なし,0.2,ノコギリ運転と判定され、保持時間が7秒未満かつ反転操作に合理的理由がなく、prev_notch_durationが4秒のためreward上限を0.3に制限し、他項目は安全だが評価は0.2とした。
