raw_speed,raw_stat_dist,raw_rem_time,raw_hold_time,raw_pre_act,raw_stat_dist_2,raw_fw_dist,raw_cbtc_signal,norm_speed,norm_stat_dist_wide,norm_stat_dist_zoom,norm_rem_time,norm_hold_time,norm_pre_act_c,norm_pre_act_a,norm_pre_act_d,norm_fw_dist,norm_cbtc_signal,norm_speed_limit,norm_req_stop_dist,norm_margin_stop_dist,phase_accel,phase_cruise,phase_limit,phase_decel,phase_stop,norm_fw_speed,norm_gradient,norm_next_grade_dist,norm_next_grade_val,norm_next_limit_dist,norm_next_limit_val,norm_prev_notch_duration,Q_coast,Q_accel,Q_decel,step_reward,llm_reward
0.0,2.178000000000001,180.0,30,2,2.178000000000001,2.178000000000001,70.0,0.0,1.339,1.0,0.5,1.0,0.0,0.0,1.0,1.339,0.875,0.875,0.0,1.0,1.0,0.0,0.0,0.0,0.0,1.0,-0.0525,0.776,-0.1675,1.0,0.875,0.0,-0.0002796948,57.526325,-0.6353987,0.5,1.0
3.1655461647722727,2.177552031426483,179.0,1.0,1,2.177552031426483,2.177552031426483,70.0,0.039569326,1.338776,1.0,0.49722221,0.033333335,0.0,1.0,0.0,1.338776,0.875,0.875,0.00054964557,1.0,1.0,0.0,0.0,0.0,0.0,1.0,-0.0525,0.77510405,-0.1675,1.0,0.875,1.0,51.43923,57.710903,52.71867,0.5,1.0
6.166266910487602,2.1762480601784304,178.0,2.0,1,2.1762480601784304,2.1762480601784304,70.0,0.077078335,1.338124,1.0,0.49444443,0.06666667,0.0,1.0,0.0,1.338124,0.875,0.875,0.0020921384,1.0,1.0,0.0,0.0,0.0,0.0,1.0,-0.0525,0.7724961,-0.1675,1.0,0.875,1.0,50.276634,57.425133,50.84343,0.5,1.0
9.01037060950777,2.174132710937684,177.0,3.0,1,2.174132710937684,2.174132710937684,70.0,0.11262963,1.3370664,1.0,0.49166667,0.1,0.0,1.0,0.0,1.3370664,0.875,0.875,0.0044694054,1.0,1.0,0.0,0.0,0.0,0.0,1.0,-0.0525,0.7682654,-0.1675,1.0,0.875,1.0,49.47935,56.984024,49.778095,0.5,1.0
11.705695795979539,2.171248380451793,176.0,4.0,1,2.171248380451793,2.171248380451793,70.0,0.14632119,1.3356242,1.0,0.4888889,0.13333334,0.0,1.0,0.0,1.3356242,0.875,0.875,0.0075420155,1.0,1.0,0.0,0.0,0.0,0.0,1.0,-0.0525,0.76249677,-0.1675,1.0,0.875,1.0,49.00951,56.72018,49.250553,0.5,1.0
14.259723701053257,2.1676353385103333,175.0,5.0,1,2.1676353385103333,2.1676353385103333,70.0,0.17824654,1.3338177,1.0,0.4861111,0.16666667,0.0,1.0,0.0,1.3338177,0.875,0.875,0.011187302,1.0,1.0,0.0,0.0,0.0,0.0,1.0,-0.0525,0.75527066,-0.1675,1.0,0.875,1.0,48.59489,56.422993,48.802265,0.5,1.0
16.679590829763864,2.1633318254315874,174.0,6.0,1,2.1633318254315874,2.1633318254315874,70.0,0.20849489,1.3316659,1.0,0.48333332,0.2,0.0,1.0,0.0,1.3316659,0.875,0.875,0.015297639,1.0,1.0,0.0,0.0,0.0,0.0,1.0,-0.0525,0.74666363,-0.1675,1.0,0.875,1.0,48.255634,56.17586,48.5202,0.5,1.0
18.972101512263023,2.158374146057838,173.0,7.0,1,2.158374146057838,2.158374146057838,70.0,0.23715127,1.329187,1.0,0.48055556,0.23333333,0.0,1.0,0.0,1.329187,0.875,0.875,0.019778905,1.0,1.0,0.0,0.0,0.0,0.0,1.0,-0.0525,0.7367483,-0.1675,1.0,0.875,1.0,47.891724,55.871574,48.251583,0.5,1.0
21.143740370988105,2.1527967602747964,172.0,8.0,1,2.1527967602747964,2.1527967602747964,70.0,0.26429674,1.3263984,1.0,0.47777778,0.26666668,0.0,1.0,0.0,1.3263984,0.875,0.875,0.024549013,1.0,1.0,0.0,0.0,0.0,0.0,1.0,-0.0525,0.7255935,-0.1675,1.0,0.875,1.0,47.59855,55.531628,48.016422,0.5,1.0
23.200684653441794,2.1466323700855483,171.0,9.0,1,2.1466323700855483,2.1466323700855483,70.0,0.29000854,1.3233162,1.0,0.475,0.3,0.0,1.0,0.0,1.3233162,0.875,0.875,0.029536622,1.0,1.0,0.0,0.0,0.0,0.0,1.0,-0.0525,0.71326476,-0.1675,1.0,0.875,1.0,47.36631,55.17264,47.7557,0.5,1.0
25.14881638758307,2.139912003282898,170.0,10.0,1,2.139912003282898,2.139912003282898,70.0,0.3143602,1.319956,1.0,0.4722222,0.33333334,0.0,1.0,0.0,1.319956,0.875,0.875,0.03467994,1.0,1.0,0.0,0.0,0.0,0.0,1.0,-0.0525,0.69982404,-0.1675,1.0,0.875,1.0,47.187374,54.813236,47.515205,0.5,1.0
26.993734323444887,2.1326650937742677,169.0,11.0,1,2.1326650937742677,2.1326650937742677,70.0,0.3374217,1.3163326,1.0,0.46944445,0.36666667,0.0,1.0,0.0,1.3163326,0.875,0.875,0.03992571,1.0,1.0,0.0,0.0,0.0,0.0,1.0,-0.0525,0.6853302,-0.1675,1.0,0.875,1.0,47.032722,54.453968,47.284122,0.5,1.0
28.74076563054452,2.124919558623116,168.0,12.0,1,2.124919558623116,2.124919558623116,70.0,0.35925958,1.3124598,1.0,0.46666667,0.4,0.0,1.0,0.0,1.3124598,0.875,0.875,0.045228127,1.0,1.0,0.0,0.0,0.0,0.0,1.0,-0.0525,0.66983914,-0.1675,1.0,0.875,1.0,46.900417,54.121952,47.06262,0.5,1.0
30.39497732598752,2.116701871878522,167.0,13.0,1,2.116701871878522,2.116701871878522,70.0,0.3799372,1.3083509,1.0,0.46388888,0.43333334,0.0,1.0,0.0,1.3083509,0.875,0.875,0.050548103,1.0,1.0,0.0,0.0,0.0,0.0,1.0,-0.0525,0.65340376,-0.1675,1.0,0.875,1.0,46.785095,53.790234,46.860355,0.5,1.0
31.96118741293167,2.1080371352702265,166.0,14.0,1,2.1080371352702265,2.1080371352702265,70.0,0.39951485,1.3040186,1.0,0.4611111,0.46666667,0.0,1.0,0.0,1.3040186,0.875,0.875,0.0558524,1.0,1.0,0.0,0.0,0.0,0.0,1.0,-0.0525,0.63607424,-0.1675,1.0,0.875,1.0,46.76098,53.477463,46.726894,0.5,1.0
33.38956556163591,2.0989567704531,165.0,15.0,1,2.0989567704531,2.0989567704531,70.0,0.41736957,1.2994784,1.0,0.45833334,0.5,0.0,1.0,0.0,1.2994784,0.875,0.875,0.059590418,1.0,1.0,0.0,0.0,0.0,0.0,1.0,-0.0525,0.61791354,-0.1675,1.0,0.875,1.0,46.813137,53.175507,46.627804,0.5,1.0
34.74124400116306,2.0894905654534384,164.0,16.0,1,2.0894905654534384,2.0894905654534384,70.0,0.43426555,1.2947453,1.0,0.45555556,0.53333336,0.0,1.0,0.0,1.2947453,0.875,0.875,0.06447219,1.0,1.0,0.0,0.0,0.0,0.0,1.0,-0.0525,0.59898114,-0.1675,1.0,0.875,1.0,46.937138,52.895767,46.577045,0.5,1.0
36.020771480221505,2.0796591052485525,163.0,17.0,1,2.0796591052485525,2.0796591052485525,70.0,0.45025966,1.2898296,1.0,0.45277777,0.56666666,0.0,1.0,0.0,1.2898296,0.875,0.875,0.06926636,1.0,1.0,0.0,0.0,0.0,0.0,1.0,-0.0525,0.5793182,-0.1675,1.0,0.875,1.0,47.058365,52.62937,46.532963,0.5,1.0
37.231931443069435,2.069481896506094,162.0,18.0,1,2.069481896506094,2.069481896506094,70.0,0.46539915,1.2847409,1.0,0.45,0.6,0.0,1.0,0.0,1.2847409,0.875,0.875,0.073958874,1.0,1.0,0.0,0.0,0.0,0.0,1.0,-0.0525,0.5589638,-0.1675,1.0,0.875,1.0,47.077236,52.349697,46.415524,0.5,1.0
38.42520543202613,2.0589717781665904,161.0,19.0,1,2.0589717781665904,2.0589717781665904,70.0,0.48031506,1.279486,1.0,0.44722223,0.6333333,0.0,1.0,0.0,1.279486,0.875,0.875,0.08047503,1.0,1.0,0.0,0.0,0.0,0.0,1.0,-0.0525,0.53794354,-0.1675,1.0,0.875,1.0,47.011345,51.97492,46.206516,0.5,1.0
39.53786155146717,2.0481402613025104,160.0,20.0,1,2.0481402613025104,2.0481402613025104,70.0,0.49422327,1.2740701,1.0,0.44444445,0.6666667,0.0,1.0,0.0,1.2740701,0.875,0.875,0.08422006,1.0,1.0,0.0,0.0,0.0,0.0,1.0,-0.0525,0.51628053,-0.1675,1.0,0.875,1.0,46.885033,51.57874,45.959343,0.5,1.0
40.58822488598231,2.0370088400947353,159.0,21.0,1,2.0370088400947353,2.0370088400947353,70.0,0.5073528,1.2685044,1.0,0.44166666,0.7,0.0,1.0,0.0,1.2685044,0.875,0.875,0.08870532,1.0,0.0,1.0,0.0,0.0,0.0,1.0,-0.0525,0.4940177,-0.1675,1.0,0.875,1.0,45.762726,50.915955,44.884624,0.5,1.0
41.5822664799225,2.0255936227656477,158.0,22.0,1,2.0255936227656477,2.0255936227656477,70.0,0.5197783,1.2627968,1.0,0.43888888,0.73333335,0.0,1.0,0.0,1.2627968,0.875,0.875,0.09305404,1.0,0.0,1.0,0.0,0.0,0.0,1.0,-0.0525,0.47118723,-0.1675,1.0,0.875,1.0,45.362427,50.544003,44.489857,0.5,1.0
42.52872754108959,2.01390952097929,157.0,23.0,1,2.01390952097929,2.01390952097929,70.0,0.5316091,1.2569548,1.0,0.43611112,0.76666665,0.0,1.0,0.0,1.2569548,0.875,0.875,0.0972883,1.0,0.0,1.0,0.0,0.0,0.0,1.0,-0.0525,0.44781905,-0.1675,1.0,0.875,1.0,44.97703,50.14571,44.084743,0.5,1.0
43.467615797622145,2.0019648644447336,156.0,24.0,1,2.0019648644447336,2.0019648644447336,70.0,0.5433452,1.2509824,1.0,0.43333334,0.8,0.0,1.0,0.0,1.2509824,0.875,0.875,0.10270219,1.0,0.0,1.0,0.0,0.0,0.0,1.0,-0.0525,0.42392972,-0.1675,1.0,0.875,1.0,44.59944,49.738308,43.658375,0.5,1.0
44.4073152454624,1.9897583418141238,155.0,25.0,1,1.9897583418141238,1.9897583418141238,70.0,0.55509144,1.2448791,1.0,0.43055555,0.8333333,0.0,1.0,0.0,1.2448791,0.875,0.875,0.10713378,1.0,0.0,1.0,0.0,0.0,0.0,1.0,-0.0525,0.39951667,-0.1675,1.0,0.875,1.0,44.252777,49.34474,43.242275,0.5,1.0
45.33131704463812,1.9772929988316754,154.0,26.0,1,1.9772929988316754,1.9772929988316754,70.0,0.56664145,1.2386465,1.0,0.42777777,0.8666667,0.0,1.0,0.0,1.2386465,0.875,0.875,0.11157942,1.0,0.0,1.0,0.0,0.0,0.0,1.0,-0.0525,0.374586,-0.1675,1.0,0.875,1.0,43.98358,48.97162,42.872417,0.5,1.0
46.23984668729646,1.9645731642795425,153.0,27.0,1,1.9645731642795425,1.9645731642795425,70.0,0.5779981,1.2322866,1.0,0.425,0.9,0.0,1.0,0.0,1.2322866,0.875,0.875,0.11603552,1.0,0.0,1.0,0.0,0.0,0.0,1.0,-0.0525,0.34914634,-0.1675,1.0,0.875,1.0,43.82734,48.617664,42.586536,0.5,1.0
47.133127735266775,1.9516031045731133,152.0,28.0,1,1.9516031045731133,1.9516031045731133,70.0,0.5891641,1.2258016,1.0,0.42222223,0.93333334,0.0,1.0,0.0,1.2258016,0.875,0.875,0.1204987,1.0,0.0,1.0,0.0,0.0,0.0,1.0,-0.0525,0.32320622,-0.1675,1.0,0.875,1.0,43.632645,48.239594,42.263165,0.5,1.0
48.01138178645524,1.938387024302088,151.0,29.0,1,1.938387024302088,1.938387024302088,70.0,0.6001423,1.2191935,1.0,0.41944444,0.96666664,0.0,1.0,0.0,1.2191935,0.875,0.875,0.124965735,1.0,0.0,1.0,0.0,0.0,0.0,1.0,-0.0525,0.29677406,-0.1675,1.0,0.875,1.0,43.44168,47.85211,41.94362,0.5,1.0
48.87482844365983,1.9249290667802867,150.0,30.0,1,1.9249290667802867,1.9249290667802867,70.0,0.61093533,1.2124646,1.0,0.41666666,1.0,0.0,1.0,0.0,1.2124646,0.875,0.875,0.12943353,1.0,0.0,1.0,0.0,0.0,0.0,1.0,-0.0525,0.26985812,-0.1675,1.0,0.875,1.0,43.25324,47.46261,41.63297,0.5,1.0
49.72368528573123,1.911233314604086,149.0,31.0,1,1.911233314604086,1.911233314604086,70.0,0.6215461,1.2056167,1.0,0.4138889,1.0,0.0,1.0,0.0,1.2056167,0.875,0.875,0.13389918,1.0,0.0,1.0,0.0,0.0,0.0,1.0,-0.0525,0.24246663,-0.1675,1.0,0.875,1.0,43.158684,47.139748,41.41858,0.5,1.0
50.55816784100678,1.8973037902183343,148.0,32.0,1,1.8973037902183343,1.8973037902183343,70.0,0.6319771,1.1986519,1.0,0.41111112,1.0,0.0,1.0,0.0,1.1986519,0.875,0.875,0.1383599,1.0,0.0,1.0,0.0,0.0,0.0,1.0,-0.0525,0.21460758,-0.1675,1.0,0.875,1.0,43.171642,46.809086,41.278133,0.5,1.0
51.378489562944814,1.8831444564893935,147.0,33.0,1,1.8831444564893935,1.8831444564893935,70.0,0.6422311,1.1915722,1.0,0.40833333,1.0,0.0,1.0,0.0,1.1915722,0.875,0.875,0.14281304,1.0,0.0,1.0,0.0,0.0,0.0,1.0,-0.0525,0.18628891,-0.1675,1.0,0.875,1.0,43.15945,46.45331,41.118168,0.5,1.0
52.18486180788789,1.8687592172847083,146.0,34.0,1,1.8687592172847083,1.8687592172847083,70.0,0.6523108,1.1843796,1.0,0.40555555,1.0,0.0,1.0,0.0,1.1843796,0.875,0.875,0.14725614,1.0,0.0,1.0,0.0,0.0,0.0,1.0,-0.0525,0.15751843,-0.1675,1.0,0.875,1.0,43.128197,46.04444,40.93642,0.5,1.0
52.97749381488468,1.8541519180581503,145.0,35.0,1,1.8541519180581503,1.8541519180581503,70.0,0.6622187,1.177076,1.0,0.4027778,1.0,0.0,1.0,0.0,1.177076,0.875,0.875,0.15168679,1.0,0.0,1.0,0.0,0.0,0.0,1.0,-0.0525,0.12830384,-0.1675,1.0,0.875,1.0,43.091614,45.61984,40.74373,0.5,1.0
53.75659268750127,1.8393263464408776,144.0,36.0,1,1.8393263464408776,1.8393263464408776,70.0,0.67195743,1.1696632,1.0,0.4,1.0,0.0,1.0,0.0,1.1696632,0.875,0.875,0.15610276,1.0,0.0,1.0,0.0,0.0,0.0,1.0,-0.0525,0.09865269,-0.1675,1.0,0.875,1.0,43.04966,45.186825,40.537212,0.5,1.0
54.522363377553184,1.8242862328366947,143.0,37.0,1,1.8242862328366947,1.8242862328366947,70.0,0.6815295,1.1621431,1.0,0.39722222,1.0,0.0,1.0,0.0,1.1621431,0.875,0.875,0.16050196,1.0,0.0,1.0,0.0,0.0,0.0,1.0,-0.0525,0.06857247,-0.1675,1.0,0.875,1.0,43.039196,44.78728,40.364742,0.5,1.0
55.27500867069228,1.8090352510219283,142.0,38.0,1,1.8090352510219283,1.8090352510219283,70.0,0.6909376,1.1545177,1.0,0.39444444,1.0,0.0,1.0,0.0,1.1545177,0.875,0.875,0.16488235,1.0,0.0,1.0,0.0,0.0,0.0,1.0,-0.0525,0.038070504,-0.1675,1.0,0.875,1.0,42.89352,44.367706,40.146183,0.5,1.0
56.01472917378099,1.793577018748909,141.0,39.0,1,1.793577018748909,1.793577018748909,70.0,0.7001841,1.1467885,1.0,0.39166668,1.0,0.0,1.0,0.0,1.1467885,0.875,0.875,0.16924207,1.0,0.0,1.0,0.0,0.0,0.0,1.0,-0.0525,0.0071540377,-0.1675,1.0,0.875,1.0,42.717842,43.939083,39.899647,0.0,0.5
56.86586343327023,1.7779016202179747,140.0,40.0,1,1.7779016202179747,1.7779016202179747,70.0,0.7108233,1.1389508,1.0,0.3888889,1.0,0.0,1.0,0.0,1.1389508,0.875,0.875,0.18605725,1.0,0.0,1.0,0.0,0.0,0.0,1.0,-0.1675,0.27580324,0.0,1.0,0.875,1.0,43.82112,43.71989,40.489025,0.4,0.9
56.902188513522276,1.7621004486837784,139.0,1.0,0,1.7621004486837784,1.7621004486837784,70.0,0.71127737,1.1310502,1.0,0.3861111,0.033333335,1.0,0.0,0.0,1.1310502,0.875,0.875,0.18629017,1.0,0.0,1.0,0.0,0.0,0.0,1.0,-0.1675,0.2442009,0.0,1.0,0.875,1.0,43.38457,41.42026,39.381367,0.4,0.9
56.93839465614662,1.746289203541508,138.0,2.0,0,1.746289203541508,1.746289203541508,70.0,0.71172994,1.1231446,1.0,0.38333333,0.06666667,1.0,0.0,0.0,1.1231446,0.875,0.875,0.18652247,1.0,0.0,1.0,0.0,0.0,0.0,1.0,-0.1675,0.2125784,0.0,1.0,0.875,1.0,43.14247,41.223137,39.131252,0.4,0.9
56.97448219341294,1.7304679177827822,137.0,3.0,0,1.7304679177827822,1.7304679177827822,70.0,0.71218103,1.115234,1.0,0.38055557,0.1,1.0,0.0,0.0,1.115234,0.875,0.875,0.18675414,1.0,0.0,1.0,0.0,0.0,0.0,1.0,-0.1675,0.18093583,0.0,1.0,0.875,1.0,42.959072,41.037174,38.9314,0.4,0.9
57.01045145706421,1.7146366243069728,136.0,4.0,0,1.7146366243069728,1.7146366243069728,70.0,0.7126306,1.1073183,1.0,0.37777779,0.13333334,1.0,0.0,0.0,1.1073183,0.875,0.875,0.18698518,1.0,0.0,1.0,0.0,0.0,0.0,1.0,-0.1675,0.14927325,0.0,1.0,0.875,1.0,42.728455,40.82914,38.728798,0.4,0.9
57.046302778314534,1.6987953559214048,135.0,5.0,0,1.6987953559214048,1.6987953559214048,70.0,0.7130788,1.0993977,1.0,0.375,0.16666667,1.0,0.0,0.0,1.0993977,0.875,0.875,0.18721561,1.0,0.0,1.0,0.0,0.0,0.0,1.0,-0.1675,0.11759071,0.0,1.0,0.875,1.0,42.489666,40.61699,38.528713,0.4,0.9
57.08203648784688,1.6829441453414447,134.0,6.0,0,1.6829441453414447,1.6829441453414447,70.0,0.7135255,1.091472,1.0,0.37222221,0.2,1.0,0.0,0.0,1.091472,0.875,0.875,0.1874454,0.99699914,0.0,1.0,0.0,0.0,0.0,1.0,-0.1675,0.08588829,0.0,1.0,0.875,1.0,42.23991,40.408096,38.31497,0.4,0.9
57.117652915811064,1.6670830251906779,133.0,7.0,0,1.6670830251906779,1.6670830251906779,70.0,0.71397066,1.0835415,1.0,0.36944443,0.23333333,1.0,0.0,0.0,1.0835415,0.875,0.875,0.18767458,0.9862723,0.0,1.0,0.0,0.0,0.0,1.0,-0.1675,0.05416605,0.0,1.0,0.875,1.0,42.076527,40.283764,38.19132,0.4,0.9
57.15315239182148,1.6512120280010976,132.0,8.0,0,1.6512120280010976,1.6512120280010976,70.0,0.7144144,1.075606,1.0,0.36666667,0.26666668,1.0,0.0,0.0,1.075606,0.875,0.875,0.18790315,0.97553927,0.0,1.0,0.0,0.0,0.0,1.0,-0.1675,0.022424055,0.0,1.0,0.875,1.0,41.818497,40.09849,38.00246,0.4,0.9
57.12001777573061,1.6353340415461268,131.0,9.0,0,1.6353340415461268,1.6353340415461268,70.0,0.7140002,1.067667,1.0,0.3638889,0.3,1.0,0.0,0.0,1.067667,0.875,0.875,0.17093684,0.9762648,0.0,1.0,0.0,0.0,0.0,1.0,0.0,1.0,0.0,1.0,0.875,1.0,41.21871,40.599213,38.688915,0.4,0.9
56.91951762789686,1.6194955109009435,130.0,10.0,0,1.6194955109009435,1.6194955109009435,70.0,0.71149397,1.0597477,1.0,0.3611111,0.33333334,1.0,0.0,0.0,1.0597477,0.875,0.875,0.16976117,0.96648955,0.0,1.0,0.0,0.0,0.0,1.0,0.0,1.0,0.0,1.0,0.875,1.0,40.97798,40.456104,38.592617,0.4,0.9
56.71967413193421,1.6037125825371952,129.0,11.0,0,1.6037125825371952,1.6037125825371952,70.0,0.70899594,1.0518563,1.0,0.35833332,0.36666667,1.0,0.0,0.0,1.0518563,0.875,0.875,0.16859318,0.9567463,0.0,1.0,0.0,0.0,0.0,1.0,0.0,1.0,0.0,1.0,0.875,1.0,40.7562,40.317684,38.5057,0.4,0.9
56.5204833957351,1.5879850745982047,128.0,12.0,0,1.5879850745982047,1.5879850745982047,70.0,0.706506,1.0439925,1.0,0.35555556,0.4,1.0,0.0,0.0,1.0439925,0.875,0.875,0.16743283,0.94703484,0.0,1.0,0.0,0.0,0.0,1.0,0.0,1.0,0.0,1.0,0.875,1.0,40.50878,40.153435,38.39952,0.4,0.9
56.32194155697062,1.5723128063043355,127.0,13.0,0,1.5723128063043355,1.5723128063043355,70.0,0.70402426,1.0361564,1.0,0.35277778,0.43333334,1.0,0.0,0.0,1.0361564,0.875,0.875,0.16628002,0.93735516,0.0,1.0,0.0,0.0,0.0,1.0,0.0,1.0,0.0,1.0,0.875,1.0,40.251556,39.99345,38.278736,0.4,0.9
56.12404478280366,1.556695597944639,126.0,14.0,0,1.556695597944639,1.556695597944639,70.0,0.70155054,1.0283478,1.0,0.35,0.46666667,1.0,0.0,0.0,1.0283478,0.875,0.875,0.16513474,0.92770725,0.0,1.0,0.0,0.0,0.0,1.0,0.0,1.0,0.0,1.0,0.875,1.0,40.021206,39.82964,38.16557,0.30000000000000004,0.8
55.926789269605266,1.5411332708687482,125.0,15.0,0,1.5411332708687482,1.5411332708687482,70.0,0.6990849,1.0205666,1.0,0.3472222,0.5,1.0,0.0,0.0,1.0205666,0.875,0.875,0.1639969,0.9180909,0.0,1.0,0.0,0.0,0.0,1.0,0.0,1.0,0.0,1.0,0.875,1.0,39.85266,39.68418,38.08045,0.30000000000000004,0.8
55.73017124267387,1.5256256474787584,124.0,16.0,0,1.5256256474787584,1.5256256474787584,70.0,0.69662714,1.0128129,1.0,0.34444445,0.53333336,1.0,0.0,0.0,1.0128129,0.875,0.875,0.16286647,0.9085061,0.0,1.0,0.0,0.0,0.0,1.0,0.0,1.0,0.0,1.0,0.875,1.0,39.669064,39.5296,37.95276,0.30000000000000004,0.8
55.53418695595814,1.5101725512213093,123.0,17.0,0,1.5101725512213093,1.5101725512213093,70.0,0.6941773,1.0050863,1.0,0.34166667,0.56666666,1.0,0.0,0.0,1.0050863,0.875,0.875,0.16174337,0.8989528,0.0,1.0,0.0,0.0,0.0,1.0,0.0,1.0,0.0,1.0,0.875,1.0,39.50018,39.38493,37.73235,0.30000000000000004,0.8
55.33883269178287,1.4947738065796123,122.0,18.0,0,1.4947738065796123,1.4947738065796123,70.0,0.6917354,0.99738693,1.0,0.33888888,0.6,1.0,0.0,0.0,0.99738693,0.875,0.875,0.16062757,0.8894308,0.0,1.0,0.0,0.0,0.0,1.0,0.0,1.0,0.0,1.0,0.875,1.0,39.311512,39.214306,37.497334,0.4,0.9
55.14410476057816,1.479429239065631,121.0,19.0,0,1.479429239065631,1.479429239065631,70.0,0.6893013,0.9897146,1.0,0.3361111,0.6333333,1.0,0.0,0.0,0.9897146,0.875,0.875,0.159519,0.87994015,0.0,1.0,0.0,0.0,0.0,1.0,0.0,0.9788585,0.3125,1.0,0.875,1.0,38.918476,38.99555,37.12983,0.19999999999999996,0.7
55.81261909945801,1.4640173863199024,120.0,1.0,1,1.4640173863199024,1.4640173863199024,70.0,0.69765776,0.9820087,1.0,0.33333334,0.033333335,0.0,1.0,0.0,0.9820087,0.875,0.875,0.16334005,0.86711824,0.0,1.0,0.0,0.0,0.0,1.0,0.0,0.94803476,0.3125,1.0,0.875,0.6333333,38.876278,38.906525,37.09151,0.09999999999999998,0.6
56.469637911749224,1.4484214518838208,119.0,2.0,1,1.4484214518838208,1.4484214518838208,70.0,0.70587045,0.97421074,1.0,0.33055556,0.06666667,0.0,1.0,0.0,0.97421074,0.875,0.875,0.16713724,0.85418946,0.0,1.0,0.0,0.0,0.0,1.0,0.0,0.9168429,0.3125,1.0,0.875,0.6333333,38.897896,38.689266,36.87673,0.30000000000000004,0.8
56.27126143398815,1.4327632841163584,118.0,1.0,0,1.4327632841163584,1.4327632841163584,70.0,0.7033908,0.96638167,1.0,0.32777777,0.033333335,1.0,0.0,0.0,0.96638167,0.875,0.875,0.16598637,0.84451795,0.0,1.0,0.0,0.0,0.0,1.0,0.0,0.8855266,0.3125,1.0,0.875,0.06666667,38.208706,36.958637,36.20963,0.4,0.9
56.07352904514747,1.4171601304864936,117.0,2.0,0,1.4171601304864936,1.4171601304864936,70.0,0.7009191,0.9585801,1.0,0.325,0.06666667,1.0,0.0,0.0,0.9585801,0.875,0.875,0.164843,0.8348781,0.0,1.0,0.0,0.0,0.0,1.0,0.0,0.8543203,0.3125,1.0,0.875,0.06666667,38.128357,36.675964,35.8959,0.5,1.0
55.8764369490239,1.401611812613833,116.0,3.0,0,1.401611812613833,1.401611812613833,70.0,0.69845545,0.9508059,1.0,0.32222223,0.1,1.0,0.0,0.0,0.9508059,0.875,0.875,0.16370706,0.8252698,0.0,1.0,0.0,0.0,0.0,1.0,0.0,0.82322365,0.3125,1.0,0.875,0.06666667,37.90235,36.399254,35.577835,0.5,1.0
55.67998137827047,1.3861181531684217,115.0,4.0,0,1.3861181531684217,1.3861181531684217,70.0,0.69599974,0.9430591,1.0,0.31944445,0.13333334,1.0,0.0,0.0,0.9430591,0.875,0.875,0.16257851,0.8156931,0.0,1.0,0.0,0.0,0.0,1.0,0.0,0.7922363,0.3125,1.0,0.875,0.06666667,37.635498,36.01601,35.253475,0.5,1.0
55.48415859411995,1.3706789758627664,114.0,5.0,0,1.3706789758627664,1.3706789758627664,70.0,0.69355196,0.9353395,1.0,0.31666666,0.16666667,1.0,0.0,0.0,0.9353395,0.875,0.875,0.16145727,0.8061478,0.0,1.0,0.0,0.0,0.0,1.0,0.0,0.76135796,0.3125,1.0,0.875,0.06666667,37.27546,35.623405,34.86751,0.5,1.0
55.28896488611174,1.3552941054439493,113.0,6.0,0,1.3552941054439493,1.3552941054439493,70.0,0.69111204,0.92764705,1.0,0.31388888,0.2,1.0,0.0,0.0,0.92764705,0.875,0.875,0.16034333,0.79663384,0.0,1.0,0.0,0.0,0.0,1.0,0.0,0.7305882,0.3125,1.0,0.875,0.06666667,36.848255,35.423603,34.55759,0.5,1.0
55.09439657182155,1.3399633676858542,112.0,7.0,0,1.3399633676858542,1.3399633676858542,70.0,0.68867993,0.91998166,1.0,0.31111112,0.23333333,1.0,0.0,0.0,0.91998166,0.875,0.875,0.15923661,0.78715116,0.0,1.0,0.0,0.0,0.0,1.0,0.0,0.69992673,0.3125,1.0,0.875,0.06666667,36.440826,35.236523,34.30944,0.5,1.0
54.900449996594375,1.3246865893812938,111.0,8.0,0,1.3246865893812938,1.3246865893812938,70.0,0.68625563,0.9123433,1.0,0.30833334,0.26666668,1.0,0.0,0.0,0.9123433,0.875,0.875,0.15813704,0.7776997,0.0,1.0,0.0,0.0,0.0,1.0,0.0,0.66937315,0.3125,1.0,0.875,0.06666667,36.027126,35.0167,34.04955,0.5,1.0
54.70712153328043,1.3094635983343963,110.0,9.0,0,1.3094635983343963,1.3094635983343963,70.0,0.683839,0.9047318,1.0,0.30555555,0.3,1.0,0.0,0.0,0.9047318,0.875,0.875,0.15704459,0.7682793,0.0,1.0,0.0,0.0,0.0,1.0,0.0,0.6389272,0.3125,1.0,0.875,0.06666667,35.613293,34.702778,33.75767,0.5,1.0
54.51440758197414,1.2942942233530346,109.0,10.0,0,1.2942942233530346,1.2942942233530346,70.0,0.6814301,0.8971471,1.0,0.30277777,0.33333334,1.0,0.0,0.0,0.8971471,0.875,0.875,0.15595919,0.75889003,0.0,1.0,0.0,0.0,0.0,1.0,0.0,0.60858846,0.3125,1.0,0.875,0.06666667,35.22825,34.38359,33.468433,0.5,1.0
54.32230456975589,1.2791782942412553,108.0,11.0,0,1.2791782942412553,1.2791782942412553,70.0,0.6790288,0.88958913,1.0,0.3,0.36666667,1.0,0.0,0.0,0.88958913,0.875,0.875,0.15488082,0.7495316,0.0,1.0,0.0,0.0,0.0,1.0,0.0,0.57835656,0.3125,1.0,0.875,0.06666667,34.828564,34.050774,33.17162,0.5,1.0
54.130808950437086,1.264115641791804,107.0,12.0,0,1.264115641791804,1.264115641791804,70.0,0.6766351,0.88205785,1.0,0.29722223,0.4,1.0,0.0,0.0,0.88205785,0.875,0.875,0.1538094,0.74020416,0.0,1.0,0.0,0.0,0.0,1.0,0.0,0.5482313,0.3125,1.0,0.875,0.06666667,34.40163,33.679546,32.841434,0.5,1.0
53.93991720430775,1.2491060977787924,106.0,13.0,0,1.2491060977787924,1.2491060977787924,70.0,0.674249,0.874553,1.0,0.29444444,0.43333334,1.0,0.0,0.0,0.874553,0.875,0.875,0.15274489,0.7309075,0.0,1.0,0.0,0.0,0.0,1.0,0.0,0.5182122,0.3125,1.0,0.875,0.06666667,33.983166,33.321037,32.520588,0.5,1.0
53.74962583788695,1.234149494950323,105.0,14.0,0,1.234149494950323,1.234149494950323,70.0,0.67187035,0.8670747,1.0,0.29166666,0.46666667,1.0,0.0,0.0,0.8670747,0.875,0.875,0.15168723,0.72164154,0.0,1.0,0.0,0.0,0.0,1.0,0.0,0.48829898,0.3125,1.0,0.875,0.06666667,33.525547,32.905495,32.155552,0.5,1.0
53.55993138367644,1.2192456670212692,104.0,15.0,0,1.2192456670212692,1.2192456670212692,70.0,0.66949916,0.85962284,1.0,0.2888889,0.5,1.0,0.0,0.0,0.85962284,0.875,0.875,0.15063637,0.7124062,0.0,1.0,0.0,0.0,0.0,1.0,0.0,0.45849133,0.3125,1.0,0.875,0.06666667,33.065117,32.48801,31.764172,0.5,1.0
53.37083039991653,1.2043944486660685,103.0,16.0,0,1.2043944486660685,1.2043944486660685,70.0,0.66713536,0.85219723,1.0,0.28611112,0.53333336,1.0,0.0,0.0,0.85219723,0.875,0.875,0.14959228,0.7032015,0.0,1.0,0.0,0.0,0.0,1.0,0.0,0.4287889,0.3125,1.0,0.875,0.06666667,32.60726,32.076714,31.380253,0.5,1.0
53.182319470345085,1.1895956755116686,102.0,17.0,0,1.1895956755116686,1.1895956755116686,70.0,0.664779,0.84479785,1.0,0.28333333,0.56666666,1.0,0.0,0.0,0.84479785,0.875,0.875,0.14855489,0.6940272,0.0,1.0,0.0,0.0,0.0,1.0,0.0,0.39919135,0.3125,1.0,0.875,0.06666667,32.17638,31.700378,31.033236,0.5,1.0
52.99439520395917,1.1748491841303554,101.0,18.0,0,1.1748491841303554,1.1748491841303554,70.0,0.6624299,0.8374246,1.0,0.28055555,0.6,1.0,0.0,0.0,0.8374246,0.875,0.875,0.14752415,0.68488336,0.0,1.0,0.0,0.0,0.0,1.0,0.0,0.36969838,0.3125,1.0,0.875,0.06666667,31.733656,31.231688,30.609802,0.5,1.0
52.80705423477902,1.1601548120328893,100.0,19.0,0,1.1601548120328893,1.1601548120328893,70.0,0.6600882,0.8300774,1.0,0.2777778,0.6333333,1.0,0.0,0.0,0.8300774,0.875,0.875,0.14650002,0.67576987,0.0,1.0,0.0,0.0,0.0,1.0,0.0,0.34030962,0.3125,1.0,0.875,0.06666667,31.256615,30.70134,30.130693,0.5,1.0
52.620293221615164,1.145512397661534,99.0,20.0,0,1.145512397661534,1.145512397661534,70.0,0.65775365,0.8227562,1.0,0.275,0.6666667,1.0,0.0,0.0,0.8227562,0.875,0.875,0.14548247,0.6666866,0.0,1.0,0.0,0.0,0.0,1.0,0.0,0.31102479,0.3125,1.0,0.875,0.06666667,30.822485,30.190784,29.544395,0.5,1.0
52.434108847837756,1.1309217803832503,98.0,21.0,0,1.1309217803832503,1.1309217803832503,70.0,0.6554264,0.81546086,1.0,0.27222222,0.7,1.0,0.0,0.0,0.81546086,0.875,0.875,0.14447142,0.6576336,0.0,1.0,0.0,0.0,0.0,1.0,0.0,0.28184357,0.3125,1.0,0.875,0.06666667,30.438295,29.734236,28.938126,0.5,1.0
52.24849782114846,1.116382800482782,97.0,22.0,0,1.116382800482782,1.116382800482782,70.0,0.6531062,0.8081914,1.0,0.26944444,0.73333335,1.0,0.0,0.0,0.8081914,0.875,0.875,0.14346683,0.64861065,0.0,1.0,0.0,0.0,0.0,1.0,0.0,0.2527656,0.3125,1.0,0.875,0.06666667,30.129223,29.381424,28.381327,0.5,1.0
52.06345687335531,1.1018952991560482,96.0,23.0,0,1.1018952991560482,1.1018952991560482,70.0,0.6507932,0.80094767,1.0,0.26666668,0.76666665,1.0,0.0,0.0,0.80094767,0.875,0.875,0.14246868,0.63961774,0.0,1.0,0.0,0.0,0.0,1.0,0.0,0.2237906,0.3125,1.0,0.875,0.06666667,29.747784,29.029852,27.867083,0.5,1.0
51.878982760149384,1.0874591185034923,95.0,24.0,0,1.0874591185034923,1.0874591185034923,70.0,0.64848727,0.79372954,1.0,0.2638889,0.8,1.0,0.0,0.0,0.79372954,0.875,0.875,0.14147688,0.6306548,0.0,1.0,0.0,0.0,0.0,1.0,0.0,0.19491823,0.3125,1.0,0.875,0.06666667,29.349058,28.707561,27.402437,0.5,1.0
51.69507226088455,1.073074101523357,94.0,25.0,0,1.073074101523357,1.073074101523357,70.0,0.6461884,0.78653705,1.0,0.2611111,0.8333333,1.0,0.0,0.0,0.78653705,0.875,0.875,0.14049143,0.6217218,0.0,1.0,0.0,0.0,0.0,1.0,0.0,0.1661482,0.3125,1.0,0.875,0.06666667,28.986458,28.406452,26.996027,0.5,1.0
51.51172217835927,1.0587400921052925,93.0,26.0,0,1.0587400921052925,1.0587400921052925,70.0,0.6438965,0.77937007,1.0,0.25833333,0.8666667,1.0,0.0,0.0,0.77937007,0.875,0.875,0.13951226,0.61281854,0.0,1.0,0.0,0.0,0.0,1.0,0.0,0.13748018,0.3125,1.0,0.875,0.06666667,28.610744,28.089525,26.60394,0.5,1.0
51.32892933860101,1.0444569350237138,92.0,27.0,0,1.0444569350237138,1.0444569350237138,70.0,0.64161164,0.7722285,1.0,0.25555557,0.9,1.0,0.0,0.0,0.7722285,0.875,0.875,0.13853931,0.6039451,0.0,1.0,0.0,0.0,0.0,1.0,0.0,0.10891387,0.3125,1.0,0.875,0.06666667,28.229202,27.797916,26.23831,0.5,1.0
51.14669059065285,1.03022447593154,91.0,28.0,0,1.03022447593154,1.03022447593154,70.0,0.6393336,0.7651122,1.0,0.25277779,0.93333334,1.0,0.0,0.0,0.7651122,0.875,0.875,0.13757257,0.5951013,0.0,1.0,0.0,0.0,0.0,1.0,0.0,0.080448955,0.3125,1.0,0.875,0.06666667,27.83577,27.521782,25.898273,0.5,1.0
50.96500280636259,1.0160425613536823,90.0,29.0,0,1.0160425613536823,1.0160425613536823,70.0,0.63706255,0.7580213,1.0,0.25,0.96666664,1.0,0.0,0.0,0.7580213,0.875,0.875,0.13661197,0.5862871,0.0,1.0,0.0,0.0,0.0,1.0,0.0,0.052085124,0.3125,1.0,0.875,0.06666667,27.45878,27.256277,25.57031,0.5,1.0
50.78386288017403,1.0019110386808627,89.0,30.0,0,1.0019110386808627,1.0019110386808627,70.0,0.6347983,0.7509555,1.0,0.24722221,1.0,1.0,0.0,0.0,0.7509555,0.875,0.875,0.13565749,0.57750237,0.0,1.0,0.0,0.0,0.0,1.0,0.0,0.023822077,0.3125,1.0,0.875,0.06666667,27.109648,27.013325,25.256289,0.09999999999999998,0.6
50.53713163206786,0.9878312259573114,88.0,31.0,0,0.9878312259573114,0.9878312259573114,70.0,0.63171417,0.7439156,1.0,0.24444444,1.0,1.0,0.0,0.0,0.7439156,0.875,0.875,0.1151106,0.58181375,0.0,1.0,0.0,0.0,0.0,1.0,0.3125,0.39566246,0.0,1.0,0.875,0.06666667,27.077324,27.31056,25.897009,0.09999999999999998,0.6
50.8470658403736,0.9737495341328781,87.0,1.0,1,0.9737495341328781,0.9737495341328781,70.0,0.63558835,0.73687476,1.0,0.24166666,0.033333335,0.0,1.0,0.0,0.73687476,0.875,0.875,0.11650822,0.5714942,0.0,1.0,0.0,0.0,0.0,1.0,0.3125,0.36749905,0.0,1.0,0.875,1.0,25.58098,27.694939,25.132275,0.09999999999999998,0.6
51.15173668412242,0.9595824897968974,86.0,2.0,1,0.9595824897968974,0.9595824897968974,70.0,0.6393967,0.7297912,1.0,0.23888889,0.06666667,0.0,1.0,0.0,0.7297912,0.875,0.875,0.11789004,0.5611283,0.0,1.0,0.0,0.0,0.0,1.0,0.3125,0.33916497,0.0,1.0,0.875,1.0,25.652824,27.775602,25.02098,0.09999999999999998,0.6
51.4512295537922,0.945331542987617,85.0,3.0,1,0.945331542987617,0.945331542987617,70.0,0.6431404,0.7226658,1.0,0.2361111,0.1,0.0,1.0,0.0,0.7226658,0.875,0.875,0.11925601,0.550717,0.0,1.0,0.0,0.0,0.0,1.0,0.3125,0.31066307,0.0,1.0,0.875,1.0,25.714537,27.826693,24.898045,0.09999999999999998,0.6
51.74562859222751,0.9309981201990674,84.0,4.0,1,0.9309981201990674,0.9309981201990674,70.0,0.64682037,0.71549904,1.0,0.23333333,0.13333334,0.0,1.0,0.0,0.71549904,0.875,0.875,0.12060614,0.5402613,0.0,1.0,0.0,0.0,0.0,1.0,0.3125,0.28199625,0.0,1.0,0.875,1.0,25.833038,27.841143,24.81685,0.09999999999999998,0.6
52.03501670804413,0.9165836247257495,83.0,5.0,1,0.9165836247257495,0.9165836247257495,70.0,0.6504377,0.7082918,1.0,0.23055555,0.16666667,0.0,1.0,0.0,0.7082918,0.875,0.875,0.12194042,0.52976215,0.0,1.0,0.0,0.0,0.0,1.0,0.3125,0.25316724,0.0,1.0,0.875,1.0,26.041243,27.859346,24.816154,0.09999999999999998,0.6
52.31947558907018,0.9020894370034966,82.0,6.0,1,0.9020894370034966,0.9020894370034966,70.0,0.6539934,0.70104474,1.0,0.22777778,0.2,0.0,1.0,0.0,0.70104474,0.875,0.875,0.12325885,0.5192204,0.0,1.0,0.0,0.0,0.0,1.0,0.3125,0.22417888,0.0,1.0,0.875,1.0,26.279133,27.878246,24.812147,0.09999999999999998,0.6
52.59908571581436,0.8875169149468078,81.0,7.0,1,0.8875169149468078,0.8875169149468078,70.0,0.6574886,0.6937584,1.0,0.225,0.23333333,0.0,1.0,0.0,0.6937584,0.875,0.875,0.12456146,0.50863695,0.0,1.0,0.0,0.0,0.0,1.0,0.3125,0.19503383,0.0,1.0,0.875,1.0,26.529554,27.881018,24.821648,0.09999999999999998,0.6
52.87392637495341,0.8728673942822205,80.0,8.0,1,0.8728673942822205,0.8728673942822205,70.0,0.6609241,0.6864337,1.0,0.22222222,0.26666668,0.0,1.0,0.0,0.6864337,0.875,0.875,0.12584825,0.49801275,0.0,1.0,0.0,0.0,0.0,1.0,0.3125,0.16573478,0.0,1.0,0.875,1.0,26.77684,27.835659,24.854443,0.09999999999999998,0.6
53.14407567283111,0.8581421888781122,79.0,9.0,1,0.8581421888781122,0.8581421888781122,70.0,0.6643009,0.67907107,1.0,0.21944444,0.3,0.0,1.0,0.0,0.67907107,0.875,0.875,0.12711927,0.48734862,0.0,1.0,0.0,0.0,0.0,1.0,0.3125,0.13628438,0.0,1.0,0.875,1.0,27.038445,27.796665,24.923155,0.09999999999999998,0.6
53.409610548960195,0.8433425910706198,78.0,10.0,1,0.8433425910706198,0.8433425910706198,70.0,0.6676201,0.6716713,1.0,0.21666667,0.33333334,0.0,1.0,0.0,0.6716713,0.875,0.875,0.12837459,0.47664535,0.0,1.0,0.0,0.0,0.0,1.0,0.3125,0.106685184,0.0,1.0,0.875,1.0,27.229761,27.704977,24.953878,0.09999999999999998,0.6
53.670606789521244,0.8284698719859165,77.0,11.0,1,0.8284698719859165,0.8284698719859165,70.0,0.6708826,0.66423494,1.0,0.21388888,0.36666667,0.0,1.0,0.0,0.66423494,0.875,0.875,0.12961419,0.4659038,0.0,1.0,0.0,0.0,0.0,1.0,0.3125,0.07693975,0.0,1.0,0.875,1.0,27.35447,27.561432,24.926329,0.09999999999999998,0.6
53.92713904085044,0.8135252818586345,76.0,12.0,1,0.8135252818586345,0.8135252818586345,70.0,0.67408925,0.65676266,1.0,0.21111111,0.4,0.0,1.0,0.0,0.65676266,0.875,0.875,0.13083817,0.45512474,0.0,1.0,0.0,0.0,0.0,1.0,0.3125,0.047050565,0.0,1.0,0.875,1.0,27.435398,27.364262,24.879019,0.09999999999999998,0.6
53.29657199105634,0.7986340213257535,75.0,1.0,0,0.7986340213257535,0.7986340213257535,70.0,0.66620713,0.649317,1.0,0.20833333,0.033333335,1.0,0.0,0.0,0.649317,0.875,0.875,0.12783948,0.44719636,0.0,1.0,0.0,0.0,0.0,1.0,0.3125,0.017268043,0.0,1.0,0.875,0.4,26.618504,24.163383,24.112309,0.5,1.0
52.84866845421442,0.7839070991450363,74.0,2.0,0,0.7839070991450363,0.7839070991450363,70.0,0.66060835,0.6419535,1.0,0.20555556,0.06666667,1.0,0.0,0.0,0.6419535,0.875,0.875,0.14672722,0.4247866,0.0,1.0,0.0,0.0,0.0,1.0,0.0,0.3878142,0.1525,1.0,0.875,0.4,26.596968,24.013418,24.246916,0.5,1.0
52.66177874693352,0.7692531433382754,73.0,3.0,0,0.7692531433382754,0.7692531433382754,70.0,0.6582722,0.63462657,1.0,0.20277777,0.1,1.0,0.0,0.0,0.63462657,0.875,0.875,0.1457082,0.41569662,0.0,1.0,0.0,0.0,0.0,1.0,0.0,0.3585063,0.1525,1.0,0.875,0.4,26.214302,23.549337,23.84905,0.5,1.0
52.47546641454295,0.7546510202696517,72.0,4.0,0,0.7546510202696517,0.7546510202696517,70.0,0.65594333,0.62732553,1.0,0.2,0.13333334,1.0,0.0,0.0,0.62732553,0.875,0.875,0.14469571,0.40663686,0.0,1.0,0.0,0.0,0.0,1.0,0.0,0.32930204,0.1525,1.0,0.875,0.4,25.766535,23.282114,23.400728,0.5,1.0
52.28972815935282,0.7401005700203704,71.0,5.0,0,0.7401005700203704,0.7401005700203704,70.0,0.6536216,0.6200503,1.0,0.19722222,0.16666667,1.0,0.0,0.0,0.6200503,0.875,0.875,0.14368969,0.39760724,0.0,1.0,0.0,0.0,0.0,1.0,0.0,0.30020115,0.1525,1.0,0.875,0.4,25.373299,23.100794,23.004099,0.5,1.0
52.10456070782918,0.725601633584283,70.0,6.0,0,0.725601633584283,0.725601633584283,70.0,0.651307,0.61280084,1.0,0.19444445,0.2,1.0,0.0,0.0,0.61280084,0.875,0.875,0.1426901,0.38860768,0.0,1.0,0.0,0.0,0.0,1.0,0.0,0.27120328,0.1525,1.0,0.875,0.4,24.986664,22.951166,22.671999,0.5,1.0
51.919960810370654,0.7111540528612394,69.0,7.0,0,0.7111540528612394,0.7111540528612394,70.0,0.6489995,0.60557705,1.0,0.19166666,0.23333333,1.0,0.0,0.0,0.60557705,0.875,0.875,0.14169692,0.3796381,0.0,1.0,0.0,0.0,0.0,1.0,0.0,0.24230811,0.1525,1.0,0.875,0.4,24.527088,22.611658,22.293663,0.5,1.0
51.735925241087514,0.696757670650392,68.0,8.0,0,0.696757670650392,0.696757670650392,70.0,0.6466991,0.59837884,1.0,0.18888889,0.26666668,1.0,0.0,0.0,0.59837884,0.875,0.875,0.14071006,0.37069842,0.0,1.0,0.0,0.0,0.0,1.0,0.0,0.21351534,0.1525,1.0,0.875,0.4,24.044521,22.162786,21.69759,0.5,1.0
51.552450797582935,0.6824123306437002,67.0,9.0,0,0.6824123306437002,0.6824123306437002,70.0,0.64440566,0.5912062,1.0,0.18611111,0.3,1.0,0.0,0.0,0.5912062,0.875,0.875,0.13972948,0.36178857,0.0,1.0,0.0,0.0,0.0,1.0,0.0,0.18482466,0.1525,1.0,0.875,0.4,23.598913,21.652107,21.08997,0.5,1.0
51.36953430073679,0.6681178774193661,66.0,10.0,0,0.6681178774193661,0.6681178774193661,70.0,0.64211917,0.58405894,1.0,0.18333334,0.33333334,1.0,0.0,0.0,0.58405894,0.875,0.875,0.13875516,0.3529085,0.0,1.0,0.0,0.0,0.0,1.0,0.0,0.15623575,0.1525,1.0,0.875,0.4,23.097033,21.136742,20.496233,0.5,1.0
51.18717259449181,0.653874156435478,65.0,11.0,0,0.653874156435478,0.653874156435478,70.0,0.63983965,0.5769371,1.0,0.18055555,0.36666667,1.0,0.0,0.0,0.5769371,0.875,0.875,0.13778704,0.34405807,0.0,1.0,0.0,0.0,0.0,1.0,0.0,0.12774831,0.1525,1.0,0.875,0.4,22.595022,20.612492,19.858152,0.5,1.0
51.00536254564217,0.6396810140235623,64.0,12.0,0,0.6396810140235623,0.6396810140235623,70.0,0.63756704,0.5698405,1.0,0.17777778,0.4,1.0,0.0,0.0,0.5698405,0.875,0.875,0.13682508,0.3352373,0.0,1.0,0.0,0.0,0.0,1.0,0.0,0.09936203,0.1525,1.0,0.875,0.4,22.086773,20.022318,19.147505,0.5,1.0
50.82410104362423,0.6255382973823309,63.0,13.0,0,0.6255382973823309,0.6255382973823309,70.0,0.6353013,0.5627692,1.0,0.175,0.43333334,1.0,0.0,0.0,0.5627692,0.875,0.875,0.13586923,0.32644603,0.0,1.0,0.0,0.0,0.0,1.0,0.0,0.071076594,0.1525,1.0,0.875,0.4,21.563814,19.413515,18.410164,0.5,1.0
50.64338500030973,0.6114458545713717,62.0,14.0,0,0.6114458545713717,0.6114458545713717,70.0,0.63304234,0.55572295,1.0,0.17222223,0.46666667,1.0,0.0,0.0,0.55572295,0.875,0.875,0.13491946,0.31768426,0.0,1.0,0.0,0.0,0.0,1.0,0.0,0.04289171,0.1525,1.0,0.875,0.4,21.065535,18.847479,17.717741,0.5,1.0
50.463211349801085,0.5974035345049629,61.0,15.0,0,0.5974035345049629,0.5974035345049629,70.0,0.6307901,0.54870176,1.0,0.16944444,0.5,1.0,0.0,0.0,0.54870176,0.875,0.875,0.13397573,0.30895188,0.0,1.0,0.0,0.0,0.0,1.0,0.0,0.014807069,0.1525,1.0,0.875,0.4,20.534216,18.262299,17.05036,0.5,1.0
50.182498808235216,0.5834179270389477,60.0,16.0,0,0.5834179270389477,0.5834179270389477,70.0,0.62728125,0.54170895,1.0,0.16666667,0.53333336,1.0,0.0,0.0,0.54170895,0.875,0.875,0.12251095,0.30727133,0.0,1.0,0.0,0.0,0.0,1.0,0.1525,0.78683585,0.23,1.0,0.875,0.4,20.573496,18.29101,18.485447,0.5,1.0
49.78881084979523,0.56953359683693,59.0,17.0,0,0.56953359683693,0.56953359683693,70.0,0.6223601,0.5347668,1.0,0.16388889,0.56666666,1.0,0.0,0.0,0.5347668,0.875,0.875,0.12062246,0.2992741,0.0,1.0,0.0,0.0,0.0,1.0,0.1525,0.7590672,0.23,1.0,0.875,0.4,20.104084,17.650772,17.917578,0.5,1.0
49.396289833648844,0.555758460468418,58.0,18.0,0,0.555758460468418,0.555758460468418,70.0,0.61745363,0.52787924,1.0,0.16111112,0.6,1.0,0.0,0.0,0.52787924,0.875,0.875,0.11875365,0.29133654,0.0,1.0,0.0,0.0,0.0,1.0,0.1525,0.7315169,0.23,1.0,0.875,0.4,19.652695,17.02453,17.306253,0.5,1.0
49.00492558016961,0.5420921952128097,57.0,19.0,0,0.5420921952128097,0.5420921952128097,70.0,0.6125616,0.5210461,1.0,0.15833333,0.6333333,1.0,0.0,0.0,0.5210461,0.875,0.875,0.11690432,0.2834586,0.0,1.0,0.0,0.0,0.0,1.0,0.1525,0.7041844,0.23,1.0,0.875,0.4,19.160847,16.367878,16.671938,0.5,1.0
48.61470799915133,0.528534481164666,56.0,20.0,0,0.528534481164666,0.528534481164666,70.0,0.60768384,0.51426727,1.0,0.15555556,0.6666667,1.0,0.0,0.0,0.51426727,0.875,0.875,0.115074344,0.2756401,0.0,1.0,0.0,0.0,0.0,1.0,0.1525,0.67706895,0.23,1.0,0.875,0.4,18.651379,15.704717,16.031063,0.5,1.0
48.225627088681215,0.5150850012089201,55.0,21.0,0,0.5150850012089201,0.5150850012089201,70.0,0.60282034,0.5075425,1.0,0.15277778,0.7,1.0,0.0,0.0,0.5075425,0.875,0.875,0.11326355,0.26788098,0.0,1.0,0.0,0.0,0.0,1.0,0.1525,0.65017,0.23,1.0,0.875,0.4,18.088808,15.047633,15.334264,0.5,1.0
47.83767293402928,0.5017434409965844,54.0,22.0,0,0.5017434409965844,0.5017434409965844,70.0,0.5979709,0.5008717,1.0,0.15,0.73333335,1.0,0.0,0.0,0.5008717,0.875,0.875,0.111471795,0.2601811,0.0,1.0,0.0,0.0,0.0,1.0,0.1525,0.6234869,0.23,1.0,0.875,0.4,17.519793,14.375442,14.558964,0.5,1.0
47.45083570655285,0.4885094889206236,53.0,23.0,0,0.4885094889206236,0.4885094889206236,70.0,0.5931355,0.49425474,1.0,0.14722222,0.76666665,1.0,0.0,0.0,0.49425474,0.875,0.875,0.109698914,0.25254038,0.0,1.0,0.0,0.0,0.0,1.0,0.1525,0.59701896,0.23,1.0,0.875,0.4,16.935488,13.658424,13.730045,0.5,1.0
47.06510566261698,0.4753828360922867,52.0,24.0,0,0.4753828360922867,0.4753828360922867,70.0,0.5883138,0.48769143,1.0,0.14444445,0.8,1.0,0.0,0.0,0.48769143,0.875,0.875,0.107944794,0.2449587,0.0,1.0,0.0,0.0,0.0,1.0,0.1525,0.5707657,0.23,1.0,0.875,0.4,16.33034,12.908492,12.842625,0.5,1.0
46.68047314252942,0.46236317631754886,51.0,25.0,0,0.46236317631754886,0.46236317631754886,70.0,0.5835059,0.4811816,1.0,0.14166667,0.8333333,1.0,0.0,0.0,0.4811816,0.875,0.875,0.106209256,0.23743595,0.0,1.0,0.0,0.0,0.0,1.0,0.1525,0.5447264,0.23,1.0,0.875,0.4,15.768655,12.302442,11.9960165,0.5,1.0
46.29692856949077,0.44945020607401176,50.0,26.0,0,0.44945020607401176,0.44945020607401176,70.0,0.5787116,0.4747251,1.0,0.1388889,0.8666667,1.0,0.0,0.0,0.4747251,0.875,0.875,0.10449215,0.22997203,0.0,1.0,0.0,0.0,0.0,1.0,0.1525,0.5189004,0.23,1.0,0.875,0.4,15.21918,11.74914,11.219107,0.5,1.0
45.91446244855908,0.4366436244879317,49.0,27.0,0,0.4366436244879317,0.4366436244879317,70.0,0.5739308,0.4683218,1.0,0.13611111,0.9,1.0,0.0,0.0,0.4683218,0.875,0.875,0.102793366,0.22256684,0.0,1.0,0.0,0.0,0.0,1.0,0.1525,0.49328724,0.23,1.0,0.875,0.4,14.662008,11.180176,10.43682,0.5,1.0
45.53306536562873,0.4239431333117807,48.0,28.0,0,0.4239431333117807,0.4239431333117807,70.0,0.5691633,0.46197158,1.0,0.13333334,0.93333334,1.0,0.0,0.0,0.46197158,0.875,0.875,0.101112746,0.21522026,0.0,1.0,0.0,0.0,0.0,1.0,0.1525,0.46788627,0.23,1.0,0.875,0.4,14.119091,10.657209,9.75102,0.5,1.0
45.15272798642338,0.41134843690175416,47.0,29.0,0,0.41134843690175416,0.41134843690175416,70.0,0.5644091,0.45567423,1.0,0.13055556,0.96666664,1.0,0.0,0.0,0.45567423,0.875,0.875,0.099450134,0.2079322,0.0,1.0,0.0,0.0,0.0,1.0,0.1525,0.44269687,0.23,1.0,0.875,0.4,13.602643,10.205077,9.168802,0.5,1.0
44.77344105550301,0.39885924219585434,46.0,30.0,0,0.39885924219585434,0.39885924219585434,70.0,0.559668,0.44942963,1.0,0.12777779,1.0,1.0,0.0,0.0,0.44942963,0.875,0.875,0.09780541,0.20070255,0.0,0.0,0.0,1.0,0.0,1.0,0.1525,0.41771847,0.23,1.0,0.875,0.4,13.517383,9.453451,8.110363,0.5,1.0
44.39519539528434,0.38647525869208366,45.0,31.0,0,0.38647525869208366,0.38647525869208366,70.0,0.5549399,0.44323763,1.0,0.125,1.0,1.0,0.0,0.0,0.44323763,0.875,0.875,0.096178435,0.19353122,0.0,0.0,0.0,1.0,0.0,1.0,0.1525,0.3929505,0.23,1.0,0.875,0.4,13.125659,9.154954,7.6978474,0.5,1.0
44.01798190507453,0.37419619842699703,44.0,32.0,0,0.37419619842699703,0.37419619842699703,70.0,0.5502248,0.4370981,1.0,0.12222222,1.0,1.0,0.0,0.0,0.4370981,0.875,0.875,0.09456908,0.18641809,0.0,0.0,0.0,1.0,0.0,1.0,0.1525,0.3683924,0.23,1.0,0.875,0.4,12.713632,8.846198,7.3024216,0.5,1.0
43.64179156011867,0.36202177595439977,43.0,33.0,0,0.36202177595439977,0.36202177595439977,70.0,0.5455224,0.4310109,1.0,0.119444445,1.0,1.0,0.0,0.0,0.4310109,0.875,0.875,0.0929772,0.17936304,0.0,0.0,0.0,1.0,0.0,1.0,0.1525,0.34404355,0.23,1.0,0.875,0.4,12.306882,8.533959,6.9392347,0.5,1.0
43.2666154106594,0.34995170832448963,42.0,34.0,0,0.34995170832448963,0.34995170832448963,70.0,0.5408327,0.42497584,1.0,0.11666667,1.0,1.0,0.0,0.0,0.42497584,0.875,0.875,0.09140267,0.17236602,0.0,0.0,0.0,1.0,0.0,1.0,0.1525,0.3199034,0.23,1.0,0.875,0.4,11.903042,8.222649,6.575157,0.5,1.0
42.89244458100981,0.3379857150630201,41.0,35.0,0,0.3379857150630201,0.3379857150630201,70.0,0.5361556,0.41899285,1.0,0.11388889,1.0,1.0,0.0,0.0,0.41899285,0.875,0.875,0.08984536,0.16542691,0.0,0.0,0.0,1.0,0.0,1.0,0.1525,0.29597142,0.23,1.0,0.875,0.4,11.497783,7.894358,6.2248755,0.5,1.0
42.51927026863883,0.3261235181510038,40.0,36.0,0,0.3261235181510038,0.3261235181510038,70.0,0.53149086,0.41306177,1.0,0.11111111,1.0,1.0,0.0,0.0,0.41306177,0.875,0.875,0.08830514,0.15854558,0.0,0.0,0.0,1.0,0.0,1.0,0.1525,0.27224705,0.23,1.0,0.875,0.4,11.02096,7.510842,5.8527327,0.4,0.9
42.14708374326864,0.3143648420043732,39.0,37.0,0,0.3143648420043732,0.3143648420043732,70.0,0.52683854,0.40718243,1.0,0.108333334,1.0,1.0,0.0,0.0,0.40718243,0.875,0.875,0.086781874,0.15172197,0.0,0.0,0.0,1.0,0.0,1.0,0.1525,0.24872969,0.23,1.0,0.875,0.4,10.572532,7.119743,5.501214,0.4,0.9
41.775876345984514,0.3027094134541848,38.0,38.0,0,0.3027094134541848,0.3027094134541848,70.0,0.52219844,0.4013547,1.0,0.10555556,1.0,1.0,0.0,0.0,0.4013547,0.875,0.875,0.08527546,0.14495598,0.0,0.0,0.0,1.0,0.0,1.0,0.1525,0.22541882,0.23,1.0,0.875,0.4,10.140138,6.757515,5.1744394,0.4,0.9
41.40563948835651,0.29115696172678085,37.0,39.0,0,0.29115696172678085,0.29115696172678085,70.0,0.5175705,0.39557847,1.0,0.10277778,1.0,1.0,0.0,0.0,0.39557847,0.875,0.875,0.08378574,0.13824748,0.0,0.0,0.0,1.0,0.0,1.0,0.1525,0.20231393,0.23,1.0,0.875,0.4,9.690557,6.364125,4.8531046,0.4,0.9
41.03636465157269,0.2797072184244236,36.0,40.0,0,0.2797072184244236,0.2797072184244236,70.0,0.51295453,0.3898536,1.0,0.1,1.0,1.0,0.0,0.0,0.3898536,0.875,0.875,0.08231263,0.13159639,0.0,0.0,0.0,1.0,0.0,1.0,0.1525,0.17941444,0.23,1.0,0.875,0.4,9.2491255,6.0036845,4.552335,0.4,0.9
40.66804338558412,0.2683599175060287,35.0,41.0,0,0.2683599175060287,0.2683599175060287,70.0,0.50835055,0.38417995,1.0,0.097222224,1.0,1.0,0.0,0.0,0.38417995,0.875,0.875,0.08085598,0.12500262,0.0,0.0,0.0,1.0,0.0,1.0,0.1525,0.15671983,0.23,1.0,0.875,0.4,8.886015,5.715016,4.305269,0.4,0.9
40.30066730826116,0.25711479526822245,34.0,42.0,0,0.25711479526822245,0.25711479526822245,70.0,0.5037584,0.37855738,1.0,0.094444446,1.0,1.0,0.0,0.0,0.37855738,0.875,0.875,0.07941569,0.11846607,0.0,0.0,0.0,1.0,0.0,1.0,0.1525,0.13422959,0.23,1.0,0.875,0.4,8.520323,5.4169874,4.061613,0.4,0.9
39.934228104560795,0.24597159032652627,33.0,43.0,0,0.24597159032652627,0.24597159032652627,70.0,0.49917784,0.3729858,1.0,0.09166667,1.0,1.0,0.0,0.0,0.3729858,0.875,0.875,0.07799162,0.111986645,0.0,0.0,0.0,1.0,0.0,1.0,0.1525,0.11194318,0.23,1.0,0.875,0.4,8.162781,5.1105475,3.8355353,0.4,0.9
39.56871752570503,0.2349300435969326,32.0,44.0,0,0.2349300435969326,0.2349300435969326,70.0,0.49460897,0.36746502,1.0,0.08888889,1.0,1.0,0.0,0.0,0.36746502,0.875,0.875,0.07658367,0.10556425,0.0,0.0,0.0,1.0,0.0,1.0,0.1525,0.08986009,0.23,1.0,0.875,0.4,7.817283,4.8288636,3.6224225,0.4,0.9
39.204127388370054,0.22398989827753724,31.0,45.0,0,0.22398989827753724,0.22398989827753724,70.0,0.4900516,0.36199495,1.0,0.08611111,1.0,1.0,0.0,0.0,0.36199495,0.875,0.875,0.07519172,0.09919879,0.0,0.0,0.0,1.0,0.0,1.0,0.1525,0.0679798,0.23,1.0,0.875,0.4,7.4725895,4.555001,3.3907022,0.4,0.9
38.84044957388605,0.21315089983049873,30.0,46.0,0,0.21315089983049873,0.21315089983049873,70.0,0.4855056,0.35657546,1.0,0.083333336,1.0,1.0,0.0,0.0,0.35657546,0.875,0.875,0.07381566,0.09289016,0.0,0.0,0.0,1.0,0.0,1.0,0.1525,0.0463018,0.23,1.0,0.875,0.4,7.1143913,4.271942,3.1511827,0.4,0.9
38.47767602744755,0.20241279596417527,29.0,47.0,0,0.20241279596417527,0.20241279596417527,70.0,0.48097095,0.3512064,1.0,0.08055556,1.0,1.0,0.0,0.0,0.3512064,0.875,0.875,0.07245536,0.08663829,0.0,0.0,0.0,1.0,0.0,1.0,0.1525,0.024825592,0.23,1.0,0.875,0.4,6.73805,4.0105705,2.9062026,0.4,0.9
38.11579875733381,0.19177533661554236,28.0,48.0,0,0.19177533661554236,0.19177533661554236,70.0,0.4764475,0.34588766,0.96710134,0.07777778,1.0,1.0,0.0,0.0,0.34588766,0.875,0.875,0.07111073,0.08044307,0.0,0.0,0.0,1.0,0.0,1.0,0.1525,0.0035506731,0.23,1.0,0.875,0.4,6.257101,3.8413842,2.567136,0.30000000000000004,0.8
37.66412532966649,0.18124885731979035,27.0,49.0,0,0.18124885731979035,0.18124885731979035,70.0,0.47080156,0.34062442,0.9249954,0.075,1.0,1.0,0.0,0.0,0.34062442,0.875,0.875,0.06686781,0.07625403,0.0,0.0,0.0,1.0,0.0,1.0,0.23,1.0,0.23,1.0,0.875,0.4,6.689226,3.403932,2.1438305,0.30000000000000004,0.8
37.195000403934685,0.170852434448026,26.0,50.0,0,0.170852434448026,0.170852434448026,70.0,0.4649375,0.3354262,0.88340974,0.072222225,1.0,1.0,0.0,0.0,0.3354262,0.875,0.875,0.06522573,0.07041781,0.0,0.0,0.0,1.0,0.0,1.0,0.23,1.0,0.23,1.0,0.875,0.4,6.4258175,3.0042617,1.9240835,0.30000000000000004,0.8
36.727008259704014,0.1605861648658653,25.0,51.0,0,0.1605861648658653,0.1605861648658653,70.0,0.4590876,0.3302931,0.84234464,0.06944445,1.0,1.0,0.0,0.0,0.3302931,0.875,0.875,0.06360751,0.06465244,0.0,0.0,0.0,1.0,0.0,1.0,0.23,1.0,0.23,1.0,0.875,0.4,6.16168,2.6341815,1.705067,0.30000000000000004,0.8
36.260136602967435,0.15044973563862385,24.0,52.0,0,0.15044973563862385,0.15044973563862385,70.0,0.45325172,0.32522488,0.80179894,0.06666667,1.0,1.0,0.0,0.0,0.32522488,0.875,0.875,0.06201298,0.058957834,0.0,0.0,0.0,1.0,0.0,1.0,0.23,1.0,0.23,1.0,0.875,0.4,5.857269,2.1933045,1.4174403,0.30000000000000004,0.8
35.794373237815265,0.140442837232861,23.0,53.0,0,0.140442837232861,0.140442837232861,70.0,0.44742966,0.32022142,0.7617713,0.06388889,1.0,1.0,0.0,0.0,0.32022142,0.875,0.875,0.06044199,0.053333897,0.0,0.0,0.0,1.0,0.0,1.0,0.23,1.0,0.23,1.0,0.875,0.4,5.5245576,1.8653263,1.1307219,0.4,0.9
35.32970606504345,0.13056516348927616,22.0,54.0,0,0.13056516348927616,0.13056516348927616,70.0,0.44162133,0.31528258,0.72226065,0.06111111,1.0,1.0,0.0,0.0,0.31528258,0.875,0.875,0.05889436,0.047780536,0.0,0.0,0.0,1.0,0.0,1.0,0.23,1.0,0.23,1.0,0.875,0.4,5.220598,1.6271516,0.8753411,0.4,0.9
34.86612308078038,0.12081641159605994,21.0,55.0,0,0.12081641159605994,0.12081641159605994,70.0,0.43582654,0.3104082,0.6832656,0.058333334,1.0,1.0,0.0,0.0,0.3104082,0.875,0.875,0.05736996,0.042297635,0.0,0.0,0.0,1.0,0.0,1.0,0.23,1.0,0.23,1.0,0.875,0.4,4.9073153,1.392498,0.64570856,0.4,0.9
34.40361237513292,0.11119628206259335,20.0,56.0,0,0.11119628206259335,0.11119628206259335,70.0,0.43004516,0.30559814,0.6447851,0.055555556,1.0,1.0,0.0,0.0,0.30559814,0.875,0.875,0.055868607,0.036885116,0.0,0.0,0.0,1.0,0.0,1.0,0.23,1.0,0.23,1.0,0.875,0.4,4.5504203,1.1727663,0.4243248,0.4,0.9
33.94216213085036,0.1017044786934882,19.0,57.0,0,0.1017044786934882,0.1017044786934882,70.0,0.42427704,0.30085224,0.6068179,0.05277778,1.0,1.0,0.0,0.0,0.30085224,0.875,0.875,0.05439015,0.031542882,0.0,0.0,0.0,1.0,0.0,1.0,0.23,1.0,0.23,1.0,0.875,0.4,4.219396,0.982956,0.22509904,0.4,0.9
33.48176062200663,0.09234070856316379,18.0,58.0,0,0.09234070856316379,0.09234070856316379,70.0,0.418522,0.29617035,0.5693628,0.05,1.0,1.0,0.0,0.0,0.29617035,0.875,0.875,0.052934453,0.026270837,0.0,0.0,0.0,1.0,0.0,1.0,0.23,1.0,0.23,1.0,0.875,0.4,3.923236,0.81999373,0.06535818,0.04000000000000001,0.9
33.43577770281625,0.09141136219757229,17.900000000000006,58.1,0,0.09141136219757229,0.09141136219757229,70.0,0.41794723,0.29570568,0.56564546,0.04972222,1.0,1.0,0.0,0.0,0.29570568,0.875,0.875,0.052790124,0.025747493,0.0,0.0,0.0,1.0,0.0,1.0,0.23,1.0,0.23,1.0,0.875,0.4,3.9011574,0.8055921,0.054354377,0.04000000000000001,0.9
33.38980514296128,0.09048329297699453,17.80000000000001,58.2,0,0.09048329297699453,0.09048329297699453,70.0,0.41737255,0.29524165,0.56193316,0.049444444,1.0,1.0,0.0,0.0,0.29524165,0.875,0.875,0.05264603,0.025224842,0.0,0.0,0.0,1.0,0.0,1.0,0.23,1.0,0.23,1.0,0.875,0.4,3.8790739,0.79118776,0.04333648,0.04000000000000001,0.9
33.34384293086375,0.08955650061385256,17.700000000000017,58.300000000000004,0,0.08955650061385256,0.08955650061385256,70.0,0.41679803,0.29477826,0.558226,0.04916667,1.0,1.0,0.0,0.0,0.29477826,0.875,0.875,0.052502148,0.024702901,0.0,0.0,0.0,1.0,0.0,1.0,0.23,1.0,0.23,1.0,0.875,0.4,3.8569863,0.77678365,0.032307774,0.04000000000000001,0.9
33.297891054954626,0.08863098482089171,17.600000000000023,58.400000000000006,0,0.08863098482089171,0.08863098482089171,70.0,0.41622365,0.2943155,0.55452394,0.04888889,1.0,1.0,0.0,0.0,0.2943155,0.875,0.875,0.052358508,0.024181651,0.0,0.0,0.0,1.0,0.0,1.0,0.23,1.0,0.23,1.0,0.875,0.4,3.8348908,0.7623721,0.021265224,0.04000000000000001,0.9
33.251949503673664,0.0877067453111593,17.50000000000003,58.50000000000001,0,0.0877067453111593,0.0877067453111593,70.0,0.41564935,0.29385337,0.55082697,0.048611112,1.0,1.0,0.0,0.0,0.29385337,0.875,0.875,0.05221508,0.023661109,0.0,0.0,0.0,1.0,0.0,1.0,0.23,1.0,0.23,1.0,0.875,0.4,3.812721,0.74804,0.010273702,0.04000000000000001,0.9
33.20601826546946,0.08678378179804014,17.400000000000034,58.60000000000001,0,0.08678378179804014,0.08678378179804014,70.0,0.41507524,0.29339188,0.5471351,0.048333332,1.0,1.0,0.0,0.0,0.29339188,0.875,0.875,0.052071888,0.023141261,0.0,0.0,0.0,1.0,0.0,1.0,0.23,1.0,0.23,1.0,0.875,0.4,3.7907717,0.73398966,-0.00044047087,0.04000000000000001,0.9
33.16009732879941,0.08586209399523881,17.30000000000004,58.70000000000001,0,0.08586209399523881,0.08586209399523881,70.0,0.41450122,0.29293105,0.5434484,0.048055556,1.0,1.0,0.0,0.0,0.29293105,0.875,0.875,0.051928915,0.02262212,0.0,0.0,0.0,1.0,0.0,1.0,0.23,1.0,0.23,1.0,0.875,0.4,3.7688935,0.7199897,-0.011108667,0.04000000000000001,0.9
33.11418668212972,0.08494168161677607,17.200000000000045,58.80000000000001,0,0.08494168161677607,0.08494168161677607,70.0,0.41392735,0.29247084,0.5397667,0.04777778,1.0,1.0,0.0,0.0,0.29247084,0.875,0.875,0.05178617,0.022103677,0.0,0.0,0.0,1.0,0.0,1.0,0.23,1.0,0.23,1.0,0.875,0.4,3.7470105,0.7059867,-0.021789178,0.04000000000000001,0.9
33.06828631393535,0.08402254437699597,17.10000000000005,58.90000000000001,0,0.08402254437699597,0.08402254437699597,70.0,0.4133536,0.29201126,0.5360902,0.0475,1.0,1.0,0.0,0.0,0.29201126,0.875,0.875,0.051643647,0.02158593,0.0,0.0,0.0,1.0,0.0,1.0,0.23,1.0,0.23,1.0,0.875,0.4,3.7251208,0.6919791,-0.032482594,0.04000000000000001,0.9
33.022396212700095,0.08310468199055521,17.000000000000057,59.000000000000014,0,0.08310468199055521,0.08310468199055521,70.0,0.41277996,0.29155234,0.5324187,0.047222223,1.0,1.0,0.0,0.0,0.29155234,0.875,0.875,0.051501345,0.021068892,0.0,0.0,0.0,1.0,0.0,1.0,0.23,1.0,0.23,1.0,0.875,0.4,3.703226,0.6779704,-0.04318796,0.04000000000000001,0.9
32.97651636691643,0.08218809417244444,16.900000000000063,59.100000000000016,0,0.08218809417244444,0.08218809417244444,70.0,0.41220644,0.29109403,0.5287524,0.046944443,1.0,1.0,0.0,0.0,0.29109403,0.875,0.875,0.051359277,0.020552544,0.0,0.0,0.0,1.0,0.0,1.0,0.23,1.0,0.23,1.0,0.875,0.4,3.6778765,0.66066676,-0.05649768,0.04000000000000001,0.9
32.93064676508563,0.08127278063796695,16.800000000000068,59.20000000000002,0,0.08127278063796695,0.08127278063796695,70.0,0.41163307,0.2906364,0.5250911,0.046666667,1.0,1.0,0.0,0.0,0.2906364,0.875,0.875,0.05121742,0.020036908,0.0,0.0,0.0,1.0,0.0,1.0,0.23,1.0,0.23,1.0,0.875,0.4,3.6520092,0.6428823,-0.0702018,0.04000000000000001,0.9
32.88478739571771,0.08035874110273511,16.700000000000074,59.30000000000002,0,0.08035874110273511,0.08035874110273511,70.0,0.41105986,0.29017937,0.52143496,0.04638889,1.0,1.0,0.0,0.0,0.29017937,0.875,0.875,0.051075805,0.019521957,0.0,0.0,0.0,1.0,0.0,1.0,0.23,1.0,0.23,1.0,0.875,0.4,3.626033,0.6250095,-0.08399914,0.04000000000000001,0.9
32.83893824733138,0.07944597528269881,16.60000000000008,59.40000000000002,0,0.07944597528269881,0.07944597528269881,70.0,0.41048673,0.28972298,0.5177839,0.04611111,1.0,1.0,0.0,0.0,0.28972298,0.875,0.875,0.050934397,0.019007718,0.0,0.0,0.0,1.0,0.0,1.0,0.23,1.0,0.23,1.0,0.875,0.4,3.6000628,0.60714126,-0.09780118,0.04000000000000001,0.9
32.79309930845405,0.07853448289410991,16.500000000000085,59.50000000000002,0,0.07853448289410991,0.07853448289410991,70.0,0.40991375,0.28926724,0.5141379,0.045833334,1.0,1.0,0.0,0.0,0.28926724,0.875,0.875,0.050793227,0.01849417,0.0,0.0,0.0,1.0,0.0,1.0,0.23,1.0,0.23,1.0,0.875,0.4,3.5740952,0.5892785,-0.11161031,0.04000000000000001,0.9
32.74727056762188,0.07762426365355424,16.40000000000009,59.60000000000002,0,0.07762426365355424,0.07762426365355424,70.0,0.4093409,0.28881213,0.51049703,0.045555554,1.0,1.0,0.0,0.0,0.28881213,0.875,0.875,0.05065227,0.017981328,0.0,0.0,0.0,1.0,0.0,1.0,0.23,1.0,0.23,1.0,0.875,0.4,3.5458167,0.5707202,-0.1255167,0.04000000000000001,0.9
32.701452013379665,0.07671531727791958,16.300000000000097,59.700000000000024,0,0.07671531727791958,0.07671531727791958,70.0,0.40876815,0.28835765,0.50686127,0.045277778,1.0,1.0,0.0,0.0,0.28835765,0.875,0.875,0.050511543,0.017469183,0.0,0.0,0.0,1.0,0.0,1.0,0.23,1.0,0.23,1.0,0.875,0.4,3.514956,0.55231524,-0.13859017,0.04000000000000001,0.9
32.655643634280885,0.0758076434844206,16.200000000000102,59.800000000000026,0,0.0758076434844206,0.0758076434844206,70.0,0.40819556,0.28790382,0.5032306,0.045,1.0,1.0,0.0,0.0,0.28790382,0.875,0.875,0.05037104,0.016957738,0.0,0.0,0.0,1.0,0.0,1.0,0.23,1.0,0.23,1.0,0.875,0.4,3.4847968,0.5349805,-0.15108348,0.04000000000000001,0.9
32.60984541888769,0.07490124199059522,16.100000000000108,59.90000000000003,0,0.07490124199059522,0.07490124199059522,70.0,0.40762308,0.2874506,0.49960497,0.04472222,1.0,1.0,0.0,0.0,0.2874506,0.875,0.875,0.050230753,0.016446993,0.0,0.0,0.0,1.0,0.0,1.0,0.23,1.0,0.23,1.0,0.875,0.4,3.4546552,0.517652,-0.16358225,0.04000000000000001,0.9
32.56405735577087,0.07399611251428695,16.000000000000114,60.00000000000003,0,0.07399611251428695,0.07399611251428695,70.0,0.40705073,0.28699806,0.49598446,0.044444446,1.0,1.0,0.0,0.0,0.28699806,0.875,0.875,0.050090697,0.015936943,0.0,0.0,0.0,1.0,0.0,1.0,0.23,1.0,0.23,1.0,0.875,0.4,3.424901,0.5022163,-0.1743985,0.04000000000000001,0.9
32.51827943350985,0.07309225477366965,15.90000000000012,60.10000000000003,0,0.07309225477366965,0.07309225477366965,70.0,0.4064785,0.28654614,0.49236903,0.044166666,1.0,1.0,0.0,0.0,0.28654614,0.875,0.875,0.049950853,0.015427601,0.0,0.0,0.0,1.0,0.0,1.0,0.23,1.0,0.23,1.0,0.875,0.4,3.3948982,0.48747164,-0.18491985,0.04000000000000001,0.9
32.47251164069267,0.07218966848722275,15.800000000000125,60.20000000000003,0,0.07218966848722275,0.07218966848722275,70.0,0.4059064,0.28609484,0.48875868,0.04388889,1.0,1.0,0.0,0.0,0.28609484,0.875,0.875,0.049811248,0.014918947,0.0,0.0,0.0,1.0,0.0,1.0,0.23,1.0,0.23,1.0,0.875,0.4,3.3649116,0.4727307,-0.1954496,0.04000000000000001,0.9
32.42675396591599,0.07128835337374184,15.70000000000013,60.30000000000003,0,0.07128835337374184,0.07128835337374184,70.0,0.4053344,0.28564417,0.4851534,0.04361111,1.0,1.0,0.0,0.0,0.28564417,0.875,0.875,0.04967185,0.014411002,0.0,0.0,0.0,1.0,0.0,1.0,0.23,1.0,0.23,1.0,0.875,0.4,3.3349469,0.4579956,-0.20598687,0.04000000000000001,0.9
32.38100639778507,0.0703883091523494,15.600000000000136,60.400000000000034,0,0.0703883091523494,0.0703883091523494,70.0,0.40476257,0.28519416,0.48155323,0.043333333,1.0,1.0,0.0,0.0,0.28519416,0.875,0.875,0.04953269,0.013903746,0.0,0.0,0.0,1.0,0.0,1.0,0.23,1.0,0.23,1.0,0.875,0.4,3.303089,0.44209832,-0.21662737,0.04000000000000001,0.9
32.33526892491377,0.06948953554247339,15.500000000000142,60.500000000000036,0,0.06948953554247339,0.06948953554247339,70.0,0.40419087,0.28474477,0.47795814,0.043055557,1.0,1.0,0.0,0.0,0.28474477,0.875,0.875,0.04939374,0.013397197,0.0,0.0,0.0,1.0,0.0,1.0,0.23,1.0,0.23,1.0,0.875,0.4,3.2696652,0.42444462,-0.2276869,0.04000000000000001,0.9
32.28954153592447,0.06859203226387578,15.400000000000148,60.60000000000004,0,0.06859203226387578,0.06859203226387578,70.0,0.40361926,0.284296,0.47436813,0.042777777,1.0,1.0,0.0,0.0,0.284296,0.875,0.875,0.04925502,0.012891341,0.0,0.0,0.0,1.0,0.0,1.0,0.23,1.0,0.23,1.0,0.875,0.4,3.2362425,0.40630454,-0.23895411,0.04000000000000001,0.9
32.24382421944817,0.06769579903661338,15.300000000000153,60.70000000000004,0,0.06769579903661338,0.06769579903661338,70.0,0.4030478,0.2838479,0.4707832,0.0425,1.0,1.0,0.0,0.0,0.2838479,0.875,0.875,0.04911652,0.012386188,0.0,0.0,0.0,1.0,0.0,1.0,0.23,1.0,0.23,1.0,0.875,0.4,3.2027586,0.38799036,-0.25038207,0.04000000000000001,0.9
32.198116964124374,0.06680083558107697,15.20000000000016,60.80000000000004,0,0.06680083558107697,0.06680083558107697,70.0,0.40247646,0.28340042,0.46720335,0.04222222,1.0,1.0,0.0,0.0,0.28340042,0.875,0.875,0.04897824,0.0118817305,0.0,0.0,0.0,1.0,0.0,1.0,0.23,1.0,0.23,1.0,0.875,0.4,3.169045,0.36916965,-0.2622441,0.04000000000000001,0.9
32.15241975860114,0.06590714161795574,15.100000000000165,60.90000000000004,0,0.06590714161795574,0.06590714161795574,70.0,0.40190524,0.28295356,0.46362856,0.041944444,1.0,1.0,0.0,0.0,0.28295356,0.875,0.875,0.048840184,0.011377972,0.0,0.0,0.0,1.0,0.0,1.0,0.23,1.0,0.23,1.0,0.875,0.4,3.135363,0.350366,-0.27411085,0.04000000000000001,0.9
32.106732591535064,0.0650147168682551,15.00000000000017,61.00000000000004,0,0.0650147168682551,0.0650147168682551,70.0,0.40133417,0.28250736,0.46005887,0.041666668,1.0,1.0,0.0,0.0,0.28250736,0.875,0.875,0.048702344,0.010874915,0.0,0.0,0.0,1.0,0.0,1.0,0.23,1.0,0.23,1.0,0.875,0.4,3.1000934,0.33131903,-0.28588855,0.04000000000000001,0.9
32.06105545159124,0.06412356105331796,14.900000000000176,61.100000000000044,0,0.06412356105331796,0.06412356105331796,70.0,0.40076318,0.2820618,0.45649424,0.041388888,1.0,1.0,0.0,0.0,0.2820618,0.875,0.875,0.048564736,0.01037255,0.0,0.0,0.0,1.0,0.0,1.0,0.23,1.0,0.23,1.0,0.875,0.4,3.0702624,0.31267685,-0.2952373,0.04000000000000001,0.9
32.01538832744325,0.06323367389477852,14.800000000000182,61.200000000000045,0,0.06323367389477852,0.06323367389477852,70.0,0.40019235,0.28161684,0.45293468,0.04111111,1.0,1.0,0.0,0.0,0.28161684,0.875,0.875,0.048427336,0.009870891,0.0,0.0,0.0,1.0,0.0,1.0,0.23,1.0,0.23,1.0,0.875,0.4,3.0407534,0.2941568,-0.30416787,0.04000000000000001,0.9
31.96973120777318,0.06234505511459432,14.700000000000188,61.30000000000005,0,0.06234505511459432,0.06234505511459432,70.0,0.39962164,0.2811725,0.44938022,0.04083333,1.0,1.0,0.0,0.0,0.2811725,0.875,0.875,0.048290174,0.009369921,0.0,0.0,0.0,1.0,0.0,1.0,0.23,1.0,0.23,1.0,0.875,0.4,3.0109024,0.27589914,-0.31214243,0.04000000000000001,0.9
31.924084081271584,0.06145770443503196,14.600000000000193,61.40000000000005,0,0.06145770443503196,0.06145770443503196,70.0,0.39905104,0.28072885,0.44583082,0.040555555,1.0,1.0,0.0,0.0,0.28072885,0.875,0.875,0.048153214,0.00886966,0.0,0.0,0.0,1.0,0.0,1.0,0.23,1.0,0.23,1.0,0.875,0.4,2.9810781,0.2576582,-0.32012832,0.04000000000000001,0.9
31.878446936637477,0.060571621578681345,14.500000000000199,61.50000000000005,0,0.060571621578681345,0.060571621578681345,70.0,0.3984806,0.2802858,0.4422865,0.04027778,1.0,1.0,0.0,0.0,0.2802858,0.875,0.875,0.048016496,0.008370085,0.0,0.0,0.0,1.0,0.0,1.0,0.23,1.0,0.23,1.0,0.875,0.4,2.951299,0.23947321,-0.32806653,0.04000000000000001,0.9
31.832819762578332,0.05968680626843792,14.400000000000205,61.60000000000005,0,0.05968680626843792,0.05968680626843792,70.0,0.39791024,0.2798434,0.43874723,0.04,1.0,1.0,0.0,0.0,0.2798434,0.875,0.875,0.047879983,0.007871217,0.0,0.0,0.0,1.0,0.0,1.0,0.23,1.0,0.23,1.0,0.875,0.4,2.9226806,0.22369844,-0.33255297,0.04000000000000001,0.9
31.787202547810043,0.05880325822750976,14.30000000000021,61.70000000000005,0,0.05880325822750976,0.05880325822750976,70.0,0.39734003,0.27940163,0.43521303,0.039722223,1.0,1.0,0.0,0.0,0.27940163,0.875,0.875,0.0477437,0.0073730396,0.0,0.0,0.0,1.0,0.0,1.0,0.23,1.0,0.23,1.0,0.875,0.4,2.8941336,0.20758083,-0.33799207,0.04000000000000001,0.9
31.741595281056952,0.057920977179428235,14.200000000000216,61.800000000000054,0,0.057920977179428235,0.057920977179428235,70.0,0.39676994,0.2789605,0.4316839,0.039444443,1.0,1.0,0.0,0.0,0.2789605,0.875,0.875,0.04760763,0.006875565,0.0,0.0,0.0,1.0,0.0,1.0,0.23,1.0,0.23,1.0,0.875,0.4,2.8656178,0.19140637,-0.34363663,0.04000000000000001,0.9
31.695997951051805,0.05703996284803026,14.100000000000222,61.900000000000055,0,0.05703996284803026,0.05703996284803026,70.0,0.39619997,0.27852,0.42815986,0.039166667,1.0,1.0,0.0,0.0,0.27852,0.875,0.875,0.047471784,0.0063787852,0.0,0.0,0.0,1.0,0.0,1.0,0.23,1.0,0.23,1.0,0.875,0.4,2.837127,0.17524484,-0.34929323,0.04000000000000001,0.9
31.650410546535745,0.056160214957472476,14.000000000000227,62.00000000000006,0,0.056160214957472476,0.056160214957472476,70.0,0.39563012,0.2780801,0.42464086,0.03888889,1.0,1.0,0.0,0.0,0.2780801,0.875,0.875,0.04733616,0.0058827032,0.0,0.0,0.0,1.0,0.0,1.0,0.23,1.0,0.23,1.0,0.875,0.4,2.8086612,0.15909764,-0.3549652,0.04000000000000001,0.9
31.604833056258308,0.055281733232213526,13.900000000000233,62.10000000000006,0,0.055281733232213526,0.055281733232213526,70.0,0.39506042,0.27764088,0.42112693,0.03861111,1.0,1.0,0.0,0.0,0.27764088,0.875,0.875,0.04720075,0.0053873206,0.0,0.0,0.0,1.0,0.0,1.0,0.23,1.0,0.23,1.0,0.875,0.4,2.7802188,0.14296028,-0.36065096,0.04000000000000001,0.9
31.55926546897742,0.054404517397024676,13.800000000000239,62.20000000000006,0,0.054404517397024676,0.054404517397024676,70.0,0.3944908,0.27720225,0.41761807,0.038333334,1.0,1.0,0.0,0.0,0.27720225,0.875,0.875,0.04706557,0.0048926314,0.0,0.0,0.0,1.0,0.0,1.0,0.23,1.0,0.23,1.0,0.875,0.4,2.751646,0.12660518,-0.36620694,0.04000000000000001,0.9
31.51370777345935,0.05352856717700405,13.700000000000244,62.30000000000006,0,0.05352856717700405,0.05352856717700405,70.0,0.39392135,0.27676427,0.41411427,0.038055554,1.0,1.0,0.0,0.0,0.27676427,0.875,0.875,0.0469306,0.004398646,0.0,0.0,0.0,1.0,0.0,1.0,0.23,1.0,0.23,1.0,0.875,0.4,2.7215798,0.109659,-0.3719327,0.04000000000000001,0.9
31.468159958478736,0.05265388229754464,13.60000000000025,62.40000000000006,0,0.05265388229754464,0.05265388229754464,70.0,0.393352,0.27632695,0.41061553,0.037777778,1.0,1.0,0.0,0.0,0.27632695,0.875,0.875,0.04679586,0.0039053482,0.0,0.0,0.0,1.0,0.0,1.0,0.23,1.0,0.23,1.0,0.875,0.4,2.691124,0.09261958,-0.37776637,0.04000000000000001,0.9
31.422622012818543,0.051780462484366296,13.500000000000256,62.500000000000064,0,0.051780462484366296,0.051780462484366296,70.0,0.39278278,0.27589023,0.40712184,0.0375,1.0,1.0,0.0,0.0,0.27589023,0.875,0.875,0.046661325,0.0034127592,0.0,0.0,0.0,1.0,0.0,1.0,0.23,1.0,0.23,1.0,0.875,0.4,2.6606934,0.07559283,-0.3836115,0.04000000000000001,0.9
31.377093925270085,0.05090830746348374,13.400000000000261,62.600000000000065,0,0.05090830746348374,0.05090830746348374,70.0,0.39221367,0.27545416,0.40363324,0.03722222,1.0,1.0,0.0,0.0,0.27545416,0.875,0.875,0.046527028,0.0029208537,0.0,0.0,0.0,1.0,0.0,1.0,0.23,1.0,0.23,1.0,0.875,0.4,2.6302907,0.058579072,-0.3894726,0.04000000000000001,0.9
31.331575684632984,0.05003741696123498,13.300000000000267,62.70000000000007,0,0.05003741696123498,0.05003741696123498,70.0,0.3916447,0.27501872,0.40014967,0.036944445,1.0,1.0,0.0,0.0,0.27501872,0.875,0.875,0.046392933,0.0024296562,0.0,0.0,0.0,1.0,0.0,1.0,0.23,1.0,0.23,1.0,0.875,0.4,2.5999143,0.04157968,-0.39534837,0.04000000000000001,0.9
31.286067279715166,0.04916779070426358,13.200000000000273,62.80000000000007,0,0.04916779070426358,0.04916779070426358,70.0,0.39107585,0.2745839,0.39667118,0.036666665,1.0,1.0,0.0,0.0,0.2745839,0.875,0.875,0.04625907,0.0019391463,0.0,0.0,0.0,1.0,0.0,1.0,0.23,1.0,0.23,1.0,0.875,0.4,2.5699856,0.025085554,-0.40071374,0.04000000000000001,0.9
31.240568699332844,0.04829942841952928,13.100000000000279,62.90000000000007,0,0.04829942841952928,0.04829942841952928,70.0,0.3905071,0.27414972,0.39319772,0.03638889,1.0,1.0,0.0,0.0,0.27414972,0.875,0.875,0.04612542,0.0014493403,0.0,0.0,0.0,1.0,0.0,1.0,0.23,1.0,0.23,1.0,0.875,0.4,2.5402076,0.008749172,-0.4059415,0.04000000000000001,0.9
31.195079932310527,0.047432329834293796,13.000000000000284,63.00000000000007,0,0.047432329834293796,0.047432329834293796,70.0,0.3899385,0.27371615,0.38972932,0.036111113,1.0,1.0,0.0,0.0,0.27371615,0.875,0.875,0.04599199,0.0009602258,0.0,0.0,0.0,1.0,0.0,1.0,0.23,1.0,0.23,1.0,0.875,0.4,2.5104563,-0.0075712055,-0.41118068,0.04000000000000001,0.9
31.149600967480986,0.046566494676142156,12.90000000000029,63.10000000000007,0,0.046566494676142156,0.046566494676142156,70.0,0.38937002,0.27328324,0.386266,0.035833333,1.0,1.0,0.0,0.0,0.27328324,0.875,0.875,0.045858778,0.00047181075,0.0,0.0,0.0,1.0,0.0,1.0,0.23,1.0,0.23,1.0,0.875,0.4,2.4809196,-0.023726061,-0.41620463,0.04000000000000001,0.9
31.104131793685248,0.04570192267296136,12.800000000000296,63.200000000000074,0,0.04570192267296136,0.04570192267296136,70.0,0.38880163,0.27285096,0.3828077,0.035555556,1.0,1.0,0.0,0.0,0.27285096,0.875,0.875,0.045725785,-1.5908689e-05,0.0,0.0,0.0,1.0,0.0,1.0,0.23,1.0,0.23,1.0,0.875,0.4,2.4551637,-0.036761984,-0.41658932,0.04000000000000001,0.9
31.058672399772583,0.04483861355294394,12.700000000000301,63.300000000000075,0,0.04483861355294394,0.04483861355294394,70.0,0.3882334,0.2724193,0.37935445,0.035277776,1.0,1.0,0.0,0.0,0.2724193,0.875,0.875,0.045593012,-0.00050293305,0.0,0.0,0.0,1.0,0.0,1.0,0.23,1.0,0.23,1.0,0.875,0.4,2.429431,-0.04978825,-0.41699558,0.04000000000000001,0.9
31.013222774600504,0.043976567044598625,12.600000000000307,63.40000000000008,0,0.043976567044598625,0.043976567044598625,70.0,0.38766527,0.27198827,0.37590626,0.035,1.0,1.0,0.0,0.0,0.27198827,0.875,0.875,0.045460455,-0.0009892578,0.0,0.0,0.0,1.0,0.0,1.0,0.23,1.0,0.23,1.0,0.875,0.4,2.4037206,-0.06280397,-0.41741943,0.04000000000000001,0.9
30.96778290703474,0.04311578287673612,12.500000000000313,63.50000000000008,0,0.04311578287673612,0.04311578287673612,70.0,0.3870973,0.2715579,0.37246314,0.034722224,1.0,1.0,0.0,0.0,0.2715579,0.875,0.875,0.04532812,-0.0014748919,0.0,0.0,0.0,1.0,0.0,1.0,0.23,1.0,0.23,1.0,0.875,0.4,2.378002,-0.075351134,-0.41792148,0.04000000000000001,0.9
30.922352785949233,0.04225626077849398,12.400000000000318,63.60000000000008,0,0.04225626077849398,0.04225626077849398,70.0,0.38652942,0.27112812,0.36902505,0.034444444,1.0,1.0,0.0,0.0,0.27112812,0.875,0.875,0.045195993,-0.0019598224,0.0,0.0,0.0,1.0,0.0,1.0,0.23,1.0,0.23,1.0,0.875,0.4,2.3521256,-0.08666684,-0.41826868,0.04000000000000001,0.9
30.876932400226114,0.04139800047928688,12.300000000000324,63.70000000000008,0,0.04139800047928688,0.04139800047928688,70.0,0.38596165,0.270699,0.365592,0.034166668,1.0,1.0,0.0,0.0,0.270699,0.875,0.875,0.0450641,-0.0024440666,0.0,0.0,0.0,1.0,0.0,1.0,0.23,1.0,0.23,1.0,0.875,0.4,2.3261325,-0.098005846,-0.41853088,0.04000000000000001,0.9
30.83152173875571,0.040541001708877644,12.20000000000033,63.80000000000008,0,0.040541001708877644,0.040541001708877644,70.0,0.385394,0.2702705,0.36216402,0.033888888,1.0,1.0,0.0,0.0,0.2702705,0.875,0.875,0.044932406,-0.0029276032,0.0,0.0,0.0,1.0,0.0,1.0,0.23,1.0,0.23,1.0,0.875,0.4,2.3001652,-0.10933523,-0.41881198,0.04000000000000001,0.9
30.78612079043652,0.03968526419731333,12.100000000000335,63.900000000000084,0,0.03968526419731333,0.03968526419731333,70.0,0.3848265,0.26984262,0.35874104,0.03361111,1.0,1.0,0.0,0.0,0.26984262,0.875,0.875,0.044800952,-0.0034104576,0.0,0.0,0.0,1.0,0.0,1.0,0.23,1.0,0.23,1.0,0.875,0.4,2.274219,-0.12065701,-0.41911298,0.04000000000000001,0.9
30.740729544175203,0.038830787674953626,12.000000000000341,64.00000000000009,0,0.038830787674953626,0.038830787674953626,70.0,0.3842591,0.2694154,0.35532314,0.033333335,1.0,1.0,0.0,0.0,0.2694154,0.875,0.875,0.044669695,-0.0038926047,0.0,0.0,0.0,1.0,0.0,1.0,0.23,1.0,0.23,1.0,0.875,0.4,2.2475414,-0.13135545,-0.4203902,0.04000000000000001,0.9
30.695347988886564,0.0379775718724602,11.900000000000347,64.10000000000008,0,0.0379775718724602,0.0379775718724602,70.0,0.38369185,0.2689888,0.3519103,0.033055555,1.0,1.0,0.0,0.0,0.2689888,0.875,0.875,0.04453867,-0.004374066,0.0,0.0,0.0,1.0,0.0,1.0,0.23,1.0,0.23,1.0,0.875,0.4,2.2157512,-0.14446731,-0.42557377,0.04000000000000001,0.9
30.649976113493572,0.03712561652082158,11.800000000000352,64.20000000000007,0,0.03712561652082158,0.03712561652082158,70.0,0.3831247,0.2685628,0.34850246,0.03277778,1.0,1.0,0.0,0.0,0.2685628,0.875,0.875,0.044407852,-0.004854824,0.0,0.0,0.0,1.0,0.0,1.0,0.23,1.0,0.23,1.0,0.875,0.4,2.183988,-0.15757538,-0.4307689,0.04000000000000001,0.9
30.60461390692729,0.03627492135129984,11.700000000000358,64.30000000000007,0,0.03627492135129984,0.03627492135129984,70.0,0.38255766,0.26813745,0.3450997,0.0325,1.0,1.0,0.0,0.0,0.26813745,0.875,0.875,0.04427726,-0.005334892,0.0,0.0,0.0,1.0,0.0,1.0,0.23,1.0,0.23,1.0,0.875,0.4,2.1522563,-0.17067938,-0.43598002,0.04000000000000001,0.9
30.559261358126914,0.03542548609550167,11.600000000000364,64.40000000000006,0,0.03542548609550167,0.03542548609550167,70.0,0.38199076,0.26771274,0.34170195,0.032222223,1.0,1.0,0.0,0.0,0.26771274,0.875,0.875,0.044146877,-0.0058142613,0.0,0.0,0.0,1.0,0.0,1.0,0.23,1.0,0.23,1.0,0.875,0.4,2.1205535,-0.1837764,-0.44120318,0.04000000000000001,0.9
30.51391845603975,0.03457731048531798,11.50000000000037,64.50000000000006,0,0.03457731048531798,0.03457731048531798,70.0,0.38142398,0.26728866,0.33830923,0.031944446,1.0,1.0,0.0,0.0,0.26728866,0.875,0.875,0.044016715,-0.006292937,0.0,0.0,0.0,1.0,0.0,1.0,0.23,1.0,0.23,1.0,0.875,0.4,2.088881,-0.19686879,-0.44643843,0.04000000000000001,0.9
30.468585189621177,0.03373039425295943,11.400000000000375,64.60000000000005,0,0.03373039425295943,0.03373039425295943,70.0,0.38085732,0.2668652,0.33492157,0.031666666,1.0,1.0,0.0,0.0,0.2668652,0.875,0.875,0.04388677,-0.0067709177,0.0,0.0,0.0,1.0,0.0,1.0,0.23,1.0,0.23,1.0,0.875,0.4,2.0570333,-0.21063618,-0.45141357,0.04000000000000001,0.9
30.423261547834663,0.03288473713092799,11.30000000000038,64.70000000000005,0,0.03288473713092799,0.03288473713092799,70.0,0.38029078,0.26644236,0.33153895,0.03138889,1.0,1.0,0.0,0.0,0.26644236,0.875,0.875,0.04375704,-0.007248201,0.0,0.0,0.0,1.0,0.0,1.0,0.23,1.0,0.23,1.0,0.875,0.4,2.0247352,-0.22587363,-0.45583928,0.04000000000000001,0.9
30.37794751965176,0.03204033885204893,11.200000000000387,64.80000000000004,0,0.03204033885204893,0.03204033885204893,70.0,0.37972435,0.26602018,0.32816136,0.031111112,1.0,1.0,0.0,0.0,0.26602018,0.875,0.875,0.04362753,-0.007724793,0.0,0.0,0.0,1.0,0.0,1.0,0.23,1.0,0.23,1.0,0.875,0.4,1.991246,-0.24082266,-0.4625867,0.04000000000000001,0.9
30.33264309405205,0.031197199149449517,11.100000000000392,64.90000000000003,0,0.031197199149449517,0.031197199149449517,70.0,0.37915805,0.2655986,0.3247888,0.030833334,1.0,1.0,0.0,0.0,0.2655986,0.875,0.875,0.043498226,-0.0082006855,0.0,0.0,0.0,1.0,0.0,1.0,0.23,1.0,0.23,1.0,0.875,0.4,1.9554583,-0.25791788,-0.47153497,0.04000000000000001,0.9
30.287348260023176,0.03035531775655187,11.000000000000398,65.00000000000003,0,0.03035531775655187,0.03035531775655187,70.0,0.37859187,0.26517767,0.32142127,0.030555556,1.0,1.0,0.0,0.0,0.26517767,0.875,0.875,0.04336915,-0.00867589,0.0,0.0,0.0,1.0,0.0,1.0,0.23,1.0,0.23,1.0,0.875,0.4,1.9172252,-0.27612847,-0.48418748,0.04000000000000001,0.9
30.242063006560812,0.029514694407090758,10.900000000000404,65.10000000000002,0,0.029514694407090758,0.029514694407090758,70.0,0.3780258,0.26475734,0.3180588,0.030277777,1.0,1.0,0.0,0.0,0.26475734,0.875,0.875,0.04324028,-0.0091503905,0.0,0.0,0.0,1.0,0.0,1.0,0.23,1.0,0.23,1.0,0.875,0.4,1.8785975,-0.29451948,-0.49749088,0.04000000000000001,0.9
30.196787322668662,0.028675328835110037,10.80000000000041,65.20000000000002,0,0.028675328835110037,0.028675328835110037,70.0,0.37745985,0.26433766,0.31470132,0.03,1.0,1.0,0.0,0.0,0.26433766,0.875,0.875,0.04311164,-0.009624207,0.0,0.0,0.0,1.0,0.0,1.0,0.23,1.0,0.23,1.0,0.875,0.4,1.8400968,-0.31280422,-0.51073,0.04000000000000001,0.9
30.15152119735843,0.02783722077495554,10.700000000000415,65.30000000000001,0,0.02783722077495554,0.02783722077495554,70.0,0.37689403,0.2639186,0.3113489,0.029722223,1.0,1.0,0.0,0.0,0.2639186,0.875,0.875,0.042983197,-0.010097318,0.0,0.0,0.0,1.0,0.0,1.0,0.23,1.0,0.23,1.0,0.875,0.4,1.8014896,-0.3307193,-0.5248302,0.04000000000000001,0.9
30.10626461964982,0.027000369961275084,10.60000000000042,65.4,0,0.027000369961275084,0.027000369961275084,70.0,0.37632832,0.26350018,0.3080015,0.029444445,1.0,1.0,0.0,0.0,0.26350018,0.875,0.875,0.04285499,-0.010569747,0.0,0.0,0.0,1.0,0.0,1.0,0.23,1.0,0.23,1.0,0.875,0.4,1.7628602,-0.34880835,-0.53922397,0.04000000000000001,0.9
30.061017578570517,0.02616477612902912,10.500000000000426,65.5,0,0.02616477612902912,0.02616477612902912,70.0,0.37576273,0.26308239,0.3046591,0.029166667,1.0,1.0,0.0,0.0,0.26308239,0.875,0.875,0.042726982,-0.01104147,0.0,0.0,0.0,1.0,0.0,1.0,0.23,1.0,0.23,1.0,0.875,0.4,1.7242733,-0.36719966,-0.5538163,0.04000000000000001,0.9
30.015780063156207,0.02533043901348364,10.400000000000432,65.6,0,0.02533043901348364,0.02533043901348364,70.0,0.37519726,0.2626652,0.30132174,0.028888889,1.0,1.0,0.0,0.0,0.2626652,0.875,0.875,0.0425992,-0.011512508,0.0,0.0,0.0,1.0,0.0,1.0,0.23,1.0,0.23,1.0,0.875,0.4,1.6850126,-0.38596505,-0.56877595,0.04000000000000001,0.9
29.97055206245051,0.024497358350203058,10.300000000000438,65.69999999999999,0,0.024497358350203058,0.024497358350203058,70.0,0.3746319,0.26224867,0.29798943,0.02861111,1.0,1.0,0.0,0.0,0.26224867,0.875,0.875,0.042471625,-0.011982845,0.0,0.0,0.0,1.0,0.0,1.0,0.23,1.0,0.23,1.0,0.875,0.4,1.6451733,-0.40489423,-0.5841179,0.04000000000000001,0.9
29.92533356550501,0.023665533875050215,10.200000000000443,65.79999999999998,0,0.023665533875050215,0.023665533875050215,70.0,0.37406668,0.26183277,0.29466215,0.028333334,1.0,1.0,0.0,0.0,0.26183277,0.875,0.875,0.042344272,-0.012452493,0.0,0.0,0.0,1.0,0.0,1.0,0.23,1.0,0.23,1.0,0.875,0.4,1.6053854,-0.42380047,-0.5994471,0.04000000000000001,0.9
29.880124561379233,0.02283496532420415,10.100000000000449,65.89999999999998,0,0.02283496532420415,0.02283496532420415,70.0,0.37350157,0.26141748,0.29133987,0.028055556,1.0,1.0,0.0,0.0,0.26141748,0.875,0.875,0.04221713,-0.012921443,0.0,0.0,0.0,1.0,0.0,1.0,0.23,1.0,0.23,1.0,0.875,0.4,1.5656478,-0.4426859,-0.6147634,0.04000000000000001,0.9
29.834925039140643,0.022005652434138767,10.000000000000455,65.99999999999997,0,0.022005652434138767,0.022005652434138767,70.0,0.37293658,0.26100284,0.2880226,0.027777778,1.0,1.0,0.0,0.0,0.26100284,0.875,0.875,0.042090204,-0.013389702,0.0,0.0,0.0,1.0,0.0,1.0,0.23,1.0,0.23,1.0,0.875,0.4,1.5259616,-0.46155024,-0.6300663,0.04000000000000001,0.9
29.789734987864605,0.02117759494164062,9.90000000000046,66.09999999999997,0,0.02117759494164062,0.02117759494164062,70.0,0.37237167,0.2605888,0.28471038,0.0275,1.0,1.0,0.0,0.0,0.2605888,0.875,0.875,0.041963495,-0.013857266,0.0,0.0,0.0,1.0,0.0,1.0,0.23,1.0,0.23,1.0,0.875,0.4,1.4867078,-0.4786232,-0.64293563,0.04000000000000001,0.9
29.744554396634417,0.020350792583784028,9.800000000000466,66.19999999999996,0,0.020350792583784028,0.020350792583784028,70.0,0.37180692,0.2601754,0.28140318,0.027222222,1.0,1.0,0.0,0.0,0.2601754,0.875,0.875,0.041836996,-0.014324135,0.0,0.0,0.0,1.0,0.0,1.0,0.23,1.0,0.23,1.0,0.875,0.4,1.447737,-0.49513197,-0.65494776,0.04000000000000001,0.9
29.699383254541235,0.019525245097966604,9.700000000000472,66.29999999999995,0,0.019525245097966604,0.019525245097966604,70.0,0.37124228,0.25976261,0.27810097,0.026944444,1.0,1.0,0.0,0.0,0.25976261,0.875,0.875,0.041710716,-0.014790314,0.0,0.0,0.0,1.0,0.0,1.0,0.23,1.0,0.23,1.0,0.875,0.4,1.408642,-0.5117124,-0.66695917,0.04000000000000001,0.9
29.654221550684127,0.01870095222188084,9.600000000000477,66.39999999999995,0,0.01870095222188084,0.01870095222188084,70.0,0.37067777,0.25935048,0.27480382,0.026666667,1.0,1.0,0.0,0.0,0.25935048,0.875,0.875,0.041584644,-0.015255794,0.0,0.0,0.0,1.0,0.0,1.0,0.23,1.0,0.23,1.0,0.875,0.4,1.3692377,-0.52854145,-0.6791465,0.04000000000000001,0.9
29.60906927417003,0.01787791369351055,9.500000000000483,66.49999999999994,0,0.01787791369351055,0.01787791369351055,70.0,0.37011337,0.25893897,0.27151164,0.02638889,1.0,1.0,0.0,0.0,0.25893897,0.875,0.875,0.041458797,-0.015720587,0.0,0.0,0.0,1.0,0.0,1.0,0.23,1.0,0.23,1.0,0.875,0.4,1.3298837,-0.5453528,-0.6913258,0.04000000000000001,0.9
29.563926414113723,0.017056129251162844,9.400000000000489,66.59999999999994,0,0.017056129251162844,0.017056129251162844,70.0,0.36954907,0.25852805,0.2682245,0.026111111,1.0,1.0,0.0,0.0,0.25852805,0.875,0.875,0.041333146,-0.016184678,0.0,0.0,0.0,1.0,0.0,1.0,0.23,1.0,0.23,1.0,0.875,0.4,1.2923083,-0.55959845,-0.7010767,0.04000000000000001,0.9
29.51879295963786,0.016235598633421944,9.300000000000495,66.69999999999993,0,0.016235598633421944,0.016235598633421944,70.0,0.3689849,0.2581178,0.2649424,0.025833333,1.0,1.0,0.0,0.0,0.2581178,0.875,0.875,0.04120773,-0.016648088,0.0,0.0,0.0,1.0,0.0,1.0,0.23,1.0,0.23,1.0,0.875,0.4,1.2566316,-0.57110816,-0.7082357,0.04000000000000001,0.9
29.473668899872916,0.015416321579202474,9.2000000000005,66.79999999999993,0,0.015416321579202474,0.015416321579202474,70.0,0.36842087,0.25770816,0.26166528,0.025555555,1.0,1.0,0.0,0.0,0.25770816,0.875,0.875,0.04108251,-0.017110791,0.0,0.0,0.0,1.0,0.0,1.0,0.23,1.0,0.23,1.0,0.875,0.4,1.2210048,-0.5826011,-0.7153873,0.04000000000000001,0.9
29.428554223957207,0.014598297827689066,9.100000000000506,66.89999999999992,0,0.014598297827689066,0.014598297827689066,70.0,0.36785692,0.25729915,0.2583932,0.025277779,1.0,1.0,0.0,0.0,0.25729915,0.875,0.875,0.040957518,-0.017572815,0.0,0.0,0.0,1.0,0.0,1.0,0.23,1.0,0.23,1.0,0.875,0.4,1.1852664,-0.5940903,-0.7225484,0.04000000000000001,0.9
29.38344892103684,0.0137815271183932,9.000000000000512,66.99999999999991,0,0.0137815271183932,0.0137815271183932,70.0,0.36729312,0.25689077,0.25512612,0.025,1.0,1.0,0.0,0.0,0.25689077,0.875,0.875,0.040832724,-0.018034132,0.0,0.0,0.0,1.0,0.0,1.0,0.23,1.0,0.23,1.0,0.875,0.4,1.1494848,-0.60557127,-0.72971004,0.04000000000000001,0.9
29.33835298026575,0.012966009191128336,8.900000000000517,67.09999999999991,0,0.012966009191128336,0.012966009191128336,70.0,0.3667294,0.25648302,0.25186405,0.024722222,1.0,1.0,0.0,0.0,0.25648302,0.875,0.875,0.040708162,-0.018494768,0.0,0.0,0.0,1.0,0.0,1.0,0.23,1.0,0.23,1.0,0.875,0.4,1.1137372,-0.6170241,-0.7368634,0.04000000000000001,0.9
29.29326639080565,0.0121517437859886,8.800000000000523,67.1999999999999,0,0.0121517437859886,0.0121517437859886,70.0,0.36616582,0.25607586,0.24860698,0.024444444,1.0,1.0,0.0,0.0,0.25607586,0.875,0.875,0.040583797,-0.018954702,0.0,0.0,0.0,1.0,0.0,1.0,0.23,1.0,0.23,1.0,0.875,0.4,1.0779778,-0.6284177,-0.74399406,0.04000000000000001,0.9
29.248189141826042,0.01133873064338431,8.700000000000529,67.2999999999999,0,0.01133873064338431,0.01133873064338431,70.0,0.36560237,0.25566936,0.24535492,0.024166666,1.0,1.0,0.0,0.0,0.25566936,0.875,0.875,0.04045966,-0.019413952,0.0,0.0,0.0,1.0,0.0,1.0,0.23,1.0,0.23,1.0,0.875,0.4,1.0423063,-0.63976026,-0.75108284,0.04000000000000001,0.9
29.203121222504205,0.010526969504020656,8.600000000000534,67.39999999999989,0,0.010526969504020656,0.010526969504020656,70.0,0.36503902,0.25526348,0.24210788,0.02388889,1.0,1.0,0.0,0.0,0.25526348,0.875,0.875,0.040335722,-0.019872501,0.0,0.0,0.0,1.0,0.0,1.0,0.23,1.0,0.23,1.0,0.875,0.4,1.0067574,-0.65101904,-0.75809324,0.04000000000000001,0.9
29.158062622025156,0.009716460108908365,8.50000000000054,67.49999999999989,0,0.009716460108908365,0.009716460108908365,70.0,0.3644758,0.25485823,0.23886584,0.023611112,1.0,1.0,0.0,0.0,0.25485823,0.875,0.875,0.040212005,-0.020330364,0.0,0.0,0.0,1.0,0.0,1.0,0.23,1.0,0.23,1.0,0.875,0.4,0.97139907,-0.6622266,-0.7650678,0.04000000000000001,0.9
29.11301332958168,0.00890720219935659,8.400000000000546,67.59999999999988,0,0.00890720219935659,0.00890720219935659,70.0,0.36391267,0.2544536,0.23562881,0.023333333,1.0,1.0,0.0,0.0,0.2544536,0.875,0.875,0.040088497,-0.02078753,0.0,0.0,0.0,1.0,0.0,1.0,0.23,1.0,0.23,1.0,0.875,0.4,0.9406719,-0.67227066,-0.77108467,0.04000000000000001,0.9
29.067973334374287,0.008099195516976465,8.300000000000551,67.69999999999987,0,0.008099195516976465,0.008099195516976465,70.0,0.36334968,0.2540496,0.23239678,0.023055555,1.0,1.0,0.0,0.0,0.2540496,0.875,0.875,0.039965205,-0.021244006,0.0,0.0,0.0,1.0,0.0,1.0,0.23,1.0,0.23,1.0,0.875,0.4,0.9099921,-0.68229544,-0.7770943,0.04000000000000001,0.9
29.022942625611208,0.007292439803670447,8.200000000000557,67.79999999999987,0,0.007292439803670447,0.007292439803670447,70.0,0.36278677,0.25364622,0.22916976,0.022777777,1.0,1.0,0.0,0.0,0.25364622,0.875,0.875,0.03984212,-0.021699788,0.0,0.0,0.0,1.0,0.0,1.0,0.23,1.0,0.23,1.0,0.875,0.4,0.8793645,-0.6923047,-0.78309757,0.04000000000000001,0.9
28.977921192508404,0.006486934801646527,8.100000000000563,67.89999999999986,0,0.006486934801646527,0.006486934801646527,70.0,0.362224,0.25324348,0.22594774,0.0225,1.0,1.0,0.0,0.0,0.25324348,0.875,0.875,0.039719254,-0.022154879,0.0,0.0,0.0,1.0,0.0,1.0,0.23,1.0,0.23,1.0,0.875,0.4,0.8487804,-0.7022982,-0.78909326,0.04000000000000001,0.9
28.932909024289522,0.005682680253425332,8.000000000000568,67.99999999999986,0,0.005682680253425332,0.005682680253425332,70.0,0.36166137,0.25284135,0.22273073,0.022222223,1.0,1.0,0.0,0.0,0.25284135,0.875,0.875,0.0395966,-0.022609279,0.0,0.0,0.0,1.0,0.0,1.0,0.23,1.0,0.23,1.0,0.875,0.4,0.81824756,-0.7122731,-0.7950823,0.04000000000000001,0.9
28.88790611018591,0.004879675901797498,7.900000000000574,68.09999999999985,0,0.004879675901797498,0.004879675901797498,70.0,0.36109883,0.25243983,0.2195187,0.021944445,1.0,1.0,0.0,0.0,0.25243983,0.875,0.875,0.03947415,-0.023062982,0.0,0.0,0.0,1.0,0.0,1.0,0.23,1.0,0.23,1.0,0.875,0.4,0.78776145,-0.7222325,-0.80106616,0.04000000000000001,0.9
28.842912439436585,0.004077921489876957,7.80000000000058,68.19999999999985,0,0.004077921489876957,0.004077921489876957,70.0,0.3605364,0.25203896,0.2163117,0.021666666,1.0,1.0,0.0,0.0,0.25203896,0.875,0.875,0.03935192,-0.023516,0.0,0.0,0.0,1.0,0.0,1.0,0.23,1.0,0.23,1.0,0.875,0.4,0.757324,-0.73217463,-0.80704087,0.04000000000000001,0.9
28.797928001288245,0.0032774167610654104,7.7000000000005855,68.29999999999984,0,0.0032774167610654104,0.0032774167610654104,70.0,0.3599741,0.2516387,0.21310967,0.021388888,1.0,1.0,0.0,0.0,0.2516387,0.875,0.875,0.039229892,-0.023968318,0.0,0.0,0.0,1.0,0.0,1.0,0.23,1.0,0.23,1.0,0.875,0.4,0.72693396,-0.7420995,-0.8130096,0.04000000000000001,0.9
28.752952784995248,0.0024781614590665413,7.600000000000591,68.39999999999984,0,0.0024781614590665413,0.0024781614590665413,70.0,0.3594119,0.2512391,0.20991264,0.02111111,1.0,1.0,0.0,0.0,0.2512391,0.875,0.875,0.03910809,-0.024419952,0.0,0.0,0.0,1.0,0.0,1.0,0.23,1.0,0.23,1.0,0.875,0.4,0.69659364,-0.7520066,-0.81897223,0.04000000000000001,0.9
28.70798677981958,0.00168015532788246,7.500000000000597,68.49999999999983,0,0.00168015532788246,0.00168015532788246,70.0,0.35884982,0.25084007,0.20672062,0.020833334,1.0,1.0,0.0,0.0,0.25084007,0.875,0.875,0.038986485,-0.024870887,0.0,0.0,0.0,1.0,0.0,1.0,0.23,1.0,0.23,1.0,0.875,0.4,0.66630065,-0.76189786,-0.8249275,0.04000000000000001,0.9
28.663029975030895,0.0008833981118137046,7.4000000000006025,68.59999999999982,0,0.0008833981118137046,0.0008833981118137046,70.0,0.35828787,0.2504417,0.20353359,0.020555556,1.0,1.0,0.0,0.0,0.2504417,0.875,0.875,0.038865108,-0.025321139,0.0,0.0,0.0,1.0,0.0,1.0,0.23,1.0,0.23,1.0,0.875,0.4,0.63626206,-0.7716755,-0.83087444,0.04000000000000001,0.9
28.61808235990643,8.788955545213639e-05,7.300000000000608,68.69999999999982,0,8.788955545213639e-05,8.788955545213639e-05,70.0,0.35772604,0.25004396,0.20035155,0.020277778,1.0,1.0,0.0,0.0,0.25004396,0.875,0.875,0.03874392,-0.025770688,0.0,0.0,0.0,1.0,0.0,1.0,0.23,1.0,0.23,1.0,0.875,0.4,0.61116564,-0.7791819,-0.8366639,-0.05,0.0
28.573143923731067,-0.0007063705963084033,7.200000000000614,68.79999999999981,0,-0.0007063705963084033,-0.0007063705963084033,0,0.3571643,0.24964681,0.19717452,0.02,1.0,1.0,0.0,0.0,0.24964681,0.0,0.0,0.038622968,-0.026219558,0.0,0.0,0.0,1.0,0.0,1.0,0.0,1.0,0.0,1.0,0.0,0.4,0.49204358,-0.30099297,0.2131937,0.030000000000000006,0.8
28.2782375545943,-0.0014955633871700513,7.10000000000062,0.1,2,-0.0014955633871700513,-0.0014955633871700513,0,0.35347795,0.24925222,0.19401775,0.019722221,0.0033333334,0.0,0.0,1.0,0.24925222,0.0,0.0,0.037833776,-0.026219558,0.0,0.0,0.0,1.0,0.0,1.0,0.0,1.0,0.0,1.0,0.0,1.0,0.58774346,-1.5918345,0.22336572,0.030000000000000006,0.8
27.983390987342894,-0.002276565248987339,7.000000000000625,0.2,2,-0.002276565248987339,-0.002276565248987339,0,0.3497924,0.24886172,0.19089374,0.019444445,0.006666667,0.0,0.0,1.0,0.24886172,0.0,0.0,0.037052773,-0.026219558,0.0,0.0,0.0,1.0,0.0,1.0,0.0,1.0,0.0,1.0,0.0,1.0,0.64030457,-1.5582285,0.21306317,0.030000000000000006,0.8
27.688603829601224,-0.0030493778369233837,6.900000000000631,0.30000000000000004,2,-0.0030493778369233837,-0.0030493778369233837,0,0.34610754,0.24847531,0.1878025,0.019166667,0.01,0.0,0.0,1.0,0.24847531,0.0,0.0,0.03627996,-0.026219558,0.0,0.0,0.0,1.0,0.0,1.0,0.0,1.0,0.0,1.0,0.0,1.0,0.6915853,-1.525725,0.20242155,0.030000000000000006,0.8
27.393875689302643,-0.0038140027952451305,6.800000000000637,0.4,2,-0.0038140027952451305,-0.0038140027952451305,0,0.34242344,0.248093,0.18474399,0.018888889,0.013333334,0.0,0.0,1.0,0.248093,0.0,0.0,0.035515334,-0.026219558,0.0,0.0,0.0,1.0,0.0,1.0,0.0,1.0,0.0,1.0,0.0,1.0,0.74277663,-1.4931514,0.1918524,0.030000000000000006,0.8
27.099206174687374,-0.004570441757351773,6.700000000000642,0.5,2,-0.004570441757351773,-0.004570441757351773,0,0.33874008,0.24771477,0.18171823,0.01861111,0.016666668,0.0,0.0,1.0,0.24771477,0.0,0.0,0.034758896,-0.026219558,0.0,0.0,0.0,1.0,0.0,1.0,0.0,1.0,0.0,1.0,0.0,1.0,0.7937933,-1.4606025,0.18140976,0.030000000000000006,0.8
