position,v_std,t_std
21.112000,0.0000,0.000
21.113000,4.4359,1.423
21.114000,6.4998,2.117
21.115000,7.8443,2.590
21.116000,9.1344,3.046
21.117000,10.0689,3.393
21.118000,11.0033,3.739
21.119000,11.8813,4.069
21.120000,12.5882,4.346
21.121000,13.2951,4.622
21.122000,14.0019,4.899
21.123000,14.6170,5.148
21.124000,15.1793,5.380
21.125000,15.7416,5.612
21.126000,16.3039,5.845
21.127000,16.8330,6.067
21.128000,17.2954,6.269
21.129000,17.7579,6.470
21.130000,18.2203,6.672
21.131000,18.6827,6.874
21.132000,19.1178,7.067
21.133000,19.5071,7.246
21.134000,19.8965,7.426
21.135000,20.2859,7.605
21.136000,20.6752,7.784
21.137000,21.0646,7.964
21.138000,21.4096,8.129
21.139000,21.7433,8.291
21.140000,22.0770,8.454
21.141000,22.4106,8.616
21.142000,22.7443,8.778
21.143000,23.0780,8.940
21.144000,23.3840,9.094
21.145000,23.6739,9.243
21.146000,23.9638,9.392
21.147000,24.2537,9.541
21.148000,24.5435,9.689
21.149000,24.8334,9.838
21.150000,25.1233,9.987
21.151000,25.3810,10.126
21.152000,25.6356,10.264
21.153000,25.8902,10.402
21.154000,26.1447,10.540
21.155000,26.3993,10.678
21.156000,26.6539,10.816
21.157000,26.9085,10.954
21.158000,27.1437,11.086
21.159000,27.3693,11.215
21.160000,27.5949,11.344
21.161000,27.8204,11.473
21.162000,28.0460,11.602
21.163000,28.2715,11.731
21.164000,28.4971,11.861
21.165000,28.7226,11.990
21.166000,28.9259,12.112
21.167000,29.1272,12.234
21.168000,29.3285,12.355
21.169000,29.5298,12.477
21.170000,29.7311,12.599
21.171000,29.9324,12.720
21.172000,30.1337,12.842
21.173000,30.3350,12.964
21.174000,30.5218,13.081
21.175000,30.7026,13.196
21.176000,30.8834,13.312
21.177000,31.0641,13.427
21.178000,31.2449,13.543
21.179000,31.4256,13.658
21.180000,31.6064,13.773
21.181000,31.7871,13.889
21.182000,31.9670,14.004
21.183000,32.1243,14.114
21.184000,32.2816,14.224
21.185000,32.4389,14.334
21.186000,32.5962,14.445
21.187000,32.7535,14.555
21.188000,32.9109,14.665
21.189000,33.0682,14.775
21.190000,33.2255,14.885
21.191000,33.3828,14.995
21.192000,33.5262,15.101
21.193000,33.6690,15.207
21.194000,33.8118,15.312
21.195000,33.9546,15.418
21.196000,34.0973,15.524
21.197000,34.2401,15.629
21.198000,34.3829,15.735
21.199000,34.5257,15.841
21.200000,34.6685,15.946
21.201000,34.8051,16.050
21.202000,34.9352,16.152
21.203000,35.0654,16.253
21.204000,35.1955,16.355
21.205000,35.3257,16.457
21.206000,35.4558,16.558
21.207000,35.5860,16.660
21.208000,35.7161,16.762
21.209000,35.8463,16.864
21.210000,35.9764,16.965
21.211000,36.0992,17.065
21.212000,36.2182,17.163
21.213000,36.3372,17.261
21.214000,36.4562,17.360
21.215000,36.5752,17.458
21.216000,36.6942,17.556
21.217000,36.8133,17.654
21.218000,36.9323,17.753
21.219000,37.0513,17.851
21.220000,37.1703,17.949
21.221000,37.2866,18.046
21.222000,37.4002,18.141
21.223000,37.5137,18.236
21.224000,37.6273,18.331
21.225000,37.7408,18.426
21.226000,37.8543,18.522
21.227000,37.9679,18.617
21.228000,38.0814,18.712
21.229000,38.1949,18.807
21.230000,38.3085,18.902
21.231000,38.4220,18.997
21.232000,38.5250,19.090
21.233000,38.6278,19.182
21.234000,38.7305,19.274
21.235000,38.8332,19.367
21.236000,38.9359,19.459
21.237000,39.0387,19.551
21.238000,39.1414,19.644
21.239000,39.2441,19.736
21.240000,39.3468,19.828
21.241000,39.4495,19.921
21.242000,39.5511,20.013
21.243000,39.6455,20.102
21.244000,39.7398,20.192
21.245000,39.8342,20.282
21.246000,39.9285,20.372
21.247000,40.0229,20.462
21.248000,40.1173,20.552
21.249000,40.2116,20.641
21.250000,40.3060,20.731
21.251000,40.4003,20.821
21.252000,40.4947,20.911
21.253000,40.5890,21.001
21.254000,40.6761,21.088
21.255000,40.7632,21.176
21.256000,40.8502,21.264
21.257000,40.9373,21.351
21.258000,41.0244,21.439
21.259000,41.1115,21.526
21.260000,41.1986,21.614
21.261000,41.2856,21.702
21.262000,41.3727,21.789
21.263000,41.4598,21.877
21.264000,41.5469,21.964
21.265000,41.6304,22.051
21.266000,41.7114,22.136
21.267000,41.7924,22.222
21.268000,41.8734,22.308
21.269000,41.9544,22.393
21.270000,42.0354,22.479
21.271000,42.1164,22.564
21.272000,42.1974,22.650
21.273000,42.2784,22.735
21.274000,42.3594,22.821
21.275000,42.4404,22.907
21.276000,42.5214,22.992
21.277000,42.6002,23.076
21.278000,42.6788,23.160
21.279000,42.7574,23.244
21.280000,42.8360,23.327
21.281000,42.9146,23.411
21.282000,42.9932,23.495
21.283000,43.0718,23.578
21.284000,43.1504,23.662
21.285000,43.2290,23.746
21.286000,43.3076,23.830
21.287000,43.3863,23.913
21.288000,43.4649,23.997
21.289000,43.5419,24.079
21.290000,43.6189,24.161
21.291000,43.6959,24.243
21.292000,43.7728,24.325
21.293000,43.8498,24.407
21.294000,43.9268,24.489
21.295000,44.0038,24.571
21.296000,44.0808,24.653
21.297000,44.1578,24.734
21.298000,44.2347,24.816
21.299000,44.3117,24.898
21.300000,44.3887,24.980
21.301000,44.4635,25.061
21.302000,44.5377,25.141
21.303000,44.6118,25.221
21.304000,44.6859,25.302
21.305000,44.7600,25.382
21.306000,44.8342,25.462
21.307000,44.9083,25.542
21.308000,44.9824,25.622
21.309000,45.0565,25.703
21.310000,45.1307,25.783
21.311000,45.2048,25.863
21.312000,45.2789,25.943
21.313000,45.3522,26.023
21.314000,45.4237,26.102
21.315000,45.4951,26.180
21.316000,45.5665,26.259
21.317000,45.6379,26.338
21.318000,45.7094,26.416
21.319000,45.7808,26.495
21.320000,45.8522,26.573
21.321000,45.9237,26.652
21.322000,45.9951,26.731
21.323000,46.0665,26.809
21.324000,46.1379,26.888
21.325000,46.2094,26.966
21.326000,46.2793,27.044
21.327000,46.3482,27.121
21.328000,46.4171,27.198
21.329000,46.4859,27.275
21.330000,46.5548,27.353
21.331000,46.6237,27.430
21.332000,46.6926,27.507
21.333000,46.7614,27.584
21.334000,46.8303,27.661
21.335000,46.8992,27.738
21.336000,46.9680,27.815
21.337000,47.0369,27.892
21.338000,47.1058,27.969
21.339000,47.1732,28.046
21.340000,47.2397,28.121
21.341000,47.3061,28.197
21.342000,47.3726,28.273
21.343000,47.4390,28.348
21.344000,47.5055,28.424
21.345000,47.5719,28.500
21.346000,47.6384,28.575
21.347000,47.7048,28.651
21.348000,47.7713,28.727
21.349000,47.8377,28.802
21.350000,47.9042,28.878
21.351000,47.9706,28.954
21.352000,48.0362,29.029
21.353000,48.1004,29.103
21.354000,48.1645,29.177
21.355000,48.2287,29.252
21.356000,48.2928,29.326
21.357000,48.3570,29.400
21.358000,48.4212,29.475
21.359000,48.4853,29.549
21.360000,48.5495,29.623
21.361000,48.6136,29.698
21.362000,48.6778,29.772
21.363000,48.7420,29.846
21.364000,48.8061,29.920
21.365000,48.8703,29.995
21.366000,48.9324,30.068
21.367000,48.9944,30.141
21.368000,49.0564,30.214
21.369000,49.1184,30.287
21.370000,49.1803,30.360
21.371000,49.2423,30.433
21.372000,49.3043,30.506
21.373000,49.3663,30.579
21.374000,49.4282,30.652
21.375000,49.4902,30.725
21.376000,49.5522,30.798
21.377000,49.6142,30.871
21.378000,49.6762,30.944
21.379000,49.7377,31.017
21.380000,49.7976,31.089
21.381000,49.8575,31.160
21.382000,49.9174,31.232
21.383000,49.9773,31.304
21.384000,50.0372,31.376
21.385000,50.0971,31.447
21.386000,50.1570,31.519
21.387000,50.2169,31.591
21.388000,50.2768,31.663
21.389000,50.3367,31.735
21.390000,50.3966,31.806
21.391000,50.4566,31.878
21.392000,50.5165,31.950
21.393000,50.5758,32.021
21.394000,50.6337,32.092
21.395000,50.6916,32.163
21.396000,50.7496,32.233
21.397000,50.8075,32.304
21.398000,50.8654,32.375
21.399000,50.9234,32.445
21.400000,50.9813,32.516
21.401000,51.0392,32.586
21.402000,51.0972,32.657
21.403000,51.1551,32.728
21.404000,51.2131,32.798
21.405000,51.2710,32.869
21.406000,51.3289,32.940
21.407000,51.3866,33.010
21.408000,51.4426,33.080
21.409000,51.4987,33.149
21.410000,51.5548,33.219
21.411000,51.6108,33.288
21.412000,51.6669,33.358
21.413000,51.7229,33.427
21.414000,51.7790,33.497
21.415000,51.8350,33.566
21.416000,51.8911,33.636
21.417000,51.9471,33.705
21.418000,52.0032,33.775
21.419000,52.0593,33.844
21.420000,52.1153,33.914
21.421000,52.1714,33.983
21.422000,52.2261,34.052
21.423000,52.2803,34.120
21.424000,52.3346,34.189
21.425000,52.3888,34.257
21.426000,52.4431,34.326
21.427000,52.4974,34.394
21.428000,52.5516,34.463
21.429000,52.6059,34.531
21.430000,52.6602,34.600
21.431000,52.7144,34.668
21.432000,52.7687,34.737
21.433000,52.8229,34.805
21.434000,52.8772,34.873
21.435000,52.9315,34.942
21.436000,52.9855,35.010
21.437000,53.0380,35.078
21.438000,53.0906,35.145
21.439000,53.1431,35.213
21.440000,53.1957,35.280
21.441000,53.2482,35.348
21.442000,53.3008,35.415
21.443000,53.3533,35.482
21.444000,53.4059,35.550
21.445000,53.4584,35.617
21.446000,53.5110,35.685
21.447000,53.5635,35.752
21.448000,53.6161,35.820
21.449000,53.6686,35.887
21.450000,53.7212,35.955
21.451000,53.7732,36.022
21.452000,53.8241,36.088
21.453000,53.8750,36.155
21.454000,53.9260,36.221
21.455000,53.9769,36.288
21.456000,54.0278,36.354
21.457000,54.0787,36.421
21.458000,54.1296,36.487
21.459000,54.1805,36.554
21.460000,54.2314,36.620
21.461000,54.2824,36.687
21.462000,54.3333,36.753
21.463000,54.3842,36.820
21.464000,54.4351,36.886
21.465000,54.4860,36.953
21.466000,54.5365,37.019
21.467000,54.5858,37.084
21.468000,54.6352,37.150
21.469000,54.6845,37.215
21.470000,54.7339,37.281
21.471000,54.7832,37.347
21.472000,54.8326,37.412
21.473000,54.8819,37.478
21.474000,54.9313,37.543
21.475000,54.9806,37.609
21.476000,55.0300,37.674
21.477000,55.0793,37.740
21.478000,55.1287,37.806
21.479000,55.1780,37.871
21.480000,55.2274,37.937
21.481000,55.2767,38.002
21.482000,55.3245,38.067
21.483000,55.3724,38.132
21.484000,55.4203,38.196
21.485000,55.4681,38.261
21.486000,55.5160,38.326
21.487000,55.5638,38.390
21.488000,55.6117,38.455
21.489000,55.6595,38.520
21.490000,55.7074,38.584
21.491000,55.7552,38.649
21.492000,55.8031,38.714
21.493000,55.8509,38.779
21.494000,55.8988,38.843
21.495000,55.9466,38.908
21.496000,55.9945,38.973
21.497000,56.0461,39.037
21.498000,56.1004,39.101
21.499000,56.1547,39.164
21.500000,56.2090,39.228
21.501000,56.2632,39.292
21.502000,56.3175,39.356
21.503000,56.3718,39.420
21.504000,56.4261,39.483
21.505000,56.4804,39.547
21.506000,56.5347,39.611
21.507000,56.5890,39.675
21.508000,56.6433,39.739
21.509000,56.6976,39.802
21.510000,56.7519,39.866
21.511000,56.8062,39.930
21.512000,56.8605,39.994
21.513000,56.9153,40.057
21.514000,56.9702,40.119
21.515000,57.0250,40.182
21.516000,57.0799,40.245
21.517000,57.1347,40.308
21.518000,57.1896,40.371
21.519000,57.2444,40.434
21.520000,57.2993,40.496
21.521000,57.3542,40.559
21.522000,57.4090,40.622
21.523000,57.4639,40.685
21.524000,57.5187,40.748
21.525000,57.5736,40.810
21.526000,57.6284,40.873
21.527000,57.6833,40.936
21.528000,57.7381,40.999
21.529000,57.7913,41.061
21.530000,57.8444,41.123
21.531000,57.8975,41.185
21.532000,57.9506,41.246
21.533000,58.0037,41.308
21.534000,58.0568,41.370
21.535000,58.1099,41.432
21.536000,58.1630,41.494
21.537000,58.2161,41.556
21.538000,58.2692,41.618
21.539000,58.3223,41.680
21.540000,58.3754,41.742
21.541000,58.4285,41.803
21.542000,58.4816,41.865
21.543000,58.5347,41.927
21.544000,58.5878,41.989
21.545000,58.6396,42.050
21.546000,58.6910,42.111
21.547000,58.7424,42.172
21.548000,58.7939,42.233
21.549000,58.8453,42.294
21.550000,58.8967,42.355
21.551000,58.9482,42.416
21.552000,58.9996,42.477
21.553000,59.0510,42.538
21.554000,59.1025,42.599
21.555000,59.1539,42.660
21.556000,59.2053,42.721
21.557000,59.2568,42.782
21.558000,59.3082,42.843
21.559000,59.3596,42.904
21.560000,59.4111,42.965
21.561000,59.4618,43.026
21.562000,59.5116,43.086
21.563000,59.5615,43.146
21.564000,59.6113,43.206
21.565000,59.6611,43.266
21.566000,59.7110,43.326
21.567000,59.7608,43.387
21.568000,59.8106,43.447
21.569000,59.8605,43.507
21.570000,59.9103,43.567
21.571000,59.9601,43.627
21.572000,60.0100,43.687
21.573000,60.0598,43.747
21.574000,60.1097,43.808
21.575000,60.1595,43.868
21.576000,60.2093,43.928
21.577000,60.2592,43.988
21.578000,60.3078,44.047
21.579000,60.3561,44.107
21.580000,60.4044,44.166
21.581000,60.4527,44.225
21.582000,60.5010,44.285
21.583000,60.5493,44.344
21.584000,60.5976,44.403
21.585000,60.6459,44.463
21.586000,60.6942,44.522
21.587000,60.7425,44.581
21.588000,60.7908,44.641
21.589000,60.8391,44.700
21.590000,60.8874,44.759
21.591000,60.9357,44.819
21.592000,60.9840,44.878
21.593000,61.0323,44.937
21.594000,61.0807,44.997
21.595000,61.1276,45.055
21.596000,61.1744,45.114
21.597000,61.2213,45.172
21.598000,61.2681,45.231
21.599000,61.3149,45.289
21.600000,61.3618,45.348
21.601000,61.4086,45.407
21.602000,61.4555,45.465
21.603000,61.5023,45.524
21.604000,61.5491,45.582
21.605000,61.5960,45.641
21.606000,61.6428,45.699
21.607000,61.6897,45.758
21.608000,61.7365,45.816
21.609000,61.7833,45.875
21.610000,61.8302,45.933
21.611000,61.8770,45.992
21.612000,61.9227,46.050
21.613000,61.9681,46.108
21.614000,62.0135,46.166
21.615000,62.0590,46.223
21.616000,62.1044,46.281
21.617000,62.1498,46.339
21.618000,62.1953,46.397
21.619000,62.2407,46.455
21.620000,62.2861,46.512
21.621000,62.3316,46.570
21.622000,62.3770,46.628
21.623000,62.4225,46.686
21.624000,62.4679,46.744
21.625000,62.5133,46.801
21.626000,62.5588,46.859
21.627000,62.6042,46.917
21.628000,62.6496,46.975
21.629000,62.6943,47.032
21.630000,62.7384,47.089
21.631000,62.7825,47.146
21.632000,62.8266,47.203
21.633000,62.8707,47.261
21.634000,62.9148,47.318
21.635000,62.9589,47.375
21.636000,63.0030,47.432
21.637000,63.0471,47.489
21.638000,63.0911,47.546
21.639000,63.1352,47.603
21.640000,63.1793,47.660
21.641000,63.2234,47.717
21.642000,63.2675,47.774
21.643000,63.3116,47.831
21.644000,63.3557,47.888
21.645000,63.3998,47.946
21.646000,63.4433,48.003
21.647000,63.4760,48.059
21.648000,63.5086,48.116
21.649000,63.5412,48.172
21.650000,63.5739,48.228
21.651000,63.6065,48.285
21.652000,63.6392,48.341
21.653000,63.6718,48.398
21.654000,63.7044,48.454
21.655000,63.7371,48.511
21.656000,63.7697,48.567
21.657000,63.8024,48.624
21.658000,63.8350,48.680
21.659000,63.8676,48.737
21.660000,63.9003,48.793
21.661000,63.9329,48.850
21.662000,63.9655,48.906
21.663000,63.9982,48.963
21.664000,64.0295,49.019
21.665000,64.0583,49.075
21.666000,64.0871,49.131
21.667000,64.1159,49.187
21.668000,64.1447,49.243
21.669000,64.1736,49.299
21.670000,64.2024,49.355
21.671000,64.2312,49.411
21.672000,64.2600,49.467
21.673000,64.2888,49.523
21.674000,64.3176,49.579
21.675000,64.3464,49.635
21.676000,64.3752,49.691
21.677000,64.4040,49.747
21.678000,64.4328,49.803
21.679000,64.4616,49.859
21.680000,64.4904,49.915
21.681000,64.5192,49.971
21.682000,64.5477,50.027
21.683000,64.5757,50.082
21.684000,64.6038,50.138
21.685000,64.6319,50.193
21.686000,64.6600,50.249
21.687000,64.6881,50.305
21.688000,64.7161,50.360
21.689000,64.7442,50.416
21.690000,64.7723,50.471
21.691000,64.8004,50.527
21.692000,64.8284,50.582
21.693000,64.8565,50.638
21.694000,64.8846,50.693
21.695000,64.9127,50.749
21.696000,64.9407,50.805
21.697000,64.9688,50.860
21.698000,64.9969,50.916
21.699000,65.0250,50.971
21.700000,65.0529,51.027
21.701000,65.0805,51.082
21.702000,65.0737,51.137
21.703000,65.0610,51.193
21.704000,65.0484,51.248
21.705000,65.0358,51.304
21.706000,65.0231,51.359
21.707000,65.0105,51.415
21.708000,64.9979,51.470
21.709000,64.9852,51.525
21.710000,64.9726,51.581
21.711000,64.9600,51.636
21.712000,64.9473,51.692
21.713000,64.9347,51.747
21.714000,64.9221,51.802
21.715000,64.9094,51.858
21.716000,64.8968,51.913
21.717000,64.8842,51.969
21.718000,64.8715,52.024
21.719000,64.8589,52.079
21.720000,64.8463,52.135
21.721000,64.8336,52.191
21.722000,64.8210,52.246
21.723000,64.8084,52.302
21.724000,64.7957,52.357
21.725000,64.7831,52.413
21.726000,64.7705,52.469
21.727000,64.7578,52.524
21.728000,64.7452,52.580
21.729000,64.7326,52.635
21.730000,64.7200,52.691
21.731000,64.7073,52.747
21.732000,64.6947,52.802
21.733000,64.6821,52.858
21.734000,64.6694,52.914
21.735000,64.6568,52.969
21.736000,64.6442,53.025
21.737000,64.6315,53.080
21.738000,64.6189,53.136
21.739000,64.6063,53.192
21.740000,64.5936,53.248
21.741000,64.5810,53.304
21.742000,64.5684,53.359
21.743000,64.5557,53.415
21.744000,64.5431,53.471
21.745000,64.5305,53.527
21.746000,64.5178,53.583
21.747000,64.5052,53.638
21.748000,64.4926,53.694
21.749000,64.4800,53.750
21.750000,64.4673,53.806
21.751000,64.4547,53.862
21.752000,64.4421,53.917
21.753000,64.4294,53.973
21.754000,64.4168,54.029
21.755000,64.4042,54.085
21.756000,64.3915,54.141
21.757000,64.3789,54.197
21.758000,64.3663,54.253
21.759000,64.3537,54.309
21.760000,64.3410,54.365
21.761000,64.3284,54.421
21.762000,64.3158,54.477
21.763000,64.3031,54.533
21.764000,64.2905,54.589
21.765000,64.2779,54.645
21.766000,64.2652,54.701
21.767000,64.2526,54.757
21.768000,64.2400,54.813
21.769000,64.2274,54.869
21.770000,64.2147,54.925
21.771000,64.2021,54.981
21.772000,64.1895,55.037
21.773000,64.1768,55.093
21.774000,64.1642,55.149
21.775000,64.1516,55.205
21.776000,64.1390,55.261
21.777000,64.1263,55.317
21.778000,64.1137,55.374
21.779000,64.1011,55.430
21.780000,64.0884,55.486
21.781000,64.0758,55.542
21.782000,64.0632,55.598
21.783000,64.0506,55.655
21.784000,64.0379,55.711
21.785000,64.0253,55.767
21.786000,64.0127,55.823
21.787000,64.0000,55.879
21.788000,63.9874,55.936
21.789000,63.9748,55.992
21.790000,63.9622,56.048
21.791000,63.9495,56.104
21.792000,63.9369,56.161
21.793000,63.9243,56.217
21.794000,63.9116,56.273
21.795000,63.8990,56.330
21.796000,63.8864,56.386
21.797000,63.8738,56.443
21.798000,63.8611,56.499
21.799000,63.8485,56.555
21.800000,63.8359,56.612
21.801000,63.8233,56.668
21.802000,63.8106,56.725
21.803000,63.7980,56.781
21.804000,63.7854,56.837
21.805000,63.7727,56.894
21.806000,63.7601,56.950
21.807000,63.7475,57.006
21.808000,63.7349,57.063
21.809000,63.7222,57.119
21.810000,63.7096,57.176
21.811000,63.6970,57.233
21.812000,63.6844,57.289
21.813000,63.6717,57.346
21.814000,63.6591,57.402
21.815000,63.6465,57.459
21.816000,63.6339,57.515
21.817000,63.6212,57.572
21.818000,63.6086,57.629
21.819000,63.5960,57.685
21.820000,63.5833,57.742
21.821000,63.5707,57.798
21.822000,63.5581,57.855
21.823000,63.5455,57.912
21.824000,63.5328,57.968
21.825000,63.5202,58.025
21.826000,63.5076,58.081
21.827000,63.4950,58.138
21.828000,63.4823,58.195
21.829000,63.4697,58.252
21.830000,63.4571,58.308
21.831000,63.4445,58.365
21.832000,63.4318,58.422
21.833000,63.4192,58.479
21.834000,63.4066,58.536
21.835000,63.3940,58.592
21.836000,63.3813,58.649
21.837000,63.3687,58.706
21.838000,63.3561,58.763
21.839000,63.3435,58.820
21.840000,63.3308,58.876
21.841000,63.3182,58.933
21.842000,63.3056,58.990
21.843000,63.2930,59.047
21.844000,63.2803,59.104
21.845000,63.2677,59.161
21.846000,63.2551,59.218
21.847000,63.2425,59.275
21.848000,63.2298,59.332
21.849000,63.2172,59.389
21.850000,63.2046,59.446
21.851000,63.1920,59.502
21.852000,63.1793,59.559
21.853000,63.1667,59.616
21.854000,63.1541,59.673
21.855000,63.1415,59.730
21.856000,63.1288,59.787
21.857000,63.1162,59.844
21.858000,63.1036,59.901
21.859000,63.0909,59.958
21.860000,63.0783,60.015
21.861000,63.0657,60.072
21.862000,63.0531,60.129
21.863000,63.0405,60.187
21.864000,63.0278,60.244
21.865000,63.0152,60.301
21.866000,63.0026,60.358
21.867000,62.9900,60.415
21.868000,62.9773,60.473
21.869000,62.9647,60.530
21.870000,62.9521,60.587
21.871000,62.9395,60.644
21.872000,62.9268,60.701
21.873000,62.9142,60.759
21.874000,62.9016,60.816
21.875000,62.8890,60.873
21.876000,62.8763,60.930
21.877000,62.8637,60.987
21.878000,62.8511,61.045
21.879000,62.8385,61.102
21.880000,62.8258,61.159
21.881000,62.8132,61.217
21.882000,62.8006,61.274
21.883000,62.7880,61.331
21.884000,62.7753,61.389
21.885000,62.7627,61.446
21.886000,62.7501,61.503
21.887000,62.7375,61.561
21.888000,62.7248,61.618
21.889000,62.7122,61.676
21.890000,62.6996,61.733
21.891000,62.6870,61.790
21.892000,62.6743,61.848
21.893000,62.6617,61.905
21.894000,62.6491,61.963
21.895000,62.6365,62.020
21.896000,62.6238,62.077
21.897000,62.6112,62.135
21.898000,62.5986,62.192
21.899000,62.5860,62.250
21.900000,62.5734,62.308
21.901000,62.5607,62.365
21.902000,62.5481,62.423
21.903000,62.5355,62.480
21.904000,62.5229,62.538
21.905000,62.5102,62.596
21.906000,62.4976,62.653
21.907000,62.4850,62.711
21.908000,62.4724,62.768
21.909000,62.4597,62.826
21.910000,62.4471,62.884
21.911000,62.4345,62.941
21.912000,62.4219,62.999
21.913000,62.4092,63.056
21.914000,62.3966,63.114
21.915000,62.3840,63.172
21.916000,62.3714,63.230
21.917000,62.3588,63.287
21.918000,62.3461,63.345
21.919000,62.3335,63.403
21.920000,62.3209,63.461
21.921000,62.3083,63.519
21.922000,62.2956,63.576
21.923000,62.2830,63.634
21.924000,62.2704,63.692
21.925000,62.2578,63.750
21.926000,62.2451,63.808
21.927000,62.2325,63.865
21.928000,62.2199,63.923
21.929000,62.2073,63.981
21.930000,62.1946,64.039
21.931000,62.1820,64.097
21.932000,62.1694,64.155
21.933000,62.1568,64.213
21.934000,62.1441,64.271
21.935000,62.1315,64.329
21.936000,62.1189,64.386
21.937000,62.1063,64.444
21.938000,62.0937,64.502
21.939000,62.0810,64.560
21.940000,62.0684,64.618
21.941000,62.0558,64.676
21.942000,62.0432,64.734
21.943000,62.0305,64.792
21.944000,62.0179,64.850
21.945000,62.0053,64.908
21.946000,61.9927,64.966
21.947000,61.9800,65.024
21.948000,61.9674,65.082
21.949000,61.9548,65.141
21.950000,61.9422,65.199
21.951000,61.9295,65.257
21.952000,61.9169,65.315
21.953000,61.9043,65.373
21.954000,61.8917,65.432
21.955000,61.8791,65.490
21.956000,61.8664,65.548
21.957000,61.8538,65.606
21.958000,61.8412,65.664
21.959000,61.8286,65.723
21.960000,61.8159,65.781
21.961000,61.8033,65.839
21.962000,61.7907,65.897
21.963000,61.7781,65.955
21.964000,61.7654,66.014
21.965000,61.7528,66.072
21.966000,61.7402,66.130
21.967000,61.7276,66.189
21.968000,61.7149,66.247
21.969000,61.7023,66.305
21.970000,61.6897,66.364
21.971000,61.6771,66.422
21.972000,61.6645,66.481
21.973000,61.6518,66.539
21.974000,61.6392,66.597
21.975000,61.6266,66.656
21.976000,61.6140,66.714
21.977000,61.6013,66.773
21.978000,61.5887,66.831
21.979000,61.5761,66.889
21.980000,61.5635,66.948
21.981000,61.5508,67.006
21.982000,61.5382,67.065
21.983000,61.5256,67.123
21.984000,61.5130,67.182
21.985000,61.5003,67.240
21.986000,61.4877,67.299
21.987000,61.4751,67.358
21.988000,61.4625,67.416
21.989000,61.4498,67.475
21.990000,61.4372,67.533
21.991000,61.4246,67.592
21.992000,61.4120,67.651
21.993000,61.3993,67.709
21.994000,61.3867,67.768
21.995000,61.3741,67.826
21.996000,61.3615,67.885
21.997000,61.3489,67.944
21.998000,61.3362,68.002
21.999000,61.3236,68.061
22.000000,61.3110,68.120
22.001000,61.2984,68.178
22.002000,61.2857,68.237
22.003000,61.2731,68.296
22.004000,61.2605,68.355
22.005000,61.2479,68.414
22.006000,61.2352,68.472
22.007000,61.2226,68.531
22.008000,61.2100,68.590
22.009000,61.1974,68.649
22.010000,61.1847,68.708
22.011000,61.1721,68.767
22.012000,61.1595,68.825
22.013000,61.1469,68.884
22.014000,61.1342,68.943
22.015000,61.1216,69.002
22.016000,61.1090,69.061
22.017000,61.0964,69.120
22.018000,61.0837,69.179
22.019000,61.0711,69.238
22.020000,61.0585,69.297
22.021000,61.0459,69.356
22.022000,61.0332,69.415
22.023000,61.0206,69.474
22.024000,61.0080,69.533
22.025000,60.9954,69.592
22.026000,60.9827,69.651
22.027000,60.9701,69.710
22.028000,60.9575,69.769
22.029000,60.9449,69.828
22.030000,60.9322,69.887
22.031000,60.9196,69.946
22.032000,60.9070,70.005
22.033000,60.8944,70.064
22.034000,60.8817,70.123
22.035000,60.8691,70.182
22.036000,60.8565,70.241
22.037000,60.8439,70.301
22.038000,60.8312,70.360
22.039000,60.8186,70.419
22.040000,60.8060,70.478
22.041000,60.7934,70.538
22.042000,60.7807,70.597
22.043000,60.7681,70.656
22.044000,60.7555,70.715
22.045000,60.7429,70.775
22.046000,60.7302,70.834
22.047000,60.7176,70.893
22.048000,60.7050,70.952
22.049000,60.6923,71.011
22.050000,60.6797,71.071
22.051000,60.6671,71.130
22.052000,60.6545,71.190
22.053000,60.6418,71.249
22.054000,60.6292,71.308
22.055000,60.6166,71.368
22.056000,60.6040,71.427
22.057000,60.5913,71.487
22.058000,60.5787,71.546
22.059000,60.5661,71.606
22.060000,60.5535,71.665
22.061000,60.5408,71.724
22.062000,60.5282,71.784
22.063000,60.5156,71.843
22.064000,60.5030,71.903
22.065000,60.4903,71.962
22.066000,60.4777,72.022
22.067000,60.4651,72.081
22.068000,60.4524,72.141
22.069000,60.4398,72.200
22.070000,60.4272,72.260
22.071000,60.4146,72.320
22.072000,60.4019,72.379
22.073000,60.3893,72.439
22.074000,60.3767,72.499
22.075000,60.3641,72.558
22.076000,60.3514,72.618
22.077000,60.3388,72.677
22.078000,60.3262,72.737
22.079000,60.3135,72.797
22.080000,60.3009,72.856
22.081000,60.2883,72.916
22.082000,60.2757,72.976
22.083000,60.2630,73.035
22.084000,60.2504,73.095
22.085000,60.2378,73.155
22.086000,60.2251,73.215
22.087000,60.2125,73.275
22.088000,60.1999,73.334
22.089000,60.1873,73.394
22.090000,60.1746,73.454
22.091000,60.1620,73.514
22.092000,60.1494,73.574
22.093000,60.1367,73.634
22.094000,60.1241,73.694
22.095000,60.1115,73.753
22.096000,60.0989,73.813
22.097000,60.0862,73.873
22.098000,60.0736,73.933
22.099000,60.0610,73.993
22.100000,60.0483,74.053
22.101000,60.0357,74.113
22.102000,60.0231,74.173
22.103000,60.0105,74.233
22.104000,59.9978,74.293
22.105000,59.9852,74.353
22.106000,59.9726,74.413
22.107000,59.9599,74.473
22.108000,59.9473,74.533
22.109000,59.9347,74.593
22.110000,59.9221,74.653
22.111000,59.9094,74.713
22.112000,59.8968,74.773
22.113000,59.8842,74.833
22.114000,59.8715,74.894
22.115000,59.8589,74.954
22.116000,59.8463,75.014
22.117000,59.8336,75.074
22.118000,59.8210,75.134
22.119000,59.8084,75.194
22.120000,59.7958,75.254
22.121000,59.7831,75.315
22.122000,59.7705,75.375
22.123000,59.7579,75.435
22.124000,59.7452,75.496
22.125000,59.7326,75.556
22.126000,59.7200,75.616
22.127000,59.7073,75.676
22.128000,59.6947,75.737
22.129000,59.6821,75.797
22.130000,59.6694,75.857
22.131000,59.6568,75.918
22.132000,59.6442,75.978
22.133000,59.6316,76.038
22.134000,59.6189,76.098
22.135000,59.6063,76.159
22.136000,59.5937,76.219
22.137000,59.5810,76.280
22.138000,59.5684,76.340
22.139000,59.5558,76.401
22.140000,59.5431,76.461
22.141000,59.5305,76.522
22.142000,59.5179,76.582
22.143000,59.5052,76.643
22.144000,59.4926,76.703
22.145000,59.4800,76.764
22.146000,59.4673,76.824
22.147000,59.4547,76.885
22.148000,59.4421,76.945
22.149000,59.4294,77.006
22.150000,59.4168,77.066
22.151000,59.4042,77.127
22.152000,59.3915,77.188
22.153000,59.3789,77.248
22.154000,59.3663,77.309
22.155000,59.3536,77.370
22.156000,59.3410,77.430
22.157000,59.3284,77.491
22.158000,59.3157,77.552
22.159000,59.3031,77.612
22.160000,59.2905,77.673
22.161000,59.2778,77.734
22.162000,59.2652,77.795
22.163000,59.2526,77.855
22.164000,59.2399,77.916
22.165000,59.2273,77.977
22.166000,59.2147,78.037
22.167000,59.2020,78.098
22.168000,59.1894,78.159
22.169000,59.1768,78.220
22.170000,59.1641,78.281
22.171000,59.1515,78.342
22.172000,59.1389,78.403
22.173000,59.1262,78.464
22.174000,59.1136,78.524
22.175000,59.1009,78.585
22.176000,59.0883,78.646
22.177000,59.0757,78.707
22.178000,59.0630,78.768
22.179000,59.0504,78.829
22.180000,59.0378,78.890
22.181000,59.0251,78.951
22.182000,59.0125,79.012
22.183000,58.9999,79.073
22.184000,58.9872,79.134
22.185000,58.9746,79.195
22.186000,58.9620,79.256
22.187000,58.9493,79.317
22.188000,58.9367,79.378
22.189000,58.9240,79.439
22.190000,58.9114,79.501
22.191000,58.8988,79.562
22.192000,58.8861,79.623
22.193000,58.8735,79.684
22.194000,58.8609,79.745
22.195000,58.8482,79.806
22.196000,58.8356,79.867
22.197000,58.8229,79.928
22.198000,58.8103,79.990
22.199000,58.7977,80.051
22.200000,58.7850,80.112
22.201000,58.7724,80.173
22.202000,58.7598,80.235
22.203000,58.7471,80.296
22.204000,58.7345,80.357
22.205000,58.7218,80.419
22.206000,58.7092,80.480
22.207000,58.6966,80.541
22.208000,58.6839,80.603
22.209000,58.6713,80.664
22.210000,58.6586,80.725
22.211000,58.6460,80.787
22.212000,58.6334,80.848
22.213000,58.6207,80.909
22.214000,58.6081,80.971
22.215000,58.5954,81.032
22.216000,58.5828,81.093
22.217000,58.5702,81.155
22.218000,58.5575,81.217
22.219000,58.5449,81.278
22.220000,58.5322,81.340
22.221000,58.5196,81.401
22.222000,58.5070,81.463
22.223000,58.4943,81.524
22.224000,58.4817,81.586
22.225000,58.4690,81.647
22.226000,58.4564,81.709
22.227000,58.4438,81.771
22.228000,58.4311,81.832
22.229000,58.4185,81.894
22.230000,58.4058,81.955
22.231000,58.3932,82.017
22.232000,58.3805,82.078
22.233000,58.3679,82.140
22.234000,58.3553,82.202
22.235000,58.3426,82.264
22.236000,58.3300,82.325
22.237000,58.3173,82.387
22.238000,58.3047,82.449
22.239000,58.2920,82.511
22.240000,58.2794,82.573
22.241000,58.2668,82.634
22.242000,58.2541,82.696
22.243000,58.2415,82.758
22.244000,58.2288,82.820
22.245000,58.2162,82.881
22.246000,58.2035,82.943
22.247000,58.1909,83.005
22.248000,58.1783,83.067
22.249000,58.1656,83.129
22.250000,58.1530,83.191
22.251000,58.1403,83.253
22.252000,58.1277,83.315
22.253000,58.1150,83.377
22.254000,58.1024,83.439
22.255000,58.0897,83.501
22.256000,58.0771,83.563
22.257000,58.0644,83.625
22.258000,58.0518,83.687
22.259000,58.0392,83.749
22.260000,58.0265,83.811
22.261000,58.0139,83.873
22.262000,58.0012,83.935
22.263000,57.9886,83.997
22.264000,57.9759,84.059
22.265000,57.9633,84.121
22.266000,57.9506,84.183
22.267000,57.9380,84.245
22.268000,57.9253,84.307
22.269000,57.9127,84.370
22.270000,57.9000,84.432
22.271000,57.8874,84.494
22.272000,57.8747,84.556
22.273000,57.8621,84.618
22.274000,57.8495,84.681
22.275000,57.8368,84.743
22.276000,57.8242,84.805
22.277000,57.8115,84.867
22.278000,57.7989,84.929
22.279000,57.7862,84.992
22.280000,57.7736,85.054
22.281000,57.7609,85.116
22.282000,57.7483,85.179
22.283000,57.7356,85.241
22.284000,57.7230,85.303
22.285000,57.7103,85.366
22.286000,57.6977,85.428
22.287000,57.6850,85.491
22.288000,57.6724,85.553
22.289000,57.6597,85.616
22.290000,57.6471,85.678
22.291000,57.6344,85.740
22.292000,57.6218,85.803
22.293000,57.6091,85.865
22.294000,57.5965,85.928
22.295000,57.5838,85.990
22.296000,57.5712,86.053
22.297000,57.5498,86.115
22.298000,57.5156,86.178
22.299000,57.4813,86.241
22.300000,57.4471,86.304
22.301000,57.4128,86.366
22.302000,57.3786,86.429
22.303000,57.3443,86.492
22.304000,57.3100,86.555
22.305000,57.2758,86.618
22.306000,57.2415,86.680
22.307000,57.2073,86.743
22.308000,57.1730,86.806
22.309000,57.1388,86.869
22.310000,57.1045,86.932
22.311000,57.0702,86.994
22.312000,57.0360,87.057
22.313000,56.9987,87.120
22.314000,56.9580,87.184
22.315000,56.9173,87.247
22.316000,56.8767,87.311
22.317000,56.8360,87.374
22.318000,56.7953,87.438
22.319000,56.7547,87.501
22.320000,56.7140,87.565
22.321000,56.6733,87.628
22.322000,56.6327,87.692
22.323000,56.5920,87.755
22.324000,56.5513,87.819
22.325000,56.5107,87.882
22.326000,56.4700,87.946
22.327000,56.4293,88.009
22.328000,56.3887,88.073
22.329000,56.3477,88.137
22.330000,56.3067,88.201
22.331000,56.2657,88.265
22.332000,56.2247,88.329
22.333000,56.1838,88.394
22.334000,56.1428,88.458
22.335000,56.1018,88.522
22.336000,56.0608,88.586
22.337000,56.0198,88.651
22.338000,55.9788,88.715
22.339000,55.9378,88.779
22.340000,55.8968,88.843
22.341000,55.8558,88.908
22.342000,55.8148,88.972
22.343000,55.7738,89.036
22.344000,55.7327,89.100
22.345000,55.6914,89.165
22.346000,55.6501,89.230
22.347000,55.6087,89.295
22.348000,55.5674,89.360
22.349000,55.5260,89.425
22.350000,55.4847,89.490
22.351000,55.4434,89.555
22.352000,55.4020,89.620
22.353000,55.3607,89.685
22.354000,55.3194,89.750
22.355000,55.2780,89.815
22.356000,55.2367,89.880
22.357000,55.1954,89.945
22.358000,55.1540,90.010
22.359000,55.1127,90.075
22.360000,55.0711,90.140
22.361000,55.0294,90.206
22.362000,54.9877,90.272
22.363000,54.9460,90.337
22.364000,54.9044,90.403
22.365000,54.8627,90.469
22.366000,54.8210,90.535
22.367000,54.7793,90.600
22.368000,54.7376,90.666
22.369000,54.6960,90.732
22.370000,54.6543,90.797
22.371000,54.6126,90.863
22.372000,54.5709,90.929
22.373000,54.5292,90.995
22.374000,54.4876,91.060
22.375000,54.4457,91.126
22.376000,54.4036,91.193
22.377000,54.3616,91.259
22.378000,54.3196,91.326
22.379000,54.2775,91.392
22.380000,54.2355,91.459
22.381000,54.1935,91.525
22.382000,54.1514,91.592
22.383000,54.1094,91.658
22.384000,54.0674,91.725
22.385000,54.0253,91.791
22.386000,53.9833,91.858
22.387000,53.9413,91.924
22.388000,53.8992,91.991
22.389000,53.8572,92.057
22.390000,53.8150,92.124
22.391000,53.7726,92.191
22.392000,53.7302,92.259
22.393000,53.6878,92.326
22.394000,53.6454,92.393
22.395000,53.6030,92.460
22.396000,53.5606,92.528
22.397000,53.5182,92.595
22.398000,53.4758,92.662
22.399000,53.4334,92.729
22.400000,53.3910,92.797
22.401000,53.3486,92.864
22.402000,53.3062,92.931
22.403000,53.2638,92.998
22.404000,53.2214,93.066
22.405000,53.1788,93.134
22.406000,53.1360,93.202
22.407000,53.0932,93.270
22.408000,53.0505,93.338
22.409000,53.0077,93.406
22.410000,52.9649,93.474
22.411000,52.9222,93.542
22.412000,52.8794,93.610
22.413000,52.8366,93.678
22.414000,52.7939,93.746
22.415000,52.7511,93.814
22.416000,52.7083,93.882
22.417000,52.6656,93.950
22.418000,52.6228,94.018
22.419000,52.5800,94.086
22.420000,52.5369,94.155
22.421000,52.4937,94.224
22.422000,52.4506,94.293
22.423000,52.4074,94.362
22.424000,52.3643,94.431
22.425000,52.3211,94.500
22.426000,52.2780,94.569
22.427000,52.2348,94.638
22.428000,52.1917,94.706
22.429000,52.1486,94.775
22.430000,52.1054,94.844
22.431000,52.0623,94.913
22.432000,52.0191,94.982
22.433000,51.9760,95.051
22.434000,51.9326,95.120
22.435000,51.8891,95.190
22.436000,51.8456,95.260
22.437000,51.8020,95.329
22.438000,51.7585,95.399
22.439000,51.7150,95.469
22.440000,51.6714,95.538
22.441000,51.6279,95.608
22.442000,51.5843,95.678
22.443000,51.5408,95.748
22.444000,51.4973,95.817
22.445000,51.4537,95.887
22.446000,51.4102,95.957
22.447000,51.3667,96.026
22.448000,51.3231,96.096
22.449000,51.2792,96.167
22.450000,51.2352,96.237
22.451000,51.1913,96.308
22.452000,51.1473,96.378
22.453000,51.1034,96.449
22.454000,51.0595,96.520
22.455000,51.0155,96.590
22.456000,50.9716,96.661
22.457000,50.9277,96.731
22.458000,50.8837,96.802
22.459000,50.8398,96.872
22.460000,50.7959,96.943
22.461000,50.7519,97.014
22.462000,50.7080,97.084
22.463000,50.6637,97.156
22.464000,50.6193,97.227
22.465000,50.5750,97.298
22.466000,50.5306,97.370
22.467000,50.4863,97.441
22.468000,50.4420,97.513
22.469000,50.3976,97.584
22.470000,50.3533,97.656
22.471000,50.3089,97.727
22.472000,50.2646,97.799
22.473000,50.2202,97.870
22.474000,50.1759,97.941
22.475000,50.1316,98.013
22.476000,50.0872,98.084
22.477000,50.0425,98.157
22.478000,49.9977,98.229
22.479000,49.9530,98.301
22.480000,49.9082,98.374
22.481000,49.8634,98.446
22.482000,49.8187,98.518
22.483000,49.7739,98.591
22.484000,49.7291,98.663
22.485000,49.6844,98.735
22.486000,49.6396,98.808
22.487000,49.5949,98.880
22.488000,49.5501,98.952
22.489000,49.5053,99.025
22.490000,49.4613,99.097
22.491000,49.4245,99.170
22.492000,49.3878,99.243
22.493000,49.3510,99.317
22.494000,49.3142,99.390
22.495000,49.2774,99.463
22.496000,49.2406,99.536
22.497000,49.2038,99.609
22.498000,49.1670,99.683
22.499000,49.1303,99.756
22.500000,49.0935,99.829
22.501000,49.0567,99.902
22.502000,49.0199,99.976
22.503000,48.9831,100.049
22.504000,48.9568,100.122
22.505000,48.9439,100.196
22.506000,48.9310,100.270
22.507000,48.9181,100.343
22.508000,48.9052,100.417
22.509000,48.8922,100.490
22.510000,48.8793,100.564
22.511000,48.8664,100.638
22.512000,48.8535,100.711
22.513000,48.8406,100.785
22.514000,48.8277,100.859
22.515000,48.8148,100.932
22.516000,48.8019,101.006
22.517000,48.7890,101.080
22.518000,48.7761,101.154
22.519000,48.7632,101.228
22.520000,48.7503,101.302
22.521000,48.7374,101.375
22.522000,48.7244,101.449
22.523000,48.7115,101.523
22.524000,48.6986,101.597
22.525000,48.6857,101.671
22.526000,48.6728,101.745
22.527000,48.6599,101.819
22.528000,48.6470,101.893
22.529000,48.6340,101.967
22.530000,48.6211,102.041
22.531000,48.6082,102.115
22.532000,48.5953,102.189
22.533000,48.5824,102.263
22.534000,48.5695,102.337
22.535000,48.5565,102.412
22.536000,48.5436,102.486
22.537000,48.5307,102.560
22.538000,48.5178,102.634
22.539000,48.5048,102.708
22.540000,48.4919,102.782
22.541000,48.4790,102.857
22.542000,48.4661,102.931
22.543000,48.4532,103.005
22.544000,48.4402,103.079
22.545000,48.4273,103.154
22.546000,48.4144,103.228
22.547000,48.4014,103.303
22.548000,48.3885,103.377
22.549000,48.3756,103.451
22.550000,48.3627,103.526
22.551000,48.3497,103.600
22.552000,48.3368,103.675
22.553000,48.3239,103.749
22.554000,48.3109,103.824
22.555000,48.2980,103.898
22.556000,48.2851,103.973
22.557000,48.2721,104.047
22.558000,48.2592,104.122
22.559000,48.2463,104.196
22.560000,48.2333,104.271
22.561000,48.2204,104.346
22.562000,48.2074,104.421
22.563000,48.1945,104.495
22.564000,48.1816,104.570
22.565000,48.1686,104.645
22.566000,48.1557,104.719
22.567000,48.1427,104.794
22.568000,48.1298,104.869
22.569000,48.1169,104.944
22.570000,48.1039,105.018
22.571000,48.0910,105.093
22.572000,48.0780,105.168
22.573000,48.0651,105.243
22.574000,48.0521,105.318
22.575000,48.0392,105.393
22.576000,48.0262,105.468
22.577000,48.0133,105.543
22.578000,48.0003,105.618
22.579000,47.9874,105.693
22.580000,47.9744,105.768
22.581000,47.9615,105.843
22.582000,47.9485,105.918
22.583000,47.9356,105.993
22.584000,47.9226,106.068
22.585000,47.9097,106.143
22.586000,47.8967,106.218
22.587000,47.8838,106.294
22.588000,47.8708,106.369
22.589000,47.8579,106.444
22.590000,47.8449,106.520
22.591000,47.8319,106.595
22.592000,47.8190,106.670
22.593000,47.8060,106.745
22.594000,47.7931,106.821
22.595000,47.7801,106.896
22.596000,47.7672,106.971
22.597000,47.7542,107.046
22.598000,47.7412,107.122
22.599000,47.7283,107.197
22.600000,47.7153,107.273
22.601000,47.7023,107.348
22.602000,47.6894,107.424
22.603000,47.6764,107.499
22.604000,47.6634,107.575
22.605000,47.6505,107.650
22.606000,47.6375,107.726
22.607000,47.6245,107.802
22.608000,47.6116,107.877
22.609000,47.5986,107.953
22.610000,47.5856,108.028
22.611000,47.5727,108.104
22.612000,47.5597,108.180
22.613000,47.5467,108.255
22.614000,47.5337,108.331
22.615000,47.5207,108.407
22.616000,47.5078,108.483
22.617000,47.4948,108.559
22.618000,47.4818,108.634
22.619000,47.4688,108.710
22.620000,47.4559,108.786
22.621000,47.4429,108.862
22.622000,47.4299,108.938
22.623000,47.4169,109.013
22.624000,47.4040,109.089
22.625000,47.3910,109.165
22.626000,47.3780,109.241
22.627000,47.3650,109.317
22.628000,47.3520,109.394
22.629000,47.3390,109.470
22.630000,47.3260,109.546
22.631000,47.3131,109.622
22.632000,47.3001,109.698
22.633000,47.2871,109.774
22.634000,47.2741,109.850
22.635000,47.2611,109.926
22.636000,47.2481,110.002
22.637000,47.2351,110.078
22.638000,47.2221,110.155
22.639000,47.2091,110.231
22.640000,47.1961,110.307
22.641000,47.1831,110.384
22.642000,47.1702,110.460
22.643000,47.1572,110.536
22.644000,47.1442,110.613
22.645000,47.1312,110.689
22.646000,47.1182,110.765
22.647000,47.1052,110.842
22.648000,47.0922,110.918
22.649000,47.0792,110.995
22.650000,47.0662,111.071
22.651000,47.0532,111.147
22.652000,47.0402,111.224
22.653000,47.0272,111.301
22.654000,47.0142,111.377
22.655000,47.0012,111.454
22.656000,46.9881,111.531
22.657000,46.9751,111.607
22.658000,46.9621,111.684
22.659000,46.9491,111.761
22.660000,46.9361,111.837
22.661000,46.9231,111.914
22.662000,46.9101,111.990
22.663000,46.8971,112.067
22.664000,46.8841,112.144
22.665000,46.8711,112.221
22.666000,46.8581,112.298
22.667000,46.8450,112.375
22.668000,46.8320,112.452
22.669000,46.8190,112.528
22.670000,46.8060,112.605
22.671000,46.7930,112.682
22.672000,46.7800,112.759
22.673000,46.7669,112.836
22.674000,46.7539,112.913
22.675000,46.7409,112.990
22.676000,46.7279,113.067
22.677000,46.7149,113.144
22.678000,46.7018,113.221
22.679000,46.6888,113.298
22.680000,46.6758,113.375
22.681000,46.6628,113.453
22.682000,46.6497,113.530
22.683000,46.6367,113.607
22.684000,46.6237,113.684
22.685000,46.6107,113.761
22.686000,46.5976,113.839
22.687000,46.5846,113.916
22.688000,46.5716,113.993
22.689000,46.5586,114.070
22.690000,46.5435,114.148
22.691000,46.5278,114.225
22.692000,46.5121,114.303
22.693000,46.4964,114.380
22.694000,46.4807,114.457
22.695000,46.4650,114.535
22.696000,46.4493,114.612
22.697000,46.4336,114.690
22.698000,46.4179,114.767
22.699000,46.4022,114.845
22.700000,46.3865,114.922
22.701000,46.3708,115.000
22.702000,46.3551,115.077
22.703000,46.3276,115.155
22.704000,46.2977,115.233
22.705000,46.2679,115.311
22.706000,46.2380,115.389
22.707000,46.2082,115.467
22.708000,46.1784,115.545
22.709000,46.1485,115.623
22.710000,46.1187,115.701
22.711000,46.0888,115.779
22.712000,46.0590,115.857
22.713000,46.0292,115.935
22.714000,45.9993,116.013
22.715000,45.9695,116.091
22.716000,45.9395,116.170
22.717000,45.9095,116.248
22.718000,45.8794,116.327
22.719000,45.8494,116.406
22.720000,45.8194,116.484
22.721000,45.7894,116.563
22.722000,45.7594,116.642
22.723000,45.7294,116.720
22.724000,45.6994,116.799
22.725000,45.6694,116.877
22.726000,45.6394,116.956
22.727000,45.6094,117.035
22.728000,45.5793,117.114
22.729000,45.5492,117.193
22.730000,45.5190,117.272
22.731000,45.4888,117.352
22.732000,45.4586,117.431
22.733000,45.4285,117.510
22.734000,45.3983,117.589
22.735000,45.3681,117.669
22.736000,45.3380,117.748
22.737000,45.3078,117.827
22.738000,45.2776,117.907
22.739000,45.2474,117.986
22.740000,45.2173,118.065
22.741000,45.1870,118.145
22.742000,45.1566,118.225
22.743000,45.1263,118.305
22.744000,45.0959,118.385
22.745000,45.0656,118.465
22.746000,45.0352,118.545
22.747000,45.0049,118.625
22.748000,44.9746,118.705
22.749000,44.9442,118.785
22.750000,44.9139,118.865
22.751000,44.8835,118.945
22.752000,44.8532,119.025
22.753000,44.8228,119.105
22.754000,44.7923,119.185
22.755000,44.7618,119.266
22.756000,44.7312,119.347
22.757000,44.7007,119.427
22.758000,44.6702,119.508
22.759000,44.6397,119.589
22.760000,44.6092,119.669
22.761000,44.5787,119.750
22.762000,44.5481,119.831
22.763000,44.5176,119.911
22.764000,44.4871,119.992
22.765000,44.4566,120.073
22.766000,44.4259,120.154
22.767000,44.3952,120.235
22.768000,44.3645,120.316
22.769000,44.3339,120.398
22.770000,44.3032,120.479
22.771000,44.2725,120.560
22.772000,44.2418,120.642
22.773000,44.2111,120.723
22.774000,44.1804,120.804
22.775000,44.1497,120.886
22.776000,44.1190,120.967
22.777000,44.0883,121.049
22.778000,44.0575,121.130
22.779000,44.0266,121.212
22.780000,43.9958,121.294
22.781000,43.9649,121.376
22.782000,43.9340,121.458
22.783000,43.9031,121.540
22.784000,43.8723,121.622
22.785000,43.8414,121.704
22.786000,43.8105,121.786
22.787000,43.7797,121.869
22.788000,43.7488,121.951
22.789000,43.7179,122.033
22.790000,43.6870,122.115
22.791000,43.6559,122.198
22.792000,43.6249,122.280
22.793000,43.5938,122.363
22.794000,43.5628,122.446
22.795000,43.5317,122.529
22.796000,43.5006,122.611
22.797000,43.4696,122.694
22.798000,43.4385,122.777
22.799000,43.4075,122.860
22.800000,43.3764,122.942
22.801000,43.3454,123.025
22.802000,43.3143,123.108
22.803000,43.2830,123.191
22.804000,43.2518,123.275
22.805000,43.2205,123.358
22.806000,43.1893,123.442
22.807000,43.1580,123.525
22.808000,43.1268,123.609
22.809000,43.0956,123.692
22.810000,43.0643,123.776
22.811000,43.0331,123.859
22.812000,43.0018,123.943
22.813000,42.9706,124.026
22.814000,42.9393,124.110
22.815000,42.9079,124.194
22.816000,42.8764,124.278
22.817000,42.8450,124.362
22.818000,42.8136,124.446
22.819000,42.7822,124.531
22.820000,42.7507,124.615
22.821000,42.7193,124.699
22.822000,42.6879,124.783
22.823000,42.6564,124.867
22.824000,42.6250,124.952
22.825000,42.5936,125.036
22.826000,42.5621,125.120
22.827000,42.5304,125.205
22.828000,42.4988,125.290
22.829000,42.4672,125.375
22.830000,42.4356,125.460
22.831000,42.4039,125.545
22.832000,42.3723,125.630
22.833000,42.3407,125.715
22.834000,42.3091,125.800
22.835000,42.2774,125.885
22.836000,42.2458,125.970
22.837000,42.2142,126.055
22.838000,42.1825,126.140
22.839000,42.1506,126.226
22.840000,42.1188,126.311
22.841000,42.0870,126.397
22.842000,42.0552,126.483
22.843000,42.0234,126.568
22.844000,41.9915,126.654
22.845000,41.9597,126.740
22.846000,41.9279,126.825
22.847000,41.8961,126.911
22.848000,41.8643,126.997
22.849000,41.8324,127.083
22.850000,41.8004,127.169
22.851000,41.7684,127.255
22.852000,41.7364,127.342
22.853000,41.7044,127.428
22.854000,41.6724,127.515
22.855000,41.6403,127.601
22.856000,41.6083,127.688
22.857000,41.5763,127.774
22.858000,41.5443,127.861
22.859000,41.5123,127.947
22.860000,41.4803,128.033
22.861000,41.4482,128.120
22.862000,41.4159,128.207
22.863000,41.3837,128.295
22.864000,41.3515,128.382
22.865000,41.3193,128.469
22.866000,41.2871,128.556
22.867000,41.2548,128.643
22.868000,41.2226,128.731
22.869000,41.1904,128.818
22.870000,41.1582,128.905
22.871000,41.1259,128.992
22.872000,41.0937,129.080
22.873000,41.0613,129.168
22.874000,41.0289,129.256
22.875000,40.9965,129.344
22.876000,40.9640,129.432
22.877000,40.9316,129.520
22.878000,40.8992,129.608
22.879000,40.8667,129.696
22.880000,40.8343,129.784
22.881000,40.8019,129.872
22.882000,40.7695,129.960
22.883000,40.7370,130.048
22.884000,40.7045,130.136
22.885000,40.6719,130.225
22.886000,40.6392,130.314
22.887000,40.6066,130.402
22.888000,40.5739,130.491
22.889000,40.5413,130.580
22.890000,40.5087,130.669
22.891000,40.4760,130.758
22.892000,40.4434,130.847
22.893000,40.4107,130.935
22.894000,40.3781,131.024
22.895000,40.3454,131.113
22.896000,40.3126,131.203
22.897000,40.2797,131.292
22.898000,40.2468,131.382
22.899000,40.2140,131.472
22.900000,40.1811,131.561
22.901000,40.1483,131.651
22.902000,40.1154,131.741
22.903000,40.0826,131.830
22.904000,40.0497,131.920
22.905000,40.0169,132.009
22.906000,39.9840,132.099
22.907000,39.9509,132.190
22.908000,39.9179,132.280
22.909000,39.8848,132.370
22.910000,39.8517,132.461
22.911000,39.8186,132.551
22.912000,39.7856,132.642
22.913000,39.7525,132.732
22.914000,39.7194,132.823
22.915000,39.6864,132.913
22.916000,39.6533,133.004
22.917000,39.6202,133.094
22.918000,39.5869,133.185
22.919000,39.5536,133.277
22.920000,39.5203,133.368
22.921000,39.4870,133.459
22.922000,39.4537,133.550
22.923000,39.4204,133.642
22.924000,39.3872,133.733
22.925000,39.3539,133.824
22.926000,39.3206,133.916
22.927000,39.2873,134.007
22.928000,39.2540,134.098
22.929000,39.2204,134.190
22.930000,39.1869,134.283
22.931000,39.1534,134.375
22.932000,39.1199,134.467
22.933000,39.0864,134.559
22.934000,39.0528,134.651
22.935000,39.0193,134.743
22.936000,38.9858,134.835
22.937000,38.9523,134.927
22.938000,38.9188,135.020
22.939000,38.8852,135.112
22.940000,38.8514,135.205
22.941000,38.8177,135.298
22.942000,38.7839,135.391
22.943000,38.7502,135.484
22.944000,38.7164,135.577
22.945000,38.6827,135.670
22.946000,38.6489,135.763
22.947000,38.6152,135.856
22.948000,38.5814,135.949
22.949000,38.5477,136.042
22.950000,38.5138,136.135
22.951000,38.4798,136.229
22.952000,38.4459,136.323
22.953000,38.4119,136.417
22.954000,38.3779,136.511
22.955000,38.3439,136.605
22.956000,38.3099,136.699
22.957000,38.2759,136.793
22.958000,38.2419,136.886
22.959000,38.2080,136.980
22.960000,38.1740,137.074
22.961000,38.1398,137.169
22.962000,38.1056,137.264
22.963000,38.0713,137.358
22.964000,38.0371,137.453
22.965000,38.0029,137.548
22.966000,37.9687,137.643
22.967000,37.9345,137.737
22.968000,37.9002,137.832
22.969000,37.8660,137.927
22.970000,37.8318,138.022
22.971000,37.7975,138.117
22.972000,37.7630,138.212
22.973000,37.7286,138.308
22.974000,37.6941,138.404
22.975000,37.6596,138.499
22.976000,37.6252,138.595
22.977000,37.5907,138.691
22.978000,37.5562,138.787
22.979000,37.5217,138.882
22.980000,37.4873,138.978
22.981000,37.4528,139.074
22.982000,37.4181,139.170
22.983000,37.3834,139.267
22.984000,37.3487,139.363
22.985000,37.3140,139.460
22.986000,37.2793,139.556
22.987000,37.2446,139.653
22.988000,37.2098,139.750
22.989000,37.1751,139.846
22.990000,37.1404,139.943
22.991000,37.1057,140.039
22.992000,37.0709,140.136
22.993000,37.0359,140.234
22.994000,37.0009,140.332
22.995000,36.9660,140.429
22.996000,36.9310,140.527
22.997000,36.8960,140.624
22.998000,36.8610,140.722
22.999000,36.8261,140.819
23.000000,36.7911,140.917
23.001000,36.7561,141.014
23.002000,36.7211,141.112
23.003000,36.6859,141.211
23.004000,36.6507,141.309
23.005000,36.6154,141.408
23.006000,36.5802,141.506
23.007000,36.5450,141.605
23.008000,36.5097,141.703
23.009000,36.4745,141.802
23.010000,36.4393,141.900
23.011000,36.4041,141.999
23.012000,36.3688,142.097
23.013000,36.3333,142.197
23.014000,36.2978,142.296
23.015000,36.2623,142.396
23.016000,36.2269,142.495
23.017000,36.1914,142.595
23.018000,36.1559,142.694
23.019000,36.1204,142.794
23.020000,36.0849,142.893
23.021000,36.0494,142.992
23.022000,36.0139,143.092
23.023000,35.9782,143.192
23.024000,35.9424,143.293
23.025000,35.9066,143.393
23.026000,35.8709,143.494
23.027000,35.8351,143.594
23.028000,35.7994,143.695
23.029000,35.7636,143.795
23.030000,35.7278,143.896
23.031000,35.6921,143.996
23.032000,35.6563,144.097
23.033000,35.6203,144.198
23.034000,35.5842,144.300
23.035000,35.5482,144.401
23.036000,35.5122,144.502
23.037000,35.4761,144.604
23.038000,35.4401,144.705
23.039000,35.4041,144.807
23.040000,35.3681,144.908
23.041000,35.3320,145.010
23.042000,35.2959,145.112
23.043000,35.2596,145.214
23.044000,35.2233,145.317
23.045000,35.1870,145.419
23.046000,35.1507,145.521
23.047000,35.1144,145.624
23.048000,35.0781,145.726
23.049000,35.0418,145.829
23.050000,35.0054,145.931
23.051000,34.9691,146.034
23.052000,34.9327,146.137
23.053000,34.8961,146.240
23.054000,34.8595,146.344
23.055000,34.8229,146.448
23.056000,34.7863,146.551
23.057000,34.7497,146.655
23.058000,34.7131,146.758
23.059000,34.6765,146.862
23.060000,34.6399,146.965
23.061000,34.6033,147.069
23.062000,34.5665,147.173
23.063000,34.5296,147.278
23.064000,34.4927,147.382
23.065000,34.4558,147.487
23.066000,34.4190,147.592
23.067000,34.3821,147.696
23.068000,34.3452,147.801
23.069000,34.3083,147.905
23.070000,34.2714,148.010
23.071000,34.2345,148.115
23.072000,34.1973,148.220
23.073000,34.1601,148.326
23.074000,34.1229,148.432
23.075000,34.0857,148.537
23.076000,34.0486,148.643
23.077000,34.0114,148.749
23.078000,33.9742,148.854
23.079000,33.9370,148.960
23.080000,33.8998,149.066
23.081000,33.8624,149.172
23.082000,33.8249,149.279
23.083000,33.7874,149.386
23.084000,33.7500,149.493
23.085000,33.7125,149.600
23.086000,33.6750,149.706
23.087000,33.6375,149.813
23.088000,33.6000,149.920
23.089000,33.5625,150.027
23.090000,33.5249,150.134
23.091000,33.4871,150.242
23.092000,33.4493,150.350
23.093000,33.4115,150.458
23.094000,33.3738,150.565
23.095000,33.3360,150.673
23.096000,33.2982,150.781
23.097000,33.2604,150.889
23.098000,33.2226,150.997
23.099000,33.1833,151.105
23.100000,33.1348,151.214
23.101000,33.0862,151.324
23.102000,33.0377,151.433
23.103000,32.9892,151.542
23.104000,32.9406,151.651
23.105000,32.8921,151.760
23.106000,32.8436,151.869
23.107000,32.7950,151.979
23.108000,32.7465,152.088
23.109000,32.6958,152.199
23.110000,32.6452,152.309
23.111000,32.5945,152.420
23.112000,32.5438,152.531
23.113000,32.4931,152.641
23.114000,32.4424,152.752
23.115000,32.3918,152.863
23.116000,32.3411,152.974
23.117000,32.2904,153.084
23.118000,32.2391,153.197
23.119000,32.1879,153.309
23.120000,32.1366,153.421
23.121000,32.0853,153.533
23.122000,32.0340,153.646
23.123000,31.9827,153.758
23.124000,31.9314,153.870
23.125000,31.8801,153.983
23.126000,31.8288,154.095
23.127000,31.7769,154.209
23.128000,31.7250,154.323
23.129000,31.6731,154.437
23.130000,31.6211,154.551
23.131000,31.5692,154.665
23.132000,31.5173,154.778
23.133000,31.4654,154.892
23.134000,31.4135,155.006
23.135000,31.3614,155.121
23.136000,31.3088,155.236
23.137000,31.2563,155.352
23.138000,31.2037,155.467
23.139000,31.1511,155.583
23.140000,31.0986,155.699
23.141000,31.0460,155.814
23.142000,30.9935,155.930
23.143000,30.9409,156.045
23.144000,30.8879,156.162
23.145000,30.8347,156.279
23.146000,30.7815,156.397
23.147000,30.7283,156.514
23.148000,30.6750,156.631
23.149000,30.6218,156.749
23.150000,30.5686,156.866
23.151000,30.5154,156.983
23.152000,30.4621,157.101
23.153000,30.4082,157.220
23.154000,30.3543,157.339
23.155000,30.3003,157.458
23.156000,30.2464,157.577
23.157000,30.1925,157.696
23.158000,30.1386,157.815
23.159000,30.0847,157.934
23.160000,30.0308,158.053
23.161000,29.9764,158.173
23.162000,29.9218,158.294
23.163000,29.8672,158.415
23.164000,29.8126,158.536
23.165000,29.7580,158.657
23.166000,29.7033,158.778
23.167000,29.6487,158.898
23.168000,29.5941,159.019
23.169000,29.5392,159.141
23.170000,29.4839,159.264
23.171000,29.4285,159.386
23.172000,29.3732,159.509
23.173000,29.3179,159.632
23.174000,29.2625,159.755
23.175000,29.2072,159.877
23.176000,29.1519,160.000
23.177000,29.0963,160.123
23.178000,29.0402,160.248
23.179000,28.9841,160.373
23.180000,28.9281,160.497
23.181000,28.8720,160.622
23.182000,28.8159,160.746
23.183000,28.7598,160.871
23.184000,28.7037,160.996
23.185000,28.6475,161.121
23.186000,28.5906,161.247
23.187000,28.5337,161.374
23.188000,28.4769,161.501
23.189000,28.4200,161.627
23.190000,28.3632,161.754
23.191000,28.3063,161.880
23.192000,28.2495,162.007
23.193000,28.1925,162.134
23.194000,28.1351,162.262
23.195000,28.0777,162.390
23.196000,28.0202,162.518
23.197000,27.9625,162.647
23.198000,27.9048,162.776
23.199000,27.8469,162.905
23.200000,27.7890,163.034
23.201000,27.7309,163.164
23.202000,27.6727,163.294
23.203000,27.6145,163.424
23.204000,27.5561,163.555
23.205000,27.4976,163.686
23.206000,27.4390,163.817
23.207000,27.3803,163.948
23.208000,27.3214,164.080
23.209000,27.2625,164.212
23.210000,27.2035,164.344
23.211000,27.1443,164.476
23.212000,27.0850,164.609
23.213000,27.0256,164.742
23.214000,26.9661,164.876
23.215000,26.9065,165.009
23.216000,26.8468,165.143
23.217000,26.7869,165.277
23.218000,26.7269,165.412
23.219000,26.6669,165.547
23.220000,26.6066,165.682
23.221000,26.5463,165.817
23.222000,26.4859,165.953
23.223000,26.4253,166.089
23.224000,26.3646,166.226
23.225000,26.3038,166.362
23.226000,26.2428,166.499
23.227000,26.1817,166.637
23.228000,26.1205,166.774
23.229000,26.0592,166.912
23.230000,25.9978,167.051
23.231000,25.9362,167.189
23.232000,25.8745,167.328
23.233000,25.8126,167.468
23.234000,25.7506,167.607
23.235000,25.6885,167.747
23.236000,25.6263,167.888
23.237000,25.5639,168.028
23.238000,25.5014,168.169
23.239000,25.4387,168.311
23.240000,25.3760,168.452
23.241000,25.3130,168.594
23.242000,25.2500,168.737
23.243000,25.1868,168.880
23.244000,25.1234,169.023
23.245000,25.0599,169.166
23.246000,24.9963,169.310
23.247000,24.9325,169.454
23.248000,24.8686,169.599
23.249000,24.8045,169.744
23.250000,24.7403,169.889
23.251000,24.6759,170.035
23.252000,24.6114,170.181
23.253000,24.5467,170.328
23.254000,24.4819,170.474
23.255000,24.4169,170.622
23.256000,24.3517,170.769
23.257000,24.2864,170.917
23.258000,24.2210,171.066
23.259000,24.1554,171.215
23.260000,24.0896,171.364
23.261000,24.0237,171.514
23.262000,23.9576,171.664
23.263000,23.8810,171.814
23.264000,23.4330,171.967
23.265000,22.9770,172.122
23.266000,22.5114,172.280
23.267000,22.0363,172.442
23.268000,21.5513,172.607
23.269000,21.0545,172.776
23.270000,20.5462,172.949
23.271000,20.0253,173.127
23.272000,19.4908,173.309
23.273000,18.9408,173.497
23.274000,18.3747,173.690
23.275000,17.7908,173.889
23.276000,17.1874,174.095
23.277000,16.5624,174.309
23.278000,15.9123,174.531
23.279000,15.2349,174.762
23.280000,14.5271,175.004
23.281000,13.7819,175.259
23.282000,12.9953,175.528
23.283000,12.1582,175.814
23.284000,11.2587,176.122
23.285000,10.2807,176.457
23.286000,9.2009,176.827
23.287000,7.9754,177.247
23.288000,6.5247,177.745
23.289000,4.6413,178.391
23.290000,0.6744,179.754
